/*******************************************************************************
 * Size: 18 px
 * Bpp: 2
 * Opts: --bpp 2 --size 18 --no-compress --font /usr/share/fonts/truetype/dejavu/DejaVuSans.ttf --range 0x20-0x7e --symbols · --font /usr/share/fonts/truetype/droid/DroidSansFallbackFull.ttf --symbols 上下不与中二于享亮仪件传位余作佰保信充入共关准出击刃切到制前剩功动十单发取口可右同名后启周嘉器回固在地均型备复失字存定宝宽密屏左已幕平度建开当心快态恢息成扁手打扫投护择换捷接控描提摸操旋日旧显期未本机条来板极构查校格检正步比测消清源火点热版牙状现田电画的监看码确示离称程空类系线绑统维网置耗胎能自节蓝蚁蚂表被见规触言认设试语调败车转轮辋边达近返远连选速配里重量锂长间附除面音页预风马驱默彦阳搜星卫估算 --format lvgl --lv-font-name settings_zh_18 --lv-include lvgl.h --output components/esp_bms_lvgl_ui/settings_zh_18.c
 ******************************************************************************/

#ifdef LV_LVGL_H_INCLUDE_SIMPLE
#include "lvgl.h"
#else
#include "lvgl.h"
#endif

#ifndef SETTINGS_ZH_18
#define SETTINGS_ZH_18 1
#endif

#if SETTINGS_ZH_18

/*-----------------
 *    BITMAPS
 *----------------*/

/*Store the image of the glyphs*/
static LV_ATTRIBUTE_LARGE_CONST const uint8_t glyph_bitmap[] = {
    /* U+0020 " " */

    /* U+0021 "!" */
    0x79, 0xe7, 0x9e, 0x79, 0xd3, 0x4d, 0x34, 0x0,
    0x1e, 0x78,

    /* U+0022 "\"" */
    0x70, 0xe7, 0xe, 0x70, 0xe7, 0xe, 0x30, 0xd0,

    /* U+0023 "#" */
    0x0, 0x2c, 0x28, 0x0, 0xe, 0xe, 0x0, 0x3,
    0x43, 0x40, 0x1, 0xc1, 0xc0, 0x2f, 0xff, 0xff,
    0x81, 0x79, 0x79, 0x40, 0xd, 0xd, 0x0, 0x7,
    0x7, 0x0, 0xbf, 0xff, 0xfe, 0x5, 0xe5, 0xe5,
    0x0, 0x34, 0x30, 0x0, 0x1c, 0x1c, 0x0, 0xb,
    0xb, 0x0, 0x0,

    /* U+0024 "$" */
    0x0, 0xc0, 0x0, 0x30, 0x0, 0xc, 0x0, 0x2f,
    0xf8, 0x3d, 0xd6, 0x1c, 0x30, 0x7, 0x4c, 0x0,
    0xfb, 0x40, 0xb, 0xfe, 0x0, 0x36, 0xe0, 0xc,
    0x3c, 0x3, 0xf, 0xb5, 0xdb, 0x4b, 0xff, 0x40,
    0xc, 0x0, 0x3, 0x0, 0x0, 0x40, 0x0,

    /* U+0025 "%" */
    0x2f, 0x80, 0x7, 0x0, 0xb0, 0xe0, 0xd, 0x0,
    0xd0, 0x70, 0x2c, 0x0, 0xd0, 0x70, 0x70, 0x0,
    0xb0, 0xe0, 0xe0, 0x0, 0x2f, 0xc2, 0xc0, 0x0,
    0x0, 0x3, 0x47, 0xe0, 0x0, 0xe, 0x1d, 0x78,
    0x0, 0x1c, 0x38, 0x1c, 0x0, 0x34, 0x34, 0x1c,
    0x0, 0xa0, 0x38, 0x1c, 0x1, 0xc0, 0x1d, 0x38,
    0x3, 0x40, 0xb, 0xe0,

    /* U+0026 "&" */
    0x2, 0xfe, 0x0, 0x3, 0xe6, 0xc0, 0x1, 0xd0,
    0x0, 0x0, 0x74, 0x0, 0x0, 0xf, 0x0, 0x0,
    0x3, 0xf0, 0x0, 0x3, 0x8f, 0x0, 0xf2, 0xc0,
    0xf0, 0x38, 0xf0, 0xf, 0x1c, 0x3c, 0x0, 0xfe,
    0xb, 0x80, 0x1f, 0x40, 0xfd, 0x6f, 0xf0, 0x7,
    0xfd, 0xf, 0x0,

    /* U+0027 "'" */
    0x71, 0xc7, 0x1c, 0x30,

    /* U+0028 "(" */
    0x3, 0x42, 0xc0, 0xd0, 0xb0, 0x38, 0xe, 0x7,
    0x41, 0xd0, 0x74, 0x1d, 0x3, 0x80, 0xe0, 0x2c,
    0x3, 0x40, 0xb0, 0xd,

    /* U+0029 ")" */
    0x70, 0xe, 0x1, 0xc0, 0x38, 0xb, 0x1, 0xc0,
    0x74, 0x1d, 0x7, 0x41, 0xd0, 0x70, 0x2c, 0xe,
    0x7, 0x3, 0x81, 0xc0,

    /* U+002A "*" */
    0x0, 0xc0, 0x0, 0x30, 0x3, 0x8c, 0xb0, 0x1f,
    0xd0, 0x7, 0xf4, 0xf, 0x33, 0xc1, 0xc, 0x10,
    0x3, 0x0, 0x0, 0x0, 0x0,

    /* U+002B "+" */
    0x0, 0x0, 0x0, 0x0, 0x3, 0x40, 0x0, 0x0,
    0xd0, 0x0, 0x0, 0x34, 0x0, 0x0, 0xd, 0x0,
    0x0, 0x7, 0x40, 0x3, 0xff, 0xff, 0xf0, 0x55,
    0x79, 0x54, 0x0, 0xd, 0x0, 0x0, 0x3, 0x40,
    0x0, 0x0, 0xd0, 0x0, 0x0, 0x34, 0x0,

    /* U+002C "," */
    0x14, 0xf3, 0xcd, 0x70,

    /* U+002D "-" */
    0x0, 0x3, 0xfe, 0x15, 0x40,

    /* U+002E "." */
    0x0, 0xf3, 0xc0,

    /* U+002F "/" */
    0x0, 0xb0, 0x3, 0x80, 0xd, 0x0, 0xb0, 0x3,
    0x80, 0xd, 0x0, 0x70, 0x3, 0x80, 0xd, 0x0,
    0x70, 0x2, 0xc0, 0xd, 0x0, 0x70, 0x2, 0xc0,
    0x5, 0x0, 0x0,

    /* U+0030 "0" */
    0x7, 0xf8, 0x1, 0xf6, 0xf0, 0x3c, 0x7, 0x87,
    0x40, 0x3c, 0xb0, 0x2, 0xcf, 0x0, 0x2c, 0xf0,
    0x2, 0xcf, 0x0, 0x2c, 0xb0, 0x2, 0xc7, 0x40,
    0x3c, 0x3c, 0x7, 0x81, 0xf6, 0xf0, 0x7, 0xf8,
    0x0,

    /* U+0031 "1" */
    0x1b, 0xf0, 0xf, 0xbc, 0x0, 0xf, 0x0, 0x3,
    0xc0, 0x0, 0xf0, 0x0, 0x3c, 0x0, 0xf, 0x0,
    0x3, 0xc0, 0x0, 0xf0, 0x0, 0x3c, 0x0, 0xf,
    0x0, 0x57, 0xd5, 0x3f, 0xff, 0xc0,

    /* U+0032 "2" */
    0x1f, 0xf4, 0x2f, 0xaf, 0xc4, 0x0, 0xb4, 0x0,
    0x1e, 0x0, 0x7, 0x40, 0x3, 0xc0, 0x2, 0xd0,
    0x2, 0xd0, 0x2, 0xd0, 0x2, 0xd0, 0x2, 0xd0,
    0x2, 0xf5, 0x55, 0xbf, 0xff, 0x80,

    /* U+0033 "3" */
    0x2f, 0xf8, 0x3, 0xaa, 0xf0, 0x0, 0x7, 0x80,
    0x0, 0x38, 0x0, 0x1f, 0x40, 0x7f, 0xd0, 0x1,
    0x6d, 0x0, 0x0, 0x38, 0x0, 0x3, 0xc0, 0x0,
    0x3c, 0x0, 0x7, 0xcb, 0xab, 0xf0, 0x6f, 0xf8,
    0x0,

    /* U+0034 "4" */
    0x0, 0xf, 0x80, 0x0, 0xbe, 0x0, 0x3, 0x78,
    0x0, 0x38, 0xe0, 0x2, 0xc3, 0x80, 0xd, 0xe,
    0x0, 0xf0, 0x38, 0x7, 0x0, 0xe0, 0x38, 0x7,
    0x80, 0xff, 0xff, 0xd1, 0x55, 0x79, 0x0, 0x0,
    0xe0, 0x0, 0x3, 0x80,

    /* U+0035 "5" */
    0x3f, 0xff, 0xf, 0x55, 0x43, 0x80, 0x0, 0xe0,
    0x0, 0x3f, 0xf8, 0xe, 0x5b, 0xc0, 0x0, 0xb8,
    0x0, 0xf, 0x0, 0x3, 0xc0, 0x0, 0xf0, 0x0,
    0xb6, 0xea, 0xfc, 0x6f, 0xf4, 0x0,

    /* U+0036 "6" */
    0x2, 0xfe, 0x40, 0xfa, 0xa4, 0x3c, 0x0, 0x3,
    0x40, 0x0, 0xb6, 0xfd, 0xb, 0xf5, 0xf4, 0xbc,
    0x3, 0xcb, 0x40, 0x2c, 0xb4, 0x2, 0xd7, 0x40,
    0x2c, 0x3c, 0x3, 0xc1, 0xf6, 0xf4, 0x7, 0xf9,
    0x0,

    /* U+0037 "7" */
    0xbf, 0xff, 0xc5, 0x56, 0xe0, 0x0, 0xb0, 0x0,
    0x3c, 0x0, 0x1d, 0x0, 0xf, 0x0, 0x3, 0x80,
    0x2, 0xd0, 0x0, 0xf0, 0x0, 0x78, 0x0, 0x2c,
    0x0, 0xe, 0x0, 0xb, 0x40, 0x0,

    /* U+0038 "8" */
    0xb, 0xf9, 0x3, 0xe5, 0xf4, 0x74, 0x3, 0xc7,
    0x40, 0x3c, 0x3d, 0xb, 0x41, 0xff, 0xc0, 0x1a,
    0x5f, 0x43, 0x40, 0x3c, 0xb0, 0x2, 0xcf, 0x0,
    0x2c, 0xb4, 0x3, 0xc3, 0xe6, 0xf4, 0xb, 0xfd,
    0x0,

    /* U+0039 "9" */
    0xb, 0xf8, 0x3, 0xe6, 0xf0, 0xb4, 0x7, 0x4f,
    0x0, 0x3c, 0xf0, 0x3, 0xcb, 0x0, 0x3c, 0x3d,
    0x1f, 0xc1, 0xff, 0xac, 0x0, 0x43, 0xc0, 0x0,
    0x38, 0x0, 0xf, 0x3, 0xab, 0xd0, 0x2f, 0xe4,
    0x0,

    /* U+003A ":" */
    0xf, 0xf0, 0x0, 0x0, 0xff,

    /* U+003B ";" */
    0x0, 0xf3, 0xc0, 0x0, 0x0, 0x5, 0x3c, 0xf3,
    0x5c,

    /* U+003C "<" */
    0x0, 0x0, 0x0, 0x0, 0x0, 0x7, 0xc0, 0x0,
    0x6f, 0xd0, 0x6, 0xfe, 0x0, 0x2f, 0xe0, 0x0,
    0xf, 0x80, 0x0, 0x1, 0xbf, 0x40, 0x0, 0x1,
    0xfe, 0x40, 0x0, 0x2, 0xfe, 0x0, 0x0, 0x2,
    0xc0, 0x0, 0x0, 0x0,

    /* U+003D "=" */
    0x0, 0x0, 0x0, 0xf, 0xff, 0xff, 0xc1, 0x55,
    0x55, 0x50, 0x0, 0x0, 0x0, 0x0, 0x0, 0x0,
    0xf, 0xff, 0xff, 0xc1, 0x55, 0x55, 0x50,

    /* U+003E ">" */
    0x0, 0x0, 0x0, 0xf, 0x40, 0x0, 0x1, 0xfe,
    0x40, 0x0, 0x1, 0xfe, 0x40, 0x0, 0x2, 0xfe,
    0x0, 0x0, 0xb, 0xc0, 0x0, 0x6f, 0x90, 0x6,
    0xfd, 0x0, 0x2f, 0xe0, 0x0, 0xe, 0x40, 0x0,
    0x0, 0x0, 0x0, 0x0,

    /* U+003F "?" */
    0x2f, 0xe0, 0xb9, 0xbc, 0x40, 0x2c, 0x0, 0x2c,
    0x0, 0x3c, 0x0, 0xf0, 0x3, 0xc0, 0x7, 0x40,
    0xb, 0x0, 0x6, 0x0, 0x0, 0x0, 0xb, 0x0,
    0xb, 0x0,

    /* U+0040 "@" */
    0x0, 0x0, 0x0, 0x0, 0x0, 0x2f, 0xf9, 0x0,
    0x2, 0xe5, 0x1b, 0xc0, 0xb, 0x40, 0x0, 0xb0,
    0x2c, 0x0, 0x0, 0x2c, 0x34, 0x1f, 0xeb, 0xd,
    0x70, 0x3d, 0x6f, 0xa, 0xa0, 0xb0, 0xf, 0xa,
    0xd0, 0xa0, 0xb, 0xa, 0xa0, 0xb0, 0xf, 0xd,
    0xa0, 0x38, 0x2f, 0x78, 0x30, 0x1f, 0xeb, 0xe0,
    0x2c, 0x0, 0x0, 0x0, 0xe, 0x0, 0x0, 0x40,
    0x3, 0xe0, 0xb, 0xc0, 0x0, 0x7f, 0xfd, 0x0,
    0x0, 0x0, 0x0, 0x0,

    /* U+0041 "A" */
    0x0, 0x3d, 0x0, 0x0, 0x1f, 0x80, 0x0, 0xe,
    0x70, 0x0, 0x3, 0x4e, 0x0, 0x2, 0xc2, 0xc0,
    0x0, 0xe0, 0x74, 0x0, 0x74, 0xe, 0x0, 0x2c,
    0x2, 0xc0, 0xf, 0xff, 0xf4, 0xb, 0x55, 0x5f,
    0x3, 0xc0, 0x1, 0xc1, 0xd0, 0x0, 0x38, 0xb0,
    0x0, 0xf, 0x0,

    /* U+0042 "B" */
    0x3f, 0xfe, 0x0, 0xe5, 0x6f, 0x3, 0x80, 0x1d,
    0xe, 0x0, 0x74, 0x38, 0x7, 0xc0, 0xff, 0xfc,
    0x3, 0x95, 0x7c, 0xe, 0x0, 0x38, 0x38, 0x0,
    0xf0, 0xe0, 0x3, 0xc3, 0x80, 0xf, 0xf, 0x56,
    0xf4, 0x3f, 0xfe, 0x0,

    /* U+0043 "C" */
    0x1, 0xff, 0x90, 0x3f, 0x9b, 0xe3, 0xd0, 0x0,
    0x5e, 0x0, 0x0, 0xb0, 0x0, 0x3, 0xc0, 0x0,
    0xf, 0x0, 0x0, 0x3c, 0x0, 0x0, 0xb0, 0x0,
    0x1, 0xe0, 0x0, 0x3, 0xd0, 0x1, 0x43, 0xf9,
    0xbe, 0x1, 0xff, 0x90,

    /* U+0044 "D" */
    0x3f, 0xfe, 0x40, 0x39, 0x5b, 0xf0, 0x38, 0x0,
    0xbc, 0x38, 0x0, 0x2d, 0x38, 0x0, 0x1e, 0x38,
    0x0, 0xe, 0x38, 0x0, 0xf, 0x38, 0x0, 0xe,
    0x38, 0x0, 0x1e, 0x38, 0x0, 0x3d, 0x38, 0x0,
    0xbc, 0x3d, 0x5b, 0xf0, 0x3f, 0xfe, 0x40,

    /* U+0045 "E" */
    0x3f, 0xff, 0xc3, 0xd5, 0x54, 0x38, 0x0, 0x3,
    0x80, 0x0, 0x38, 0x0, 0x3, 0xff, 0xfc, 0x39,
    0x55, 0x43, 0x80, 0x0, 0x38, 0x0, 0x3, 0x80,
    0x0, 0x38, 0x0, 0x3, 0xd5, 0x54, 0x3f, 0xff,
    0xc0,

    /* U+0046 "F" */
    0x3f, 0xff, 0x4f, 0x55, 0x43, 0x80, 0x0, 0xe0,
    0x0, 0x38, 0x0, 0xf, 0xff, 0xc3, 0x95, 0x40,
    0xe0, 0x0, 0x38, 0x0, 0xe, 0x0, 0x3, 0x80,
    0x0, 0xe0, 0x0, 0x38, 0x0, 0x0,

    /* U+0047 "G" */
    0x1, 0xbf, 0xe0, 0xf, 0xe6, 0xbc, 0x3d, 0x0,
    0x8, 0x78, 0x0, 0x0, 0xb0, 0x0, 0x0, 0xf0,
    0x0, 0x0, 0xf0, 0x3, 0xfd, 0xf0, 0x1, 0x6d,
    0xb0, 0x0, 0x1d, 0x78, 0x0, 0x1d, 0x3d, 0x0,
    0x1d, 0xf, 0xe6, 0xbd, 0x1, 0xbf, 0xe0,

    /* U+0048 "H" */
    0x38, 0x0, 0x3c, 0xe0, 0x0, 0xf3, 0x80, 0x3,
    0xce, 0x0, 0xf, 0x38, 0x0, 0x3c, 0xff, 0xff,
    0xf3, 0x95, 0x57, 0xce, 0x0, 0xf, 0x38, 0x0,
    0x3c, 0xe0, 0x0, 0xf3, 0x80, 0x3, 0xce, 0x0,
    0xf, 0x38, 0x0, 0x3c,

    /* U+0049 "I" */
    0x38, 0xe3, 0x8e, 0x38, 0xe3, 0x8e, 0x38, 0xe3,
    0x8e, 0x38,

    /* U+004A "J" */
    0x3, 0x80, 0xe0, 0x38, 0xe, 0x3, 0x80, 0xe0,
    0x38, 0xe, 0x3, 0x80, 0xe0, 0x38, 0xe, 0x3,
    0x81, 0xd0, 0xb5, 0xbc, 0xf8, 0x0,

    /* U+004B "K" */
    0x38, 0x0, 0xf0, 0x38, 0x3, 0xc0, 0x38, 0x1f,
    0x0, 0x38, 0x7c, 0x0, 0x39, 0xf0, 0x0, 0x3f,
    0xc0, 0x0, 0x3f, 0x80, 0x0, 0x3a, 0xe0, 0x0,
    0x38, 0xb8, 0x0, 0x38, 0x2e, 0x0, 0x38, 0xb,
    0x80, 0x38, 0x2, 0xe0, 0x38, 0x0, 0xb8,

    /* U+004C "L" */
    0x38, 0x0, 0xe, 0x0, 0x3, 0x80, 0x0, 0xe0,
    0x0, 0x38, 0x0, 0xe, 0x0, 0x3, 0x80, 0x0,
    0xe0, 0x0, 0x38, 0x0, 0xe, 0x0, 0x3, 0x80,
    0x0, 0xf5, 0x55, 0x3f, 0xff, 0xc0,

    /* U+004D "M" */
    0x3e, 0x0, 0xf, 0xcf, 0xc0, 0x7, 0xf3, 0xb4,
    0x3, 0xbc, 0xde, 0x0, 0xdf, 0x35, 0xc0, 0xb3,
    0xcd, 0x34, 0x38, 0xf3, 0x4b, 0x1c, 0x3c, 0xd1,
    0xdb, 0xf, 0x34, 0x3b, 0x43, 0xcd, 0xb, 0xc0,
    0xf3, 0x40, 0x90, 0x3c, 0xd0, 0x0, 0xf, 0x34,
    0x0, 0x3, 0xc0,

    /* U+004E "N" */
    0x3d, 0x0, 0x38, 0xfc, 0x0, 0xe3, 0xf4, 0x3,
    0x8d, 0xf0, 0xe, 0x34, 0xe0, 0x38, 0xd2, 0xc0,
    0xe3, 0x43, 0x83, 0x8d, 0xb, 0xe, 0x34, 0xe,
    0x38, 0xd0, 0x2d, 0xe3, 0x40, 0x3f, 0x8d, 0x0,
    0x7e, 0x34, 0x0, 0xf8,

    /* U+004F "O" */
    0x1, 0xff, 0x80, 0x3, 0xe5, 0xbc, 0x3, 0xd0,
    0x3, 0xc1, 0xe0, 0x0, 0x78, 0xb0, 0x0, 0xf,
    0x3c, 0x0, 0x3, 0xcf, 0x0, 0x0, 0xb3, 0xc0,
    0x0, 0x3c, 0xb0, 0x0, 0xf, 0x1e, 0x0, 0x7,
    0x83, 0xd0, 0x3, 0xc0, 0x3e, 0x5b, 0xc0, 0x1,
    0xff, 0x80, 0x0,

    /* U+0050 "P" */
    0x3f, 0xfd, 0x3, 0x96, 0xf8, 0x38, 0x3, 0xc3,
    0x80, 0x2c, 0x38, 0x3, 0xc3, 0x80, 0xbc, 0x3f,
    0xff, 0x3, 0x95, 0x0, 0x38, 0x0, 0x3, 0x80,
    0x0, 0x38, 0x0, 0x3, 0x80, 0x0, 0x38, 0x0,
    0x0,

    /* U+0051 "Q" */
    0x1, 0xff, 0x80, 0x3, 0xe5, 0xbc, 0x3, 0xd0,
    0x3, 0xc1, 0xe0, 0x0, 0x78, 0xb0, 0x0, 0xf,
    0x3c, 0x0, 0x3, 0xcf, 0x0, 0x0, 0xb3, 0xc0,
    0x0, 0x3c, 0xb0, 0x0, 0xf, 0x1e, 0x0, 0x7,
    0x83, 0xd0, 0x3, 0xc0, 0x3e, 0x5b, 0xc0, 0x1,
    0xff, 0xc0, 0x0, 0x0, 0xb4, 0x0, 0x0, 0xb,
    0x40,

    /* U+0052 "R" */
    0x3f, 0xfd, 0x0, 0xe5, 0xbe, 0x3, 0x80, 0x3c,
    0xe, 0x0, 0xb0, 0x38, 0x3, 0xc0, 0xe0, 0x2f,
    0x3, 0xff, 0xe0, 0xe, 0x57, 0xc0, 0x38, 0x3,
    0x80, 0xe0, 0xb, 0x3, 0x80, 0xe, 0xe, 0x0,
    0x2c, 0x38, 0x0, 0x38,

    /* U+0053 "S" */
    0xb, 0xfe, 0x43, 0xe5, 0xb8, 0xb4, 0x0, 0xf,
    0x0, 0x0, 0xb4, 0x0, 0x3, 0xf9, 0x0, 0xb,
    0xff, 0x0, 0x1, 0xbc, 0x0, 0x2, 0xd0, 0x0,
    0x1d, 0x40, 0x3, 0xcf, 0x96, 0xf8, 0x2f, 0xfd,
    0x0,

    /* U+0054 "T" */
    0x3f, 0xff, 0xff, 0x5, 0x5b, 0x95, 0x40, 0x1,
    0xd0, 0x0, 0x0, 0x74, 0x0, 0x0, 0x1d, 0x0,
    0x0, 0x7, 0x40, 0x0, 0x1, 0xd0, 0x0, 0x0,
    0x74, 0x0, 0x0, 0x1d, 0x0, 0x0, 0x7, 0x40,
    0x0, 0x1, 0xd0, 0x0, 0x0, 0x74, 0x0, 0x0,
    0x1d, 0x0, 0x0,

    /* U+0055 "U" */
    0x74, 0x0, 0x39, 0xd0, 0x0, 0xe7, 0x40, 0x3,
    0x9d, 0x0, 0xe, 0x74, 0x0, 0x39, 0xd0, 0x0,
    0xe7, 0x40, 0x3, 0x9d, 0x0, 0xe, 0x74, 0x0,
    0x39, 0xe0, 0x1, 0xd3, 0xc0, 0xf, 0x7, 0xe6,
    0xf8, 0x2, 0xfe, 0x40,

    /* U+0056 "V" */
    0xb0, 0x0, 0xf, 0x1e, 0x0, 0x7, 0x83, 0xc0,
    0x2, 0xc0, 0xb4, 0x0, 0xf0, 0xe, 0x0, 0x74,
    0x2, 0xc0, 0x3c, 0x0, 0x74, 0xe, 0x0, 0xf,
    0xb, 0x40, 0x2, 0xc3, 0xc0, 0x0, 0x39, 0xe0,
    0x0, 0xf, 0xb0, 0x0, 0x1, 0xf8, 0x0, 0x0,
    0x3d, 0x0, 0x0,

    /* U+0057 "W" */
    0x78, 0x0, 0xf0, 0x2, 0xc3, 0xc0, 0x1f, 0x40,
    0x3c, 0x3c, 0x2, 0xb8, 0x3, 0x82, 0xd0, 0x36,
    0xc0, 0x74, 0x1e, 0x3, 0x1c, 0xb, 0x0, 0xf0,
    0x70, 0xd0, 0xf0, 0xf, 0xa, 0xe, 0xe, 0x0,
    0xb4, 0xd0, 0xb1, 0xd0, 0x7, 0x8c, 0x7, 0x2c,
    0x0, 0x3d, 0xc0, 0x37, 0xc0, 0x2, 0xf8, 0x3,
    0xf8, 0x0, 0x1f, 0x40, 0x2f, 0x40, 0x0, 0xf0,
    0x1, 0xf0, 0x0,

    /* U+0058 "X" */
    0x2d, 0x0, 0x3c, 0xf, 0x0, 0x74, 0x3, 0x80,
    0xf0, 0x2, 0xd3, 0xc0, 0x0, 0xfb, 0x40, 0x0,
    0x3f, 0x0, 0x0, 0x3d, 0x0, 0x0, 0xbf, 0x0,
    0x1, 0xd3, 0xc0, 0x3, 0xc1, 0xd0, 0xf, 0x0,
    0xf0, 0x1d, 0x0, 0x3c, 0x3c, 0x0, 0x1d,

    /* U+0059 "Y" */
    0x2c, 0x0, 0xe, 0x3, 0xc0, 0xf, 0x0, 0x78,
    0xb, 0x40, 0xb, 0x43, 0x80, 0x0, 0xf3, 0xc0,
    0x0, 0x1f, 0xd0, 0x0, 0x2, 0xe0, 0x0, 0x0,
    0x74, 0x0, 0x0, 0x1d, 0x0, 0x0, 0x7, 0x40,
    0x0, 0x1, 0xd0, 0x0, 0x0, 0x74, 0x0, 0x0,
    0x1d, 0x0, 0x0,

    /* U+005A "Z" */
    0x3f, 0xff, 0xfd, 0x15, 0x55, 0xbc, 0x0, 0x0,
    0xb4, 0x0, 0x2, 0xe0, 0x0, 0x7, 0x80, 0x0,
    0xf, 0x0, 0x0, 0x3c, 0x0, 0x0, 0xf4, 0x0,
    0x2, 0xd0, 0x0, 0x7, 0x80, 0x0, 0x1f, 0x0,
    0x0, 0x3e, 0x55, 0x54, 0x3f, 0xff, 0xfe,

    /* U+005B "[" */
    0x7f, 0x5d, 0x7, 0x1, 0xc0, 0x70, 0x1c, 0x7,
    0x1, 0xc0, 0x70, 0x1c, 0x7, 0x1, 0xc0, 0x70,
    0x1c, 0x7, 0x1, 0xfd, 0x0, 0x0,

    /* U+005C "\\" */
    0xe0, 0x2, 0xc0, 0x3, 0x40, 0xe, 0x0, 0x2c,
    0x0, 0x70, 0x0, 0xe0, 0x2, 0xc0, 0x7, 0x0,
    0xd, 0x0, 0x2c, 0x0, 0x70, 0x0, 0xd0, 0x2,
    0x80, 0x5, 0x0,

    /* U+005D "]" */
    0x7f, 0x41, 0xd0, 0x34, 0xd, 0x3, 0x40, 0xd0,
    0x34, 0xd, 0x3, 0x40, 0xd0, 0x34, 0xd, 0x3,
    0x40, 0xd0, 0x35, 0xfd, 0x0, 0x0,

    /* U+005E "^" */
    0x0, 0x3f, 0x0, 0x0, 0x2e, 0xf0, 0x0, 0x2d,
    0x1f, 0x0, 0x2d, 0x1, 0xe0, 0x2d, 0x0, 0xe,
    0x0,

    /* U+005F "_" */
    0x0, 0x0, 0x0, 0xff, 0xff, 0xc0, 0x0, 0x0,
    0x0,

    /* U+0060 "`" */
    0x20, 0xb, 0x0, 0xe0, 0xd,

    /* U+0061 "a" */
    0x2f, 0xf4, 0xe, 0x5b, 0x80, 0x0, 0xb0, 0x0,
    0x1d, 0x1f, 0xff, 0x5e, 0x41, 0xdf, 0x0, 0x77,
    0xc0, 0x3d, 0xb9, 0x7f, 0x4b, 0xf4, 0xd0,

    /* U+0062 "b" */
    0x74, 0x0, 0x7, 0x40, 0x0, 0x74, 0x0, 0x7,
    0x40, 0x0, 0x76, 0xfd, 0x7, 0xf5, 0xf4, 0x7c,
    0x3, 0xc7, 0x40, 0x1d, 0x74, 0x1, 0xd7, 0x40,
    0x1d, 0x74, 0x1, 0xd7, 0xc0, 0x3c, 0x7f, 0x5f,
    0x47, 0x6f, 0xd0,

    /* U+0063 "c" */
    0x7, 0xfd, 0x3e, 0x5a, 0x78, 0x0, 0xf0, 0x0,
    0xf0, 0x0, 0xf0, 0x0, 0xf0, 0x0, 0x78, 0x0,
    0x3e, 0x5a, 0x7, 0xfd,

    /* U+0064 "d" */
    0x0, 0x3, 0xc0, 0x0, 0xf0, 0x0, 0x3c, 0x0,
    0xf, 0xb, 0xe3, 0xcf, 0x9b, 0xfb, 0x40, 0xbf,
    0xc0, 0xf, 0xe0, 0x3, 0xf8, 0x0, 0xff, 0x0,
    0x3e, 0xd0, 0x2f, 0x3e, 0x6f, 0xc2, 0xf8, 0xf0,

    /* U+0065 "e" */
    0x7, 0xf8, 0x2, 0xe5, 0xf0, 0x74, 0x3, 0x8f,
    0x0, 0x2c, 0xff, 0xff, 0xcf, 0x0, 0x0, 0xf0,
    0x0, 0x7, 0x80, 0x0, 0x2f, 0x5b, 0x80, 0x7f,
    0xe4,

    /* U+0066 "f" */
    0x2, 0xf8, 0x2d, 0x40, 0xe0, 0x3, 0x80, 0xbf,
    0xf4, 0x79, 0x40, 0xe0, 0x3, 0x80, 0xe, 0x0,
    0x38, 0x0, 0xe0, 0x3, 0x80, 0xe, 0x0, 0x38,
    0x0,

    /* U+0067 "g" */
    0xb, 0xe3, 0xcf, 0x9b, 0xfb, 0x40, 0xbf, 0xc0,
    0xf, 0xe0, 0x3, 0xf8, 0x0, 0xff, 0x0, 0x3e,
    0xd0, 0x1f, 0x3e, 0x6f, 0xc2, 0xf8, 0xf0, 0x0,
    0x38, 0x0, 0x1d, 0x39, 0x6f, 0x7, 0xfe, 0x0,

    /* U+0068 "h" */
    0x74, 0x0, 0x1d, 0x0, 0x7, 0x40, 0x1, 0xd0,
    0x0, 0x75, 0xfd, 0x1f, 0xd7, 0xc7, 0xc0, 0x39,
    0xd0, 0xf, 0x74, 0x2, 0xdd, 0x0, 0xb7, 0x40,
    0x2d, 0xd0, 0xb, 0x74, 0x2, 0xdd, 0x0, 0xb0,

    /* U+0069 "i" */
    0x75, 0xd0, 0x0, 0x75, 0xd7, 0x5d, 0x75, 0xd7,
    0x5d, 0x75, 0xd0,

    /* U+006A "j" */
    0x7, 0x41, 0xd0, 0x0, 0x0, 0x7, 0x41, 0xd0,
    0x74, 0x1d, 0x7, 0x41, 0xd0, 0x74, 0x1d, 0x7,
    0x41, 0xd0, 0x74, 0x1c, 0x1f, 0x1f, 0x0,

    /* U+006B "k" */
    0x74, 0x0, 0x7, 0x40, 0x0, 0x74, 0x0, 0x7,
    0x40, 0x0, 0x74, 0x7, 0x87, 0x42, 0xd0, 0x74,
    0xb4, 0x7, 0x7d, 0x0, 0x7f, 0x0, 0x7, 0xb8,
    0x0, 0x75, 0xf0, 0x7, 0x47, 0xc0, 0x74, 0x1f,
    0x7, 0x40, 0x7c,

    /* U+006C "l" */
    0x75, 0xd7, 0x5d, 0x75, 0xd7, 0x5d, 0x75, 0xd7,
    0x5d, 0x75, 0xd0,

    /* U+006D "m" */
    0x75, 0xfc, 0xf, 0xd1, 0xfd, 0xbd, 0xe7, 0xd7,
    0xc0, 0x7c, 0x3, 0xdd, 0x0, 0xf0, 0xb, 0x74,
    0x3, 0x80, 0x2d, 0xd0, 0xe, 0x0, 0xb7, 0x40,
    0x38, 0x2, 0xdd, 0x0, 0xe0, 0xb, 0x74, 0x3,
    0x80, 0x2d, 0xd0, 0xe, 0x0, 0xb0,

    /* U+006E "n" */
    0x76, 0xfd, 0x1f, 0x92, 0xc7, 0x80, 0x39, 0xd0,
    0xf, 0x74, 0x2, 0xdd, 0x0, 0xb7, 0x40, 0x2d,
    0xd0, 0xb, 0x74, 0x2, 0xdd, 0x0, 0xb0,

    /* U+006F "o" */
    0xb, 0xf8, 0x3, 0xe6, 0xf0, 0xb4, 0x7, 0x8f,
    0x0, 0x3c, 0xf0, 0x3, 0xcf, 0x0, 0x3c, 0xf0,
    0x3, 0xcb, 0x40, 0x78, 0x3e, 0x6f, 0x0, 0xbf,
    0x80,

    /* U+0070 "p" */
    0x76, 0xfd, 0x7, 0xe0, 0xb4, 0x7c, 0x3, 0xc7,
    0x40, 0x1d, 0x74, 0x1, 0xd7, 0x40, 0x1d, 0x78,
    0x1, 0xd7, 0xc0, 0x3c, 0x7f, 0x5f, 0x47, 0x6f,
    0xd0, 0x74, 0x0, 0x7, 0x40, 0x0, 0x74, 0x0,
    0x7, 0x40, 0x0,

    /* U+0071 "q" */
    0xb, 0xe3, 0xcf, 0x9b, 0xfb, 0x40, 0xbf, 0xc0,
    0xf, 0xe0, 0x3, 0xf8, 0x0, 0xff, 0x0, 0x3e,
    0xd0, 0x2f, 0x3e, 0x6f, 0xc2, 0xf8, 0xf0, 0x0,
    0x3c, 0x0, 0xf, 0x0, 0x3, 0xc0, 0x0, 0xf0,

    /* U+0072 "r" */
    0x0, 0x1, 0xdb, 0xd7, 0xe4, 0x1f, 0x0, 0x74,
    0x1, 0xd0, 0x7, 0x40, 0x1d, 0x0, 0x74, 0x1,
    0xd0, 0x7, 0x40, 0x0,

    /* U+0073 "s" */
    0x7, 0xfe, 0xb, 0x96, 0xc3, 0x80, 0x0, 0xf0,
    0x0, 0x1f, 0xe4, 0x0, 0x6f, 0xc0, 0x0, 0x74,
    0x0, 0x1d, 0x39, 0x5f, 0xb, 0xfe, 0x0,

    /* U+0074 "t" */
    0x8, 0x0, 0x74, 0x1, 0xd0, 0x2f, 0xfe, 0x1d,
    0x50, 0x74, 0x1, 0xd0, 0x7, 0x40, 0x1d, 0x0,
    0x74, 0x1, 0xd0, 0x3, 0xd4, 0x7, 0xf8,

    /* U+0075 "u" */
    0x70, 0x3, 0xdc, 0x0, 0xf7, 0x0, 0x3d, 0xc0,
    0xf, 0x70, 0x3, 0xdc, 0x0, 0xf7, 0x0, 0x3c,
    0xd0, 0x1f, 0x3e, 0x6f, 0xc2, 0xf8, 0xf0,

    /* U+0076 "v" */
    0x74, 0x0, 0xf0, 0xf0, 0x3, 0x82, 0xc0, 0x2c,
    0x3, 0x80, 0xf0, 0xf, 0x3, 0x40, 0x1d, 0x2c,
    0x0, 0x38, 0xe0, 0x0, 0xb7, 0x40, 0x1, 0xfc,
    0x0, 0x3, 0xe0, 0x0,

    /* U+0077 "w" */
    0x38, 0xb, 0x40, 0xf3, 0xc0, 0xf8, 0xe, 0x2c,
    0xe, 0xc1, 0xd1, 0xd2, 0xcc, 0x2c, 0xe, 0x38,
    0xd3, 0xc0, 0xf3, 0x4a, 0x38, 0xb, 0x70, 0x77,
    0x40, 0x7f, 0x3, 0xf0, 0x3, 0xe0, 0x3f, 0x0,
    0x3d, 0x2, 0xe0,

    /* U+0078 "x" */
    0x3c, 0x1, 0xe0, 0x3c, 0xf, 0x0, 0x78, 0xf0,
    0x0, 0xbf, 0x40, 0x0, 0xf8, 0x0, 0x3, 0xf0,
    0x0, 0x3d, 0xe0, 0x2, 0xd2, 0xc0, 0x1e, 0x3,
    0xc0, 0xf0, 0x3, 0x80,

    /* U+0079 "y" */
    0x74, 0x0, 0xf0, 0xf0, 0x3, 0x81, 0xc0, 0x2c,
    0x3, 0x80, 0xe0, 0xb, 0x7, 0x40, 0x1d, 0x2c,
    0x0, 0x3c, 0xe0, 0x0, 0x7b, 0x0, 0x0, 0xfc,
    0x0, 0x2, 0xd0, 0x0, 0xb, 0x0, 0x0, 0x38,
    0x0, 0x7, 0xc0, 0x0, 0xbd, 0x0, 0x0,

    /* U+007A "z" */
    0x3f, 0xff, 0x85, 0x56, 0xe0, 0x0, 0xf0, 0x0,
    0xf0, 0x0, 0xf0, 0x0, 0xb4, 0x0, 0xb4, 0x0,
    0x78, 0x0, 0x3d, 0x55, 0xf, 0xff, 0xe0,

    /* U+007B "{" */
    0x0, 0xbc, 0x3, 0xd4, 0x3, 0x80, 0x3, 0x80,
    0x3, 0x80, 0x3, 0x80, 0x3, 0x80, 0xb, 0x40,
    0xfd, 0x0, 0x1f, 0x0, 0x3, 0x80, 0x3, 0x80,
    0x3, 0x80, 0x3, 0x80, 0x3, 0xc0, 0x1, 0xfc,
    0x0, 0x0,

    /* U+007C "|" */
    0xbb, 0xbb, 0xbb, 0xbb, 0xbb, 0xbb, 0xbb, 0xbb,
    0xbb,

    /* U+007D "}" */
    0xbd, 0x0, 0x1b, 0x0, 0x3, 0x40, 0x3, 0x40,
    0x3, 0x40, 0x3, 0x40, 0x3, 0x80, 0x3, 0xd0,
    0x0, 0xfc, 0x3, 0xd0, 0x3, 0x80, 0x3, 0x40,
    0x3, 0x40, 0x3, 0x40, 0xb, 0x40, 0xfe, 0x0,
    0x0, 0x0,

    /* U+007E "~" */
    0x0, 0x0, 0x0, 0x7, 0xfe, 0x41, 0xc3, 0x96,
    0xff, 0xe0, 0x0, 0x1, 0x0,

    /* U+00B7 "·" */
    0x0, 0xf3, 0xc0,

    /* U+4E0A "上" */
    0x0, 0x7, 0x0, 0x0, 0x0, 0x7, 0x0, 0x0,
    0x0, 0x7, 0x0, 0x0, 0x0, 0x7, 0x0, 0x0,
    0x0, 0x7, 0x55, 0x54, 0x0, 0x7, 0xff, 0xfc,
    0x0, 0x7, 0x0, 0x0, 0x0, 0x7, 0x0, 0x0,
    0x0, 0x7, 0x0, 0x0, 0x0, 0x7, 0x0, 0x0,
    0x0, 0x7, 0x0, 0x0, 0x0, 0x7, 0x0, 0x0,
    0x0, 0x7, 0x0, 0x0, 0x15, 0x5b, 0x95, 0x55,
    0x7f, 0xff, 0xff, 0xff,

    /* U+4E0B "下" */
    0x15, 0x55, 0x55, 0x55, 0xbf, 0xff, 0xff, 0xff,
    0x0, 0x3, 0x40, 0x0, 0x0, 0x3, 0x40, 0x0,
    0x0, 0x3, 0x40, 0x0, 0x0, 0x3, 0x40, 0x0,
    0x0, 0x3, 0xd0, 0x0, 0x0, 0x3, 0xf8, 0x0,
    0x0, 0x3, 0x5f, 0x0, 0x0, 0x3, 0x43, 0xd0,
    0x0, 0x3, 0x40, 0xe0, 0x0, 0x3, 0x40, 0x0,
    0x0, 0x3, 0x40, 0x0, 0x0, 0x3, 0x40, 0x0,
    0x0, 0x3, 0x40, 0x0, 0x0, 0x3, 0x40, 0x0,

    /* U+4E0D "不" */
    0x3f, 0xff, 0xff, 0xff, 0x41, 0x55, 0x5b, 0x95,
    0x50, 0x0, 0x0, 0xf0, 0x0, 0x0, 0x0, 0x2d,
    0x0, 0x0, 0x0, 0x7, 0xc0, 0x0, 0x0, 0x0,
    0xfc, 0xb0, 0x0, 0x0, 0x3d, 0xc3, 0xd0, 0x0,
    0xf, 0x1c, 0xf, 0x40, 0x3, 0xc1, 0xc0, 0x3c,
    0x0, 0xf0, 0x1c, 0x0, 0xf0, 0x3c, 0x1, 0xc0,
    0x3, 0xc1, 0x0, 0x1c, 0x0, 0x10, 0x0, 0x1,
    0xc0, 0x0, 0x0, 0x0, 0x1c, 0x0, 0x0, 0x0,
    0x1, 0xc0, 0x0, 0x0, 0x0, 0x1c, 0x0, 0x0,

    /* U+4E0E "与" */
    0xb, 0x0, 0x0, 0x0, 0xb, 0x0, 0x0, 0x0,
    0xb, 0x0, 0x0, 0x0, 0xb, 0xff, 0xff, 0xfd,
    0xb, 0x55, 0x55, 0x54, 0xb, 0x0, 0x0, 0x0,
    0xb, 0x0, 0x0, 0x0, 0xb, 0x55, 0x55, 0x50,
    0xb, 0xff, 0xff, 0xf4, 0x0, 0x0, 0x0, 0x34,
    0x0, 0x0, 0x0, 0x34, 0x55, 0x55, 0x54, 0x34,
    0xbf, 0xff, 0xfc, 0x30, 0x0, 0x0, 0x0, 0x70,
    0x0, 0x0, 0x55, 0xf0, 0x0, 0x0, 0xbf, 0xc0,

    /* U+4E2D "中" */
    0x0, 0x3, 0x40, 0x0, 0x0, 0x3, 0x40, 0x0,
    0x0, 0x3, 0x40, 0x0, 0x3f, 0xff, 0xff, 0xfc,
    0x39, 0x57, 0x95, 0x6c, 0x34, 0x3, 0x40, 0x1c,
    0x34, 0x3, 0x40, 0x1c, 0x34, 0x3, 0x40, 0x1c,
    0x34, 0x3, 0x40, 0x1c, 0x3f, 0xff, 0xff, 0xfc,
    0x39, 0x57, 0x95, 0x6c, 0x34, 0x3, 0x40, 0x8,
    0x0, 0x3, 0x40, 0x0, 0x0, 0x3, 0x40, 0x0,
    0x0, 0x3, 0x40, 0x0, 0x0, 0x3, 0x40, 0x0,
    0x0, 0x3, 0x40, 0x0,

    /* U+4E8C "二" */
    0x1, 0x55, 0x55, 0x54, 0x1, 0xff, 0xff, 0xff,
    0x40, 0x0, 0x0, 0x0, 0x0, 0x0, 0x0, 0x0,
    0x0, 0x0, 0x0, 0x0, 0x0, 0x0, 0x0, 0x0,
    0x0, 0x0, 0x0, 0x0, 0x0, 0x0, 0x0, 0x0,
    0x0, 0x0, 0x0, 0x0, 0x0, 0x0, 0x0, 0x0,
    0x0, 0x0, 0x0, 0x0, 0x0, 0x0, 0x0, 0x55,
    0x55, 0x55, 0x55, 0x3f, 0xff, 0xff, 0xff, 0xc0,

    /* U+4E8E "于" */
    0x15, 0x55, 0x55, 0x50, 0x2f, 0xff, 0xff, 0xf8,
    0x0, 0x2, 0xc0, 0x0, 0x0, 0x2, 0xc0, 0x0,
    0x0, 0x2, 0xc0, 0x0, 0x0, 0x2, 0xc0, 0x0,
    0x55, 0x56, 0xd5, 0x55, 0xff, 0xff, 0xff, 0xff,
    0x0, 0x2, 0xc0, 0x0, 0x0, 0x2, 0xc0, 0x0,
    0x0, 0x2, 0xc0, 0x0, 0x0, 0x2, 0xc0, 0x0,
    0x0, 0x2, 0xc0, 0x0, 0x0, 0x2, 0xc0, 0x0,
    0x0, 0x57, 0xc0, 0x0, 0x0, 0x7f, 0x40, 0x0,

    /* U+4EAB "享" */
    0x0, 0x0, 0x50, 0x0, 0x1, 0x55, 0x5f, 0x55,
    0x54, 0x3f, 0xff, 0xff, 0xff, 0xc0, 0x0, 0x0,
    0x0, 0x0, 0x2, 0xff, 0xff, 0xfc, 0x0, 0x2c,
    0x0, 0x0, 0xc0, 0x2, 0xff, 0xff, 0xfc, 0x0,
    0x5, 0x55, 0x55, 0x40, 0x1, 0x55, 0x55, 0x54,
    0x0, 0x3f, 0xff, 0xff, 0xc0, 0x0, 0x0, 0x1b,
    0xe4, 0x0, 0x0, 0x7, 0x40, 0x0, 0x3f, 0xff,
    0xff, 0xff, 0xc1, 0x55, 0x5b, 0x55, 0x54, 0x0,
    0x0, 0x70, 0x0, 0x0, 0x0, 0x5b, 0x0, 0x0,
    0x0, 0xb, 0xe0, 0x0, 0x0,

    /* U+4EAE "亮" */
    0x0, 0x0, 0x50, 0x0, 0x1, 0x55, 0x5f, 0x55,
    0x54, 0x3f, 0xff, 0xff, 0xff, 0xc0, 0x0, 0x0,
    0x0, 0x0, 0x1, 0xff, 0xff, 0xf4, 0x0, 0x1c,
    0x0, 0x3, 0x40, 0x1, 0xff, 0xff, 0xf4, 0x0,
    0x0, 0x0, 0x0, 0x0, 0xf, 0xff, 0xff, 0xff,
    0x0, 0xd5, 0x55, 0x55, 0x70, 0xc, 0x5, 0x55,
    0x3, 0x0, 0x82, 0xff, 0xf4, 0x10, 0x0, 0x2c,
    0x3, 0x40, 0x0, 0x3, 0x80, 0x34, 0x18, 0x1,
    0xf4, 0x3, 0x97, 0xc2, 0xf9, 0x0, 0x2f, 0xf4,
    0x0, 0x0, 0x0, 0x0, 0x0,

    /* U+4EEA "仪" */
    0x0, 0x0, 0x0, 0x0, 0x0, 0xe, 0x3, 0x80,
    0x0, 0x0, 0xd0, 0x1d, 0x0, 0x0, 0x2c, 0x50,
    0xe0, 0x60, 0x3, 0x8b, 0xb, 0xb, 0x0, 0xb4,
    0x70, 0x0, 0xe0, 0xf, 0x43, 0x40, 0xd, 0x3,
    0xf4, 0x2c, 0x1, 0xc0, 0x33, 0x40, 0xd0, 0x38,
    0x0, 0x34, 0xb, 0x7, 0x0, 0x3, 0x40, 0x38,
    0xe0, 0x0, 0x34, 0x0, 0xfc, 0x0, 0x3, 0x40,
    0xf, 0x80, 0x0, 0x34, 0x7, 0xee, 0x0, 0x3,
    0x42, 0xf0, 0x7c, 0x0, 0x36, 0xf4, 0x0, 0xf8,
    0x3, 0x68, 0x0, 0x2, 0x80, 0x0, 0x0, 0x0,
    0x0,

    /* U+4EF6 "件" */
    0x0, 0xd0, 0x3, 0x0, 0x0, 0x1c, 0x1c, 0x30,
    0x0, 0x2, 0xc2, 0xc3, 0x0, 0x0, 0x38, 0x38,
    0x74, 0x0, 0xb, 0xb, 0xff, 0xff, 0x40, 0xf0,
    0xe0, 0x74, 0x0, 0x2f, 0x2c, 0x3, 0x0, 0x3,
    0xf2, 0x40, 0x30, 0x0, 0x27, 0x0, 0x3, 0x0,
    0x0, 0x72, 0xff, 0xff, 0xfc, 0x7, 0x15, 0x5b,
    0x95, 0x40, 0x70, 0x0, 0x30, 0x0, 0x7, 0x0,
    0x3, 0x0, 0x0, 0x70, 0x0, 0x30, 0x0, 0x7,
    0x0, 0x3, 0x0, 0x0, 0x70, 0x0, 0x30, 0x0,
    0x7, 0x0, 0x3, 0x0, 0x0,

    /* U+4F20 "传" */
    0x0, 0x0, 0x5, 0x0, 0x0, 0x1c, 0x3, 0x80,
    0x0, 0xe, 0x15, 0xe5, 0x50, 0x7, 0x2f, 0xff,
    0xfd, 0x3, 0x80, 0x2c, 0x0, 0x2, 0xd0, 0xe,
    0x0, 0x1, 0xf6, 0xff, 0xff, 0xfc, 0xed, 0x2,
    0xc0, 0x0, 0x33, 0x40, 0xe0, 0x0, 0x0, 0xd0,
    0x3f, 0xff, 0xc0, 0x34, 0x5, 0x55, 0xf0, 0xd,
    0x0, 0x0, 0xb0, 0x3, 0x42, 0xe0, 0x74, 0x0,
    0xd0, 0x2f, 0xb8, 0x0, 0x34, 0x0, 0xbd, 0x0,
    0xd, 0x0, 0x3, 0xe0, 0x3, 0x40, 0x0, 0x14,
    0x0,

    /* U+4F30 "估" */
    0x0, 0x90, 0x7, 0x0, 0x0, 0x34, 0x1, 0xc0,
    0x0, 0x2c, 0x0, 0x70, 0x0, 0xe, 0x0, 0x1c,
    0x0, 0x7, 0x5f, 0xff, 0xff, 0xc3, 0xd0, 0x2,
    0xc0, 0x2, 0xf4, 0x0, 0x70, 0x0, 0xed, 0x0,
    0x1c, 0x0, 0x33, 0x41, 0x5b, 0x54, 0x0, 0xd0,
    0xff, 0xff, 0xc0, 0x34, 0x34, 0x0, 0xb0, 0xd,
    0xd, 0x0, 0x2c, 0x3, 0x43, 0x40, 0xb, 0x0,
    0xd0, 0xd0, 0x2, 0xc0, 0x34, 0x3f, 0xff, 0xf0,
    0xd, 0xe, 0x55, 0x6c, 0x3, 0x43, 0x40, 0xb,
    0x0,

    /* U+4F4D "位" */
    0x0, 0x0, 0x4, 0x0, 0x0, 0x1c, 0x7, 0x40,
    0x0, 0xe, 0x0, 0xe0, 0x0, 0x7, 0x15, 0x6d,
    0x54, 0x3, 0x8f, 0xff, 0xff, 0x42, 0xd0, 0x0,
    0x1, 0x1, 0xf4, 0x38, 0x0, 0xe0, 0xfd, 0xf,
    0x0, 0x74, 0x33, 0x42, 0xc0, 0x2c, 0x0, 0xd0,
    0x74, 0xe, 0x0, 0x34, 0xd, 0x3, 0x40, 0xd,
    0x3, 0x82, 0xc0, 0x3, 0x40, 0xf0, 0xf0, 0x0,
    0xd0, 0x14, 0x34, 0x0, 0x34, 0x55, 0x6d, 0x54,
    0xd, 0xbf, 0xff, 0xff, 0x3, 0x40, 0x0, 0x0,
    0x0,

    /* U+4F59 "余" */
    0x0, 0x0, 0x50, 0x0, 0x0, 0x0, 0x1f, 0x0,
    0x0, 0x0, 0x7, 0xbd, 0x0, 0x0, 0x2, 0xe0,
    0xb8, 0x0, 0x0, 0xf4, 0x1, 0xf4, 0x0, 0xbd,
    0x0, 0x6, 0xf8, 0x3e, 0x2f, 0xff, 0xc7, 0x81,
    0x0, 0xb, 0x0, 0x0, 0x0, 0x0, 0xb0, 0x0,
    0x0, 0xff, 0xff, 0xff, 0xf0, 0x5, 0x55, 0xb5,
    0x55, 0x0, 0x0, 0xb, 0x0, 0x0, 0x0, 0xf0,
    0xb0, 0xe0, 0x0, 0x2c, 0xb, 0x3, 0x80, 0xf,
    0x40, 0xb0, 0x1e, 0x2, 0xd0, 0x5f, 0x0, 0x70,
    0x0, 0xb, 0xd0, 0x0, 0x0,

    /* U+4F5C "作" */
    0x0, 0x40, 0x40, 0x0, 0x0, 0xe, 0xd, 0x0,
    0x0, 0x1, 0xc2, 0xc0, 0x0, 0x0, 0x38, 0x3f,
    0xff, 0xfc, 0x7, 0x4b, 0x6c, 0x0, 0x0, 0xf4,
    0xe1, 0xc0, 0x0, 0x1f, 0x7c, 0x1c, 0x0, 0x3,
    0xba, 0x41, 0xff, 0xf0, 0x33, 0x40, 0x1d, 0x54,
    0x0, 0x34, 0x1, 0xc0, 0x0, 0x3, 0x40, 0x1c,
    0x0, 0x0, 0x34, 0x1, 0xff, 0xf0, 0x3, 0x40,
    0x1d, 0x55, 0x0, 0x34, 0x1, 0xc0, 0x0, 0x3,
    0x40, 0x1c, 0x0, 0x0, 0x34, 0x1, 0xc0, 0x0,
    0x3, 0x40, 0x1c, 0x0, 0x0,

    /* U+4F70 "佰" */
    0x0, 0x90, 0x0, 0x0, 0x0, 0xd, 0xff, 0xff,
    0xfc, 0x2, 0xc5, 0x5f, 0x55, 0x40, 0x38, 0x0,
    0xe0, 0x0, 0x7, 0x0, 0xd, 0x0, 0x0, 0xf0,
    0x7f, 0xff, 0xf0, 0x1f, 0x7, 0x55, 0x57, 0x3,
    0xf0, 0x70, 0x0, 0x70, 0x37, 0x7, 0x0, 0x7,
    0x0, 0x70, 0x75, 0x55, 0xb0, 0x7, 0x7, 0xff,
    0xff, 0x0, 0x70, 0x70, 0x0, 0x70, 0x7, 0x7,
    0x0, 0x7, 0x0, 0x70, 0x70, 0x0, 0x70, 0x7,
    0x7, 0xff, 0xff, 0x0, 0x70, 0x70, 0x0, 0x70,
    0x7, 0x7, 0x0, 0x7, 0x0,

    /* U+4FDD "保" */
    0x0, 0x50, 0x0, 0x0, 0x0, 0xe, 0x3f, 0xff,
    0xe0, 0x0, 0xc3, 0x95, 0x5e, 0x0, 0x28, 0x34,
    0x0, 0xe0, 0x3, 0x43, 0x40, 0xe, 0x0, 0xb4,
    0x3f, 0xff, 0xe0, 0x1f, 0x41, 0x5b, 0x54, 0x3,
    0xb4, 0x0, 0x70, 0x0, 0x33, 0x45, 0x5b, 0x55,
    0x40, 0x35, 0xff, 0xff, 0xfc, 0x3, 0x40, 0x1f,
    0xc0, 0x0, 0x34, 0x3, 0xff, 0x0, 0x3, 0x40,
    0xf7, 0x38, 0x0, 0x34, 0x3c, 0x71, 0xf0, 0x3,
    0x5f, 0x7, 0x3, 0xc0, 0x35, 0xc0, 0x70, 0x8,
    0x3, 0x40, 0x7, 0x0, 0x0,

    /* U+4FE1 "信" */
    0x0, 0x0, 0x0, 0x0, 0x0, 0x38, 0x2, 0xc0,
    0x0, 0x1c, 0x55, 0xb9, 0x54, 0xf, 0x3f, 0xff,
    0xff, 0x7, 0x40, 0x0, 0x0, 0x3, 0xd1, 0xff,
    0xff, 0xc1, 0xf4, 0x15, 0x55, 0x50, 0xdd, 0x0,
    0x0, 0x0, 0x33, 0x47, 0xff, 0xff, 0x0, 0xd0,
    0x0, 0x0, 0x0, 0x34, 0x15, 0x55, 0x50, 0xd,
    0xf, 0xff, 0xfc, 0x3, 0x43, 0x40, 0xb, 0x0,
    0xd0, 0xd0, 0x2, 0xc0, 0x34, 0x39, 0x55, 0xb0,
    0xd, 0xf, 0xff, 0xfc, 0x3, 0x43, 0x40, 0x7,
    0x0,

    /* U+5145 "充" */
    0x0, 0x0, 0x90, 0x0, 0x0, 0x0, 0xf, 0x0,
    0x0, 0x3f, 0xff, 0xff, 0xff, 0xc1, 0x55, 0xbd,
    0x55, 0x54, 0x0, 0xf, 0x1, 0x40, 0x0, 0x2,
    0xc0, 0x2d, 0x0, 0x0, 0xb4, 0x0, 0xb0, 0x0,
    0x3e, 0x15, 0xaf, 0xc0, 0xb, 0xff, 0xee, 0x5e,
    0x0, 0x0, 0xc0, 0xd0, 0x60, 0x0, 0x1c, 0xd,
    0x0, 0x0, 0x3, 0x80, 0xd0, 0x0, 0x0, 0x70,
    0xd, 0x1, 0x80, 0x1e, 0x0, 0xd0, 0x2c, 0xb,
    0x80, 0xe, 0x57, 0xc2, 0xe0, 0x0, 0xbf, 0xf4,
    0x0, 0x0, 0x0, 0x0, 0x0,

    /* U+5165 "入" */
    0x0, 0x0, 0x0, 0x0, 0x0, 0x0, 0x38, 0x0,
    0x0, 0x0, 0x2, 0xd0, 0x0, 0x0, 0x0, 0xf,
    0x0, 0x0, 0x0, 0x0, 0xf4, 0x0, 0x0, 0x0,
    0xf, 0x80, 0x0, 0x0, 0x2, 0xec, 0x0, 0x0,
    0x0, 0x38, 0xe0, 0x0, 0x0, 0x7, 0xb, 0x0,
    0x0, 0x0, 0xe0, 0x74, 0x0, 0x0, 0x2c, 0x3,
    0xc0, 0x0, 0x7, 0x80, 0x1d, 0x0, 0x0, 0xf0,
    0x0, 0xf0, 0x0, 0x3c, 0x0, 0x3, 0xc0, 0x1f,
    0x0, 0x0, 0x1f, 0x3, 0xc0, 0x0, 0x0, 0x7c,
    0x10, 0x0, 0x0, 0x0, 0x0,

    /* U+5171 "共" */
    0x0, 0xd0, 0xa, 0x0, 0x0, 0xd0, 0xa, 0x0,
    0x0, 0xd0, 0xa, 0x0, 0x0, 0xd0, 0xe, 0x0,
    0x3f, 0xff, 0xff, 0xfc, 0x0, 0xd0, 0xe, 0x0,
    0x0, 0xd0, 0xa, 0x0, 0x0, 0xd0, 0xa, 0x0,
    0x0, 0xd0, 0xa, 0x0, 0x55, 0xe5, 0x5f, 0x54,
    0xff, 0xff, 0xff, 0xfe, 0x0, 0x0, 0x0, 0x0,
    0x0, 0xf0, 0xf, 0x0, 0x3, 0xd0, 0x7, 0xc0,
    0x1f, 0x40, 0x0, 0xf4, 0x7d, 0x0, 0x0, 0x3c,
    0x10, 0x0, 0x0, 0x0,

    /* U+5173 "关" */
    0x0, 0x40, 0x1, 0x0, 0x0, 0x34, 0x0, 0xe0,
    0x0, 0xb, 0x0, 0xb0, 0x0, 0x0, 0x40, 0x38,
    0x0, 0x1f, 0xff, 0xff, 0xfc, 0x1, 0x55, 0xf5,
    0x55, 0x0, 0x0, 0x28, 0x0, 0x0, 0x0, 0xe,
    0x0, 0x0, 0x15, 0x57, 0xd5, 0x54, 0xf, 0xff,
    0xff, 0xff, 0x80, 0x0, 0x3e, 0x0, 0x0, 0x0,
    0x2d, 0xd0, 0x0, 0x0, 0x1e, 0x2d, 0x0, 0x0,
    0x1f, 0x2, 0xe0, 0x0, 0x7f, 0x0, 0x2f, 0x81,
    0xfd, 0x0, 0x1, 0xfc, 0x24, 0x0, 0x0, 0x5,
    0x0,

    /* U+51C6 "准" */
    0x0, 0x0, 0x82, 0x0, 0x2, 0xc0, 0x2c, 0x38,
    0x0, 0xe, 0x3, 0x82, 0xc0, 0x0, 0x74, 0x7f,
    0xff, 0xfc, 0x3, 0x4f, 0x56, 0xe5, 0x40, 0x1,
    0xf0, 0xc, 0x0, 0x0, 0x3f, 0x0, 0xc0, 0x0,
    0x7, 0x7f, 0xff, 0xf8, 0x0, 0x7, 0x1, 0xd0,
    0x0, 0x24, 0x70, 0xc, 0x0, 0x3, 0x47, 0x55,
    0xd5, 0x0, 0x70, 0x7f, 0xff, 0xf8, 0xf, 0x7,
    0x0, 0xc0, 0x1, 0xe0, 0x70, 0xc, 0x0, 0x3c,
    0x7, 0xff, 0xff, 0xc2, 0x80, 0x75, 0x55, 0x54,
    0x0, 0x7, 0x0, 0x0, 0x0,

    /* U+51FA "出" */
    0x0, 0x3, 0x40, 0x0, 0x0, 0xd, 0x0, 0x1,
    0xc0, 0x34, 0x3, 0x7, 0x0, 0xd0, 0xc, 0x1c,
    0x3, 0x40, 0x30, 0x70, 0xd, 0x0, 0xc1, 0xff,
    0xff, 0xff, 0x2, 0xaa, 0xfa, 0xac, 0x0, 0x3,
    0x40, 0x0, 0x40, 0xd, 0x0, 0x13, 0x40, 0x34,
    0x1, 0xcd, 0x0, 0xd0, 0x7, 0x34, 0x3, 0x40,
    0x1c, 0xd0, 0xd, 0x0, 0x73, 0x95, 0x79, 0x56,
    0xcf, 0xff, 0xff, 0xff, 0x0, 0x0, 0x0, 0x1c,

    /* U+51FB "击" */
    0x0, 0x2, 0x80, 0x0, 0x0, 0x2, 0x80, 0x0,
    0x0, 0x2, 0x80, 0x0, 0x1f, 0xff, 0xff, 0xf8,
    0x5, 0x57, 0xd5, 0x54, 0x0, 0x2, 0x80, 0x0,
    0x0, 0x2, 0x80, 0x0, 0xff, 0xff, 0xff, 0xff,
    0x55, 0x57, 0xd5, 0x55, 0x0, 0x2, 0x80, 0x0,
    0xc, 0x2, 0x80, 0x24, 0xd, 0x2, 0x80, 0x34,
    0xd, 0x2, 0x80, 0x34, 0xd, 0x2, 0x80, 0x34,
    0xf, 0xff, 0xff, 0xf4, 0x5, 0x55, 0x55, 0x74,
    0x0, 0x0, 0x0, 0x34,

    /* U+5203 "刃" */
    0x1f, 0xff, 0xff, 0xfc, 0x15, 0x5b, 0x55, 0xb0,
    0x0, 0x2c, 0x1, 0xc0, 0x0, 0xb0, 0x7, 0x2,
    0x42, 0xc0, 0x2c, 0xd, 0xe, 0x0, 0xb0, 0x70,
    0x38, 0x2, 0xc2, 0xc0, 0xd0, 0xb, 0xd, 0x7,
    0x0, 0x2c, 0x20, 0x3c, 0x0, 0xb0, 0x1, 0xd0,
    0x3, 0x80, 0x1e, 0x0, 0xe, 0x1, 0xe0, 0x0,
    0x34, 0x2e, 0x0, 0x96, 0xc3, 0xd0, 0x2, 0xfd,
    0x0, 0x0, 0x0, 0x0,

    /* U+5207 "切" */
    0x3, 0x40, 0x0, 0x0, 0x0, 0xd0, 0x1f, 0xff,
    0xe0, 0x34, 0x1, 0xb5, 0x74, 0xd, 0x0, 0x1c,
    0xd, 0x3, 0xaf, 0x7, 0x3, 0x46, 0xfe, 0x42,
    0xc0, 0xd3, 0xb4, 0x0, 0xb0, 0x34, 0xd, 0x0,
    0x2c, 0xd, 0x3, 0x40, 0xa, 0x3, 0x40, 0xd0,
    0x3, 0x80, 0xd0, 0x34, 0x0, 0xe0, 0x34, 0xd,
    0x0, 0x34, 0xd, 0x3, 0x4b, 0x1c, 0x3, 0x0,
    0xff, 0x4f, 0x0, 0xc0, 0x3d, 0x7, 0x40, 0x70,
    0x0, 0x3, 0xc2, 0x6c, 0x0, 0x0, 0xc0, 0xfd,
    0x0, 0x0, 0x0, 0x0, 0x0,

    /* U+5230 "到" */
    0x0, 0x0, 0x0, 0x3, 0xf, 0xff, 0xfc, 0x0,
    0xc1, 0x5f, 0x55, 0x34, 0x30, 0x7, 0x48, 0xd,
    0xc, 0x3, 0xc3, 0x43, 0x43, 0x2, 0xc0, 0xb0,
    0xd0, 0xc1, 0xfb, 0xfd, 0x34, 0x30, 0x7e, 0x93,
    0x8d, 0xc, 0x0, 0x20, 0x3, 0x43, 0x0, 0x1c,
    0x0, 0xd0, 0xc1, 0xab, 0xa9, 0x34, 0x30, 0x6b,
    0xea, 0x4d, 0xc, 0x0, 0x70, 0x1, 0x3, 0x0,
    0x1c, 0x0, 0x0, 0xc0, 0x1b, 0xff, 0x0, 0x30,
    0xff, 0xf9, 0x42, 0x6c, 0x15, 0x0, 0x0, 0xfe,
    0x0,

    /* U+5236 "制" */
    0x1, 0x38, 0x0, 0x3, 0x41, 0xce, 0x0, 0x0,
    0xd0, 0xff, 0xff, 0xd, 0x34, 0x75, 0xf5, 0x43,
    0x4d, 0x38, 0x38, 0x0, 0xd3, 0x4f, 0xaf, 0xa9,
    0x34, 0xd2, 0xab, 0xea, 0x4d, 0x34, 0x0, 0xe0,
    0x3, 0x4d, 0xa, 0xbe, 0xa0, 0xd3, 0x47, 0xff,
    0xfd, 0x34, 0xd1, 0xc3, 0x83, 0x4d, 0x34, 0x70,
    0xe0, 0xd3, 0x4d, 0x1c, 0x38, 0x34, 0x43, 0x47,
    0xe, 0xd, 0x0, 0xd1, 0xc3, 0xbf, 0x0, 0x34,
    0x0, 0xe1, 0x2, 0x9d, 0x0, 0x38, 0x0, 0x7f,
    0x0,

    /* U+524D "前" */
    0x0, 0x80, 0x1, 0x0, 0x0, 0xe0, 0x7, 0x40,
    0x0, 0x60, 0xe, 0x0, 0xbf, 0xff, 0xff, 0xff,
    0x15, 0x55, 0x55, 0x59, 0x15, 0x55, 0x0, 0x1c,
    0x3f, 0xfe, 0xd, 0x1c, 0x38, 0xa, 0xd, 0x1c,
    0x39, 0x5a, 0xd, 0x1c, 0x3f, 0xfe, 0xd, 0x1c,
    0x38, 0xa, 0xd, 0x1c, 0x39, 0x5e, 0xd, 0x1c,
    0x3f, 0xfe, 0xd, 0x1c, 0x38, 0xa, 0x8, 0x1c,
    0x38, 0x5e, 0x1, 0x6c, 0x38, 0x7d, 0x2, 0xf8,
    0x0, 0x0, 0x0, 0x0,

    /* U+5269 "剩" */
    0x0, 0x5, 0xa0, 0x3, 0x43, 0xff, 0xe9, 0x0,
    0xd0, 0x2, 0xc0, 0xd, 0x34, 0xaa, 0xfa, 0xa3,
    0x4d, 0x2a, 0xbe, 0xa8, 0xd3, 0x40, 0x5b, 0x20,
    0x34, 0xd2, 0xfa, 0xde, 0xdd, 0x34, 0xa, 0xb7,
    0x83, 0x4d, 0x7, 0xad, 0xc9, 0xd3, 0x4f, 0xeb,
    0x7b, 0xb4, 0xd1, 0x17, 0xe6, 0x4d, 0x34, 0x2,
    0xfe, 0x3, 0x4d, 0x2, 0xec, 0xf0, 0x43, 0x43,
    0xdb, 0xf, 0x0, 0xd3, 0xd2, 0xc1, 0x80, 0x34,
    0x80, 0xb0, 0x1, 0x9d, 0x0, 0x2c, 0x0, 0x7f,
    0x0,

    /* U+529F "功" */
    0x0, 0x0, 0xb, 0x0, 0x0, 0x0, 0x2, 0xc0,
    0x3, 0xff, 0xd0, 0xb0, 0x0, 0x5b, 0x51, 0x6d,
    0x54, 0x2, 0xc0, 0xff, 0xff, 0x80, 0xb0, 0x2,
    0xc0, 0xe0, 0x2c, 0x0, 0xb0, 0x38, 0xb, 0x0,
    0x38, 0xe, 0x2, 0xc0, 0xe, 0x3, 0x80, 0xb0,
    0x3, 0x40, 0xe0, 0x2c, 0x1, 0xc0, 0x34, 0xb,
    0x2c, 0xf0, 0xd, 0x1b, 0xfd, 0x74, 0x3, 0x4f,
    0x90, 0x3c, 0x0, 0xc0, 0x0, 0x3c, 0x15, 0xf0,
    0x0, 0x2c, 0x7, 0xf4, 0x0, 0x0, 0x0, 0x0,
    0x0,

    /* U+52A8 "动" */
    0x0, 0x0, 0x3, 0x80, 0x1, 0x55, 0x0, 0xe0,
    0x1, 0xff, 0xe0, 0x38, 0x0, 0x0, 0x0, 0x5e,
    0x55, 0x0, 0x0, 0x3f, 0xff, 0x80, 0x0, 0x0,
    0xd0, 0xe3, 0xff, 0xf0, 0x34, 0x38, 0xb, 0x0,
    0xd, 0xe, 0x3, 0x80, 0x3, 0x3, 0x41, 0xc3,
    0x41, 0xc0, 0xd0, 0xb0, 0xb0, 0xb0, 0x34, 0x34,
    0x1c, 0x38, 0xd, 0x3d, 0xbf, 0x5c, 0x3, 0x4f,
    0xe4, 0x5e, 0x0, 0xc0, 0x0, 0xf, 0x5, 0xb0,
    0x0, 0x7, 0x42, 0xf4, 0x0, 0x0, 0x0, 0x0,
    0x0,

    /* U+5341 "十" */
    0x0, 0x3, 0x80, 0x0, 0x0, 0x3, 0x80, 0x0,
    0x0, 0x3, 0x80, 0x0, 0x0, 0x3, 0x80, 0x0,
    0x0, 0x3, 0x80, 0x0, 0x0, 0x3, 0x80, 0x0,
    0xff, 0xff, 0xff, 0xff, 0x15, 0x57, 0x95, 0x55,
    0x0, 0x3, 0x80, 0x0, 0x0, 0x3, 0x80, 0x0,
    0x0, 0x3, 0x80, 0x0, 0x0, 0x3, 0x80, 0x0,
    0x0, 0x3, 0x80, 0x0, 0x0, 0x3, 0x80, 0x0,
    0x0, 0x3, 0x80, 0x0, 0x0, 0x3, 0x80, 0x0,
    0x0, 0x3, 0x80, 0x0,

    /* U+5355 "单" */
    0x0, 0x80, 0x2, 0x0, 0x0, 0xf0, 0xb, 0x0,
    0x0, 0x10, 0xe, 0x0, 0xf, 0xff, 0xff, 0xf0,
    0xd, 0x57, 0x95, 0xb0, 0xc, 0x3, 0x80, 0x70,
    0xf, 0xff, 0xff, 0xf0, 0xd, 0x57, 0x95, 0xb0,
    0xc, 0x3, 0x80, 0x70, 0xf, 0xff, 0xff, 0xf0,
    0x5, 0x57, 0xd5, 0x50, 0x0, 0x3, 0x80, 0x0,
    0xff, 0xff, 0xff, 0xfe, 0x55, 0x57, 0x95, 0x54,
    0x0, 0x3, 0x80, 0x0, 0x0, 0x3, 0x80, 0x0,
    0x0, 0x3, 0x80, 0x0,

    /* U+536B "卫" */
    0x5, 0x55, 0x55, 0x50, 0x2f, 0xff, 0xff, 0xf4,
    0x0, 0xe, 0x0, 0x34, 0x0, 0xe, 0x0, 0x34,
    0x0, 0xe, 0x0, 0x34, 0x0, 0xe, 0x0, 0x34,
    0x0, 0xe, 0x0, 0x34, 0x0, 0xe, 0x0, 0x34,
    0x0, 0xe, 0x0, 0x30, 0x0, 0xe, 0x19, 0xb0,
    0x0, 0xe, 0x1f, 0xd0, 0x0, 0xe, 0x0, 0x0,
    0x0, 0xe, 0x0, 0x0, 0x55, 0x5e, 0x55, 0x55,
    0xff, 0xff, 0xff, 0xfe,

    /* U+53D1 "发" */
    0x0, 0x0, 0x40, 0x0, 0x0, 0x0, 0x70, 0x70,
    0x0, 0x38, 0x2c, 0xb, 0x40, 0x1c, 0xe, 0x0,
    0xa0, 0xf, 0x57, 0x95, 0x55, 0x3, 0xff, 0xff,
    0xff, 0xc0, 0x0, 0xf0, 0x0, 0x0, 0x0, 0x34,
    0x0, 0x0, 0x0, 0x2f, 0xff, 0xfc, 0x0, 0x1f,
    0xd5, 0x5f, 0x0, 0xf, 0x74, 0x7, 0x40, 0xf,
    0xb, 0x47, 0x80, 0xb, 0x40, 0xbb, 0x80, 0xb,
    0x40, 0x1f, 0xd0, 0x2, 0x41, 0xbe, 0x6f, 0x80,
    0x3, 0xf8, 0x0, 0xbd, 0x0, 0x50, 0x0, 0x1,
    0x0,

    /* U+53D6 "取" */
    0x3f, 0xff, 0xef, 0xff, 0x41, 0xe5, 0x74, 0xe5,
    0x74, 0xe, 0x3, 0xa, 0x3, 0x40, 0xe5, 0x70,
    0x70, 0x70, 0xf, 0xff, 0x7, 0x7, 0x0, 0xe0,
    0x30, 0x30, 0xa0, 0xe, 0x3, 0x3, 0x4d, 0x0,
    0xff, 0xf0, 0x29, 0xc0, 0xe, 0x57, 0x1, 0xec,
    0x0, 0xe0, 0x30, 0xf, 0x40, 0xe, 0x3, 0x40,
    0xb0, 0x1, 0xfb, 0xfd, 0xf, 0x80, 0x3f, 0xeb,
    0x43, 0xed, 0x0, 0x0, 0x30, 0xf0, 0xb0, 0x0,
    0x3, 0x3d, 0x3, 0xc0, 0x0, 0x31, 0x0, 0x8,

    /* U+53E3 "口" */
    0x0, 0x0, 0x0, 0x3, 0xff, 0xff, 0xfc, 0x34,
    0x0, 0x1, 0xc3, 0x0, 0x0, 0xc, 0x30, 0x0,
    0x0, 0xc3, 0x0, 0x0, 0xc, 0x30, 0x0, 0x0,
    0xc3, 0x0, 0x0, 0xc, 0x30, 0x0, 0x0, 0xc3,
    0x0, 0x0, 0xc, 0x30, 0x0, 0x0, 0xc3, 0x0,
    0x0, 0xc, 0x39, 0x55, 0x56, 0xc3, 0xff, 0xff,
    0xfc, 0x30, 0x0, 0x0, 0xc0,

    /* U+53EF "可" */
    0x15, 0x55, 0x55, 0x55, 0x43, 0xff, 0xff, 0xff,
    0xfc, 0x0, 0x0, 0x0, 0x34, 0x0, 0x0, 0x0,
    0x3, 0x40, 0x1, 0x55, 0x50, 0x34, 0x0, 0x3f,
    0xfe, 0x3, 0x40, 0x3, 0x40, 0xe0, 0x34, 0x0,
    0x34, 0xe, 0x3, 0x40, 0x3, 0x40, 0xe0, 0x34,
    0x0, 0x39, 0x5e, 0x3, 0x40, 0x3, 0xff, 0xe0,
    0x34, 0x0, 0x30, 0x0, 0x3, 0x40, 0x0, 0x0,
    0x0, 0x34, 0x0, 0x0, 0x0, 0x3, 0x40, 0x0,
    0x0, 0x5, 0x74, 0x0, 0x0, 0x0, 0x7e, 0x0,

    /* U+53F3 "右" */
    0x0, 0x0, 0x0, 0x0, 0x0, 0x0, 0xb0, 0x0,
    0x0, 0x0, 0x38, 0x0, 0x0, 0x55, 0x5e, 0x55,
    0x55, 0x2f, 0xff, 0xff, 0xff, 0xc0, 0x3, 0x80,
    0x0, 0x0, 0x2, 0xc0, 0x0, 0x0, 0x1, 0xe0,
    0x0, 0x0, 0x1, 0xf5, 0x55, 0x54, 0x2, 0xff,
    0xff, 0xff, 0x83, 0xd3, 0x0, 0x0, 0xe0, 0x50,
    0xc0, 0x0, 0x38, 0x0, 0x30, 0x0, 0xe, 0x0,
    0xd, 0x0, 0x3, 0x80, 0x3, 0xff, 0xff, 0xe0,
    0x0, 0xd0, 0x0, 0x38,

    /* U+540C "同" */
    0x3f, 0xff, 0xff, 0xfd, 0x35, 0x55, 0x55, 0x5d,
    0x30, 0x0, 0x0, 0xd, 0x31, 0xff, 0xff, 0xcd,
    0x30, 0x55, 0x55, 0x4d, 0x30, 0x0, 0x0, 0xd,
    0x30, 0x15, 0x55, 0xd, 0x30, 0x7f, 0xff, 0xd,
    0x30, 0x70, 0x7, 0xd, 0x30, 0x70, 0x7, 0xd,
    0x30, 0x70, 0xb, 0xd, 0x30, 0x7f, 0xff, 0xd,
    0x30, 0x0, 0x0, 0xd, 0x30, 0x0, 0x0, 0xd,
    0x30, 0x0, 0x1, 0x5d, 0x30, 0x0, 0x1, 0xfc,
    0x0, 0x0, 0x0, 0x0,

    /* U+540D "名" */
    0x0, 0x1, 0x0, 0x0, 0x0, 0x2, 0xd0, 0x0,
    0x0, 0x2, 0xff, 0xff, 0xf0, 0x3, 0xd5, 0x55,
    0x78, 0x7, 0xf0, 0x0, 0x38, 0x3, 0x8f, 0x40,
    0x78, 0x0, 0x0, 0x91, 0xf4, 0x0, 0x0, 0xb,
    0xe0, 0x0, 0x6, 0xbf, 0x80, 0x0, 0xf, 0xff,
    0xff, 0xff, 0xc0, 0x47, 0x55, 0x55, 0xb0, 0x1,
    0xc0, 0x0, 0x1c, 0x0, 0x70, 0x0, 0x7, 0x0,
    0x1c, 0x0, 0x1, 0xc0, 0x7, 0xff, 0xff, 0xf0,
    0x1, 0xd5, 0x55, 0x6c, 0x0, 0x70, 0x0, 0x7,
    0x0,

    /* U+540E "后" */
    0x0, 0x0, 0x0, 0x4, 0x0, 0x55, 0xab, 0xff,
    0x40, 0x7f, 0xfa, 0x94, 0x0, 0x1c, 0x0, 0x0,
    0x0, 0x7, 0x0, 0x0, 0x0, 0x1, 0xff, 0xff,
    0xff, 0xe0, 0x79, 0x55, 0x55, 0x54, 0x1c, 0x0,
    0x0, 0x0, 0x7, 0x0, 0x0, 0x0, 0x1, 0xc7,
    0xff, 0xff, 0x40, 0x71, 0xc0, 0x0, 0xd0, 0x2c,
    0x70, 0x0, 0x34, 0xf, 0x1c, 0x0, 0xd, 0x3,
    0x87, 0x0, 0x3, 0x42, 0xd1, 0xff, 0xff, 0xd0,
    0xf0, 0x75, 0x55, 0x74, 0x14, 0x1c, 0x0, 0xd,
    0x0, 0x0, 0x0, 0x0, 0x0,

    /* U+542F "启" */
    0x0, 0x0, 0x0, 0x0, 0x0, 0x0, 0xa0, 0x0,
    0x1, 0x55, 0xb5, 0x54, 0x3, 0xff, 0xff, 0xfd,
    0x3, 0x40, 0x0, 0xd, 0x3, 0x40, 0x0, 0xd,
    0x3, 0x95, 0x55, 0x5d, 0x3, 0xff, 0xff, 0xfd,
    0x3, 0x40, 0x0, 0x0, 0x3, 0x40, 0x0, 0x0,
    0x3, 0x5f, 0xff, 0xff, 0x7, 0x5c, 0x0, 0xb,
    0xb, 0x1c, 0x0, 0xb, 0xf, 0x1c, 0x0, 0xb,
    0x2d, 0x1f, 0xff, 0xff, 0x3c, 0x1d, 0x55, 0x5b,
    0x20, 0x1c, 0x0, 0xb, 0x0, 0x0, 0x0, 0x0,

    /* U+5468 "周" */
    0x7, 0xff, 0xff, 0xff, 0x1, 0xd5, 0x55, 0x56,
    0xc0, 0x70, 0xb, 0x0, 0x70, 0x1c, 0xff, 0xff,
    0x1c, 0x7, 0x15, 0xb5, 0x47, 0x1, 0xc0, 0x2c,
    0x1, 0xc0, 0x73, 0xff, 0xfe, 0x70, 0x1c, 0x55,
    0x55, 0x1c, 0xb, 0x5, 0x55, 0x7, 0x2, 0xc3,
    0xff, 0xe1, 0xc0, 0xe0, 0xc0, 0x28, 0x70, 0x34,
    0x35, 0x5e, 0x1c, 0x1c, 0xf, 0xff, 0x87, 0xf,
    0x0, 0x0, 0x12, 0xc3, 0x40, 0x0, 0x1f, 0xe0,
    0x0, 0x0, 0x0, 0x0,

    /* U+5609 "嘉" */
    0x0, 0x0, 0xa0, 0x0, 0x3, 0xff, 0xff, 0xff,
    0xfc, 0x0, 0x0, 0xa0, 0x0, 0x0, 0xff, 0xff,
    0xff, 0xf0, 0x0, 0x0, 0x0, 0x0, 0x0, 0x7f,
    0xff, 0xff, 0xc0, 0x7, 0x0, 0x0, 0x1c, 0x0,
    0x7f, 0xff, 0xff, 0xc0, 0x0, 0x3c, 0x3, 0xc0,
    0x1, 0x57, 0xe5, 0x7d, 0x54, 0x3f, 0xff, 0xff,
    0xff, 0xc0, 0x1d, 0x0, 0x55, 0x50, 0x2f, 0xff,
    0xcf, 0xff, 0x0, 0x1c, 0x2c, 0xd0, 0x70, 0x3,
    0x43, 0x8d, 0x57, 0x1, 0xd1, 0xf4, 0xff, 0xf0,
    0x0, 0x0, 0x0, 0x0, 0x0,

    /* U+5668 "器" */
    0xb, 0xff, 0xf, 0xff, 0x0, 0xa5, 0x70, 0xd5,
    0xb0, 0xa, 0x7, 0xd, 0xb, 0x0, 0xbf, 0xf0,
    0xff, 0xf0, 0x1, 0x55, 0x45, 0x54, 0x0, 0x0,
    0x1d, 0xf, 0x40, 0xf, 0xff, 0xff, 0xff, 0x80,
    0x1, 0xf4, 0xf4, 0x0, 0x1b, 0xf8, 0x2, 0xf9,
    0x42, 0xe4, 0x0, 0x1, 0xbc, 0x7, 0xff, 0xf,
    0xfe, 0x0, 0x75, 0x74, 0xd5, 0xe0, 0x7, 0x3,
    0x4c, 0xa, 0x0, 0x75, 0x74, 0xd5, 0xe0, 0x7,
    0xff, 0x4f, 0xfe, 0x0, 0x70, 0x34, 0xc0, 0xa0,

    /* U+56DE "回" */
    0x15, 0x55, 0x55, 0x54, 0x3f, 0xff, 0xff, 0xfc,
    0x34, 0x0, 0x0, 0x1c, 0x34, 0x0, 0x0, 0x1c,
    0x34, 0x7f, 0xfd, 0x1c, 0x34, 0x75, 0x5d, 0x1c,
    0x34, 0x70, 0xd, 0x1c, 0x34, 0x70, 0xd, 0x1c,
    0x34, 0x70, 0xd, 0x1c, 0x34, 0x75, 0x5d, 0x1c,
    0x34, 0x7f, 0xfd, 0x1c, 0x34, 0x0, 0x0, 0x1c,
    0x34, 0x0, 0x0, 0x1c, 0x3f, 0xff, 0xff, 0xfc,
    0x39, 0x55, 0x55, 0x6c, 0x34, 0x0, 0x0, 0x1c,

    /* U+56FA "固" */
    0x7f, 0xff, 0xff, 0xfd, 0x75, 0x55, 0x55, 0x5d,
    0x70, 0x2, 0x40, 0xd, 0x70, 0x3, 0x40, 0xd,
    0x73, 0xff, 0xff, 0xcd, 0x71, 0x57, 0x95, 0x4d,
    0x70, 0x3, 0x40, 0xd, 0x70, 0x57, 0x95, 0xd,
    0x70, 0xff, 0xff, 0xd, 0x70, 0xd0, 0x7, 0xd,
    0x70, 0xd0, 0x7, 0xd, 0x70, 0xff, 0xff, 0xd,
    0x70, 0x0, 0x0, 0xd, 0x7f, 0xff, 0xff, 0xfd,
    0x75, 0x55, 0x55, 0x5d, 0x70, 0x0, 0x0, 0xd,

    /* U+5728 "在" */
    0x0, 0x2, 0x0, 0x0, 0x0, 0x1, 0xc0, 0x0,
    0x1, 0x55, 0xf5, 0x55, 0x54, 0xff, 0xff, 0xff,
    0xff, 0x0, 0x3c, 0x0, 0x0, 0x0, 0x1c, 0x2,
    0x80, 0x0, 0xe, 0x0, 0xa0, 0x0, 0xf, 0x0,
    0x28, 0x0, 0xb, 0x8f, 0xff, 0xff, 0xb, 0xe1,
    0x57, 0xd5, 0x47, 0x78, 0x0, 0xa0, 0x0, 0x4e,
    0x0, 0x28, 0x0, 0x3, 0x80, 0xa, 0x0, 0x0,
    0xe0, 0x2, 0x80, 0x0, 0x39, 0x55, 0xf5, 0x54,
    0xe, 0xbf, 0xff, 0xfe, 0x3, 0x80, 0x0, 0x0,
    0x0,

    /* U+5730 "地" */
    0x0, 0x0, 0x3, 0x40, 0x0, 0x34, 0x9, 0x34,
    0x0, 0x3, 0x40, 0xd3, 0x40, 0x0, 0x34, 0xd,
    0x34, 0x10, 0x17, 0x90, 0xd3, 0xaf, 0x3, 0xff,
    0x4e, 0xbf, 0xb0, 0x3, 0x41, 0xff, 0x87, 0x0,
    0x34, 0x3e, 0x34, 0x70, 0x3, 0x40, 0xd3, 0x47,
    0x0, 0x34, 0xd, 0x34, 0x70, 0x3, 0x40, 0xd3,
    0x5f, 0x0, 0x3f, 0xd, 0x37, 0xd0, 0x3f, 0x90,
    0xd1, 0x0, 0x81, 0x0, 0xd, 0x0, 0x1c, 0x0,
    0x0, 0xf5, 0x57, 0xc0, 0x0, 0xb, 0xff, 0xf0,

    /* U+5747 "均" */
    0x0, 0x0, 0x0, 0x0, 0x0, 0xd0, 0xd, 0x0,
    0x0, 0x34, 0x7, 0x0, 0x0, 0xd, 0x3, 0xff,
    0xfe, 0x17, 0x91, 0xd0, 0x3, 0x8f, 0xfd, 0xf0,
    0x0, 0xe0, 0x34, 0x70, 0xe0, 0x38, 0xd, 0x4,
    0x1d, 0xe, 0x3, 0x40, 0x2, 0x43, 0x80, 0xd0,
    0x0, 0x4, 0xd0, 0x34, 0x0, 0x7e, 0x34, 0xf,
    0xc7, 0xf9, 0xd, 0x3f, 0x40, 0x90, 0x3, 0x44,
    0x0, 0x0, 0x1, 0xc0, 0x0, 0x0, 0x55, 0xf0,
    0x0, 0x0, 0x1f, 0xf0, 0x0, 0x0, 0x0, 0x0,
    0x0,

    /* U+578B "型" */
    0x1f, 0xff, 0xf0, 0x7, 0x0, 0x6d, 0x75, 0x28,
    0x70, 0x2, 0x83, 0x42, 0x87, 0x0, 0x2c, 0x34,
    0x28, 0x70, 0x3f, 0xff, 0xf6, 0x87, 0x0, 0x28,
    0x34, 0x28, 0x70, 0x3, 0x43, 0x42, 0x87, 0x0,
    0xf0, 0x34, 0x0, 0x70, 0x1c, 0x3, 0x40, 0xaf,
    0x0, 0x0, 0xa, 0x7, 0xd0, 0x0, 0x0, 0xb0,
    0x0, 0x0, 0xff, 0xff, 0xff, 0xf0, 0x0, 0x0,
    0xf0, 0x0, 0x1, 0x55, 0x5f, 0x55, 0x54, 0x3f,
    0xff, 0xff, 0xff, 0xc0,

    /* U+5907 "备" */
    0x0, 0x14, 0x0, 0x0, 0x0, 0xe, 0x0, 0x0,
    0x0, 0xb, 0xff, 0xff, 0x40, 0x7, 0xd5, 0x57,
    0xc0, 0x7, 0xf8, 0x2, 0xd0, 0x0, 0x87, 0xd7,
    0xd0, 0x0, 0x0, 0x7f, 0xd0, 0x0, 0x1a, 0xfe,
    0xbf, 0xa4, 0x3f, 0xe4, 0x1, 0xaf, 0x80, 0x55,
    0x55, 0x55, 0x0, 0x3f, 0xff, 0xff, 0xc0, 0xd,
    0x3, 0x40, 0x70, 0x3, 0xff, 0xff, 0xfc, 0x0,
    0xe5, 0x79, 0x5b, 0x0, 0x39, 0x5e, 0x56, 0xc0,
    0xf, 0xff, 0xff, 0xf0, 0x3, 0x40, 0x0, 0x1c,
    0x0,

    /* U+590D "复" */
    0x0, 0x40, 0x0, 0x0, 0x2, 0xd5, 0x55, 0x50,
    0x3, 0xff, 0xff, 0xf8, 0xf, 0x0, 0x0, 0x0,
    0x3f, 0xff, 0xff, 0xd0, 0x77, 0x40, 0x0, 0xd0,
    0x3, 0xff, 0xff, 0xd0, 0x3, 0x40, 0x0, 0xd0,
    0x3, 0xff, 0xff, 0xd0, 0x1, 0x79, 0x55, 0x40,
    0x0, 0xf5, 0x55, 0x40, 0x7, 0xff, 0xff, 0xd0,
    0x3e, 0xb4, 0xb, 0x80, 0x14, 0x2e, 0x7e, 0x0,
    0x0, 0x1f, 0xf8, 0x0, 0x2f, 0xf9, 0x6f, 0xf9,
    0x29, 0x40, 0x1, 0xac,

    /* U+5931 "失" */
    0x0, 0x0, 0xc0, 0x0, 0x0, 0xb0, 0x30, 0x0,
    0x0, 0x38, 0xc, 0x0, 0x0, 0xe, 0x5b, 0x95,
    0x50, 0xb, 0xff, 0xff, 0xfc, 0x3, 0x80, 0x30,
    0x0, 0x3, 0xc0, 0x1c, 0x0, 0x0, 0xd0, 0x7,
    0x0, 0x0, 0x15, 0x56, 0xd5, 0x55, 0xf, 0xff,
    0xff, 0xff, 0xc0, 0x0, 0x7e, 0x0, 0x0, 0x0,
    0x3c, 0xd0, 0x0, 0x0, 0x3c, 0x2d, 0x0, 0x0,
    0x7c, 0x2, 0xe0, 0x0, 0xbc, 0x0, 0x1f, 0x42,
    0xf8, 0x0, 0x0, 0xbd, 0x60, 0x0, 0x0, 0x2,
    0x0,

    /* U+5B57 "字" */
    0x0, 0x1, 0x40, 0x0, 0x0, 0x3, 0xc0, 0x0,
    0xbf, 0xff, 0xff, 0xff, 0xb5, 0x55, 0x55, 0x5b,
    0xb0, 0x0, 0x0, 0xb, 0x7, 0xff, 0xff, 0xd0,
    0x1, 0x55, 0x5b, 0xc0, 0x0, 0x0, 0x3e, 0x0,
    0x0, 0x2, 0xf4, 0x0, 0x0, 0x3, 0xc0, 0x0,
    0xbf, 0xff, 0xff, 0xff, 0x15, 0x57, 0xd5, 0x54,
    0x0, 0x2, 0xc0, 0x0, 0x0, 0x2, 0xc0, 0x0,
    0x0, 0x2, 0xc0, 0x0, 0x0, 0x97, 0xc0, 0x0,
    0x0, 0xff, 0x40, 0x0,

    /* U+5B58 "存" */
    0x0, 0x2, 0x0, 0x0, 0x0, 0x0, 0x70, 0x0,
    0x0, 0x2f, 0xff, 0xff, 0xff, 0xc1, 0x56, 0xd5,
    0x55, 0x54, 0x0, 0x38, 0x0, 0x0, 0x0, 0x7,
    0x5, 0x55, 0x40, 0x1, 0xe1, 0xff, 0xfd, 0x0,
    0x3c, 0x0, 0x3, 0xc0, 0xf, 0xc0, 0x1, 0xe0,
    0x2, 0xfc, 0x0, 0x28, 0x0, 0x12, 0xcf, 0xff,
    0xff, 0xc0, 0x2c, 0x55, 0x7d, 0x54, 0x2, 0xc0,
    0x2, 0x80, 0x0, 0x2c, 0x0, 0x28, 0x0, 0x2,
    0xc0, 0x2, 0x80, 0x0, 0x2c, 0x0, 0x78, 0x0,
    0x2, 0xc0, 0x1f, 0x40, 0x0,

    /* U+5B9A "定" */
    0x0, 0x1, 0x40, 0x0, 0x0, 0x0, 0xf0, 0x0,
    0x7, 0xff, 0xff, 0xff, 0xe1, 0xc0, 0x0, 0x0,
    0x38, 0x70, 0x0, 0x0, 0xe, 0x0, 0x55, 0x55,
    0x54, 0x0, 0xbf, 0xff, 0xfe, 0x0, 0x0, 0xb,
    0x0, 0x0, 0x1, 0x42, 0xc0, 0x0, 0x0, 0xe0,
    0xb0, 0x0, 0x0, 0x34, 0x2f, 0xfe, 0x0, 0x1d,
    0xb, 0x0, 0x0, 0xf, 0xc2, 0xc0, 0x0, 0xb,
    0x7c, 0xb0, 0x0, 0x7, 0x83, 0xfe, 0xaa, 0x92,
    0xc0, 0x1b, 0xff, 0xfc, 0x0, 0x0, 0x0, 0x0,
    0x0,

    /* U+5B9D "宝" */
    0x0, 0x2, 0x0, 0x0, 0x0, 0x3, 0x80, 0x0,
    0x15, 0x56, 0xd5, 0x55, 0xbf, 0xff, 0xff, 0xff,
    0xb0, 0x0, 0x0, 0xb, 0xb0, 0x0, 0x0, 0xb,
    0x7, 0xff, 0xff, 0xd0, 0x0, 0x3, 0x80, 0x0,
    0x0, 0x3, 0x40, 0x0, 0x1, 0x57, 0x95, 0x50,
    0xb, 0xff, 0xff, 0xf0, 0x0, 0x3, 0x80, 0x0,
    0x0, 0x3, 0x4b, 0x40, 0x0, 0x3, 0x43, 0xc0,
    0x15, 0x57, 0x95, 0x54, 0x7f, 0xff, 0xff, 0xff,
    0x0, 0x0, 0x0, 0x0,

    /* U+5BBD "宽" */
    0x0, 0x1, 0x40, 0x0, 0x0, 0x0, 0xf0, 0x0,
    0x7, 0xff, 0xff, 0xff, 0xf1, 0xd5, 0x55, 0x55,
    0x6c, 0x70, 0x34, 0xc, 0xb, 0x1, 0x5e, 0x57,
    0x55, 0x0, 0xff, 0xff, 0xff, 0x40, 0x0, 0xd0,
    0x30, 0x0, 0x3, 0xff, 0xff, 0xd0, 0x0, 0xd5,
    0x55, 0x74, 0x0, 0x30, 0x34, 0xd, 0x0, 0xc,
    0xd, 0x3, 0x40, 0x3, 0x7, 0x0, 0xd0, 0x0,
    0x43, 0xcd, 0x10, 0x40, 0x3, 0xd3, 0x40, 0x35,
    0x6f, 0xd0, 0xe0, 0x2c, 0xbe, 0x40, 0x2f, 0xfd,
    0x0, 0x0, 0x0, 0x0, 0x0,

    /* U+5BC6 "密" */
    0x0, 0x1, 0x40, 0x0, 0x0, 0x0, 0xb0, 0x0,
    0x7, 0xff, 0xff, 0xff, 0xf1, 0xd5, 0x59, 0x55,
    0x6c, 0x70, 0x13, 0xd2, 0xcb, 0x2, 0x1c, 0x27,
    0xd0, 0x1, 0xd7, 0xb, 0xc3, 0x80, 0xe1, 0xef,
    0x41, 0x74, 0x16, 0xfd, 0x2, 0xcb, 0x2f, 0xef,
    0xff, 0xd0, 0x1, 0x0, 0x55, 0x0, 0x0, 0x0,
    0x7, 0x0, 0x0, 0x2c, 0x2, 0xc0, 0x1c, 0xb,
    0x0, 0xb0, 0x7, 0x2, 0xd5, 0x6d, 0x56, 0xc0,
    0xbf, 0xff, 0xff, 0xf0, 0x0, 0x0, 0x0, 0x1c,
    0x0,

    /* U+5C4F "屏" */
    0x7, 0xff, 0xff, 0xff, 0x41, 0xc0, 0x0, 0x0,
    0xd0, 0x75, 0x55, 0x55, 0x74, 0x1f, 0xff, 0xff,
    0xfd, 0x7, 0x1, 0x0, 0x10, 0x1, 0xc0, 0xd0,
    0xd, 0x0, 0x71, 0x7d, 0x5b, 0x50, 0x1c, 0xff,
    0xff, 0xfd, 0xb, 0x0, 0xc0, 0x70, 0x2, 0xc0,
    0x70, 0x1c, 0x0, 0xe7, 0xff, 0xff, 0xfc, 0x38,
    0x5f, 0x56, 0xd5, 0xd, 0x3, 0x80, 0x70, 0xb,
    0x3, 0xc0, 0x1c, 0x3, 0xcb, 0xd0, 0x7, 0x0,
    0x90, 0x80, 0x1, 0xc0, 0x0, 0x0, 0x0, 0x0,
    0x0,

    /* U+5DE6 "左" */
    0x0, 0x4, 0x0, 0x0, 0x0, 0x3, 0x40, 0x0,
    0x0, 0x0, 0xd0, 0x0, 0x0, 0xbf, 0xff, 0xff,
    0xfc, 0x15, 0x7d, 0x55, 0x55, 0x0, 0xe, 0x0,
    0x0, 0x0, 0x7, 0x0, 0x0, 0x0, 0x3, 0x80,
    0x0, 0x0, 0x1, 0xe5, 0x55, 0x54, 0x0, 0xff,
    0xff, 0xff, 0x40, 0xf0, 0x3, 0x0, 0x0, 0xb4,
    0x0, 0xc0, 0x0, 0x38, 0x0, 0x30, 0x0, 0x0,
    0x0, 0xc, 0x0, 0x0, 0x55, 0x57, 0x55, 0x50,
    0x3f, 0xff, 0xff, 0xfe, 0x0, 0x0, 0x0, 0x0,
    0x0,

    /* U+5DF2 "已" */
    0x15, 0x55, 0x55, 0x40, 0x7f, 0xff, 0xff, 0xd0,
    0x0, 0x0, 0x0, 0xd0, 0x0, 0x0, 0x0, 0xd0,
    0x1c, 0x0, 0x0, 0xd0, 0x1c, 0x0, 0x0, 0xd0,
    0x1f, 0xff, 0xff, 0xd0, 0x1d, 0x55, 0x55, 0xd0,
    0x1c, 0x0, 0x0, 0x90, 0x1c, 0x0, 0x0, 0x0,
    0x1c, 0x0, 0x0, 0x4, 0x1c, 0x0, 0x0, 0xe,
    0x1c, 0x0, 0x0, 0xd, 0x1e, 0x55, 0x56, 0xbc,
    0xb, 0xff, 0xff, 0xe0,

    /* U+5E55 "幕" */
    0x0, 0x2c, 0x2, 0x80, 0x3, 0xff, 0xff, 0xff,
    0xfc, 0x0, 0x3c, 0x2, 0xc0, 0x0, 0x1b, 0xea,
    0xbe, 0x40, 0x1, 0xea, 0xaa, 0xb4, 0x0, 0x1e,
    0xaa, 0xab, 0x40, 0x1, 0xd5, 0x55, 0x74, 0x0,
    0x1f, 0xff, 0xff, 0x40, 0x0, 0x5f, 0x55, 0x50,
    0x2, 0xff, 0xff, 0xff, 0xf8, 0x1a, 0xfa, 0xfa,
    0xfa, 0x40, 0x2e, 0x5b, 0x5f, 0x80, 0xf, 0xff,
    0xff, 0xff, 0x43, 0x4d, 0xa, 0x3, 0x6c, 0x0,
    0xd0, 0xa1, 0xf4, 0x0, 0xd, 0xa, 0x5, 0x0,
    0x0, 0x0, 0xa0, 0x0, 0x0,

    /* U+5E73 "平" */
    0x3f, 0xff, 0xff, 0xfc, 0x15, 0x57, 0xd5, 0x54,
    0x4, 0x2, 0x80, 0x50, 0xe, 0x2, 0x80, 0xf0,
    0xb, 0x2, 0x80, 0xd0, 0x3, 0x82, 0x82, 0xc0,
    0x3, 0xc2, 0x83, 0x80, 0x1, 0x42, 0x82, 0x0,
    0x55, 0x57, 0xd5, 0x55, 0xff, 0xff, 0xff, 0xff,
    0x0, 0x2, 0x80, 0x0, 0x0, 0x2, 0x80, 0x0,
    0x0, 0x2, 0x80, 0x0, 0x0, 0x2, 0x80, 0x0,
    0x0, 0x2, 0x80, 0x0, 0x0, 0x2, 0x80, 0x0,

    /* U+5EA6 "度" */
    0x0, 0x0, 0x10, 0x0, 0x0, 0x0, 0x7, 0x40,
    0x0, 0x7, 0xff, 0xff, 0xff, 0x80, 0x70, 0x20,
    0x5, 0x0, 0x7, 0x3, 0x40, 0x70, 0x0, 0x7b,
    0xff, 0xff, 0xf8, 0x7, 0x3, 0x40, 0xb0, 0x0,
    0x70, 0x35, 0x5b, 0x0, 0x7, 0x3, 0xff, 0xf0,
    0x0, 0xb0, 0x0, 0x0, 0x0, 0xb, 0x3f, 0xff,
    0xfd, 0x0, 0xe1, 0xf5, 0x57, 0xc0, 0xd, 0x3,
    0xd1, 0xf0, 0x1, 0xc0, 0xb, 0xf8, 0x0, 0x3c,
    0x1b, 0xfb, 0xf9, 0x43, 0x4f, 0xa0, 0x6, 0xfc,
    0x0, 0x0, 0x0, 0x0, 0x0,

    /* U+5EFA "建" */
    0x0, 0x0, 0x1c, 0x0, 0x3f, 0xf0, 0x5b, 0x54,
    0x5, 0x7c, 0x7f, 0xff, 0xc0, 0xd, 0x0, 0x70,
    0x70, 0xf, 0x2f, 0xff, 0xff, 0x7, 0x41, 0x5b,
    0x5b, 0x43, 0xd4, 0x2, 0xc2, 0xc0, 0xbf, 0x1f,
    0xff, 0xf0, 0x0, 0xc0, 0x1c, 0x0, 0x8, 0x73,
    0xff, 0xff, 0x7, 0x28, 0x1, 0xc0, 0x0, 0xed,
    0x55, 0xb5, 0x54, 0x1f, 0x3f, 0xff, 0xff, 0x3,
    0xd0, 0x7, 0x0, 0x3, 0x9f, 0xe9, 0x55, 0x53,
    0x80, 0x6f, 0xff, 0xfc, 0x0, 0x0, 0x0, 0x0,
    0x0,

    /* U+5F00 "开" */
    0x2f, 0xff, 0xff, 0xfc, 0x1, 0x6d, 0x55, 0xd5,
    0x0, 0x7, 0x0, 0x30, 0x0, 0x1, 0xc0, 0xc,
    0x0, 0x0, 0x70, 0x3, 0x0, 0x0, 0x2c, 0x0,
    0xc0, 0x5, 0x5b, 0x55, 0xb9, 0x53, 0xff, 0xff,
    0xff, 0xfc, 0x0, 0xe0, 0x3, 0x0, 0x0, 0x34,
    0x0, 0xc0, 0x0, 0x1c, 0x0, 0x30, 0x0, 0xb,
    0x0, 0xc, 0x0, 0x7, 0x40, 0x3, 0x0, 0x3,
    0xc0, 0x0, 0xc0, 0x3, 0xc0, 0x0, 0x30, 0x1,
    0xc0, 0x0, 0xc, 0x0, 0x0, 0x0, 0x0, 0x0,
    0x0,

    /* U+5F53 "当" */
    0x0, 0x3, 0x40, 0x0, 0xb0, 0xd, 0x1, 0xd1,
    0xe0, 0x34, 0xf, 0x2, 0xc0, 0xd0, 0x74, 0x3,
    0x43, 0x43, 0xc0, 0x0, 0xd, 0x0, 0x3, 0xff,
    0xff, 0xff, 0x5, 0x55, 0x55, 0x5d, 0x0, 0x0,
    0x0, 0x34, 0x0, 0x0, 0x0, 0xd1, 0xff, 0xff,
    0xff, 0x41, 0x55, 0x55, 0x5d, 0x0, 0x0, 0x0,
    0x34, 0x0, 0x0, 0x0, 0xd3, 0xff, 0xff, 0xff,
    0x45, 0x55, 0x55, 0x6d, 0x0, 0x0, 0x0, 0x34,

    /* U+5F66 "彦" */
    0x0, 0x0, 0x50, 0x0, 0x0, 0x0, 0x3c, 0x0,
    0x0, 0xff, 0xff, 0xff, 0xf8, 0x0, 0xe0, 0x2,
    0xc0, 0x0, 0x1c, 0x0, 0xe0, 0x0, 0x57, 0x95,
    0xb5, 0x40, 0xbf, 0xff, 0xff, 0xf4, 0x28, 0x0,
    0x0, 0x0, 0xa, 0x0, 0x5b, 0xf4, 0x2, 0x8b,
    0xfe, 0x90, 0x0, 0xa0, 0x40, 0x7, 0xc0, 0x38,
    0x1, 0xbf, 0xd0, 0xe, 0x2f, 0xf9, 0x2, 0x3,
    0x46, 0x40, 0x1b, 0xd2, 0xc0, 0x5, 0xbf, 0x40,
    0xe2, 0xbf, 0xf8, 0x0, 0x20, 0x65, 0x0, 0x0,
    0x0,

    /* U+5FC3 "心" */
    0x0, 0x0, 0x0, 0x0, 0x0, 0x0, 0xb8, 0x0,
    0x0, 0x0, 0x2, 0xf0, 0x0, 0x0, 0x0, 0x7,
    0xc0, 0x0, 0x0, 0x4, 0x1d, 0x0, 0x0, 0x1,
    0xc0, 0x0, 0x40, 0x7, 0x1c, 0x0, 0xd, 0x0,
    0xb1, 0xc0, 0x0, 0xf0, 0xe, 0x1c, 0x0, 0xb,
    0x0, 0xe1, 0xc0, 0x0, 0x34, 0x1d, 0x1c, 0x0,
    0x3, 0xc2, 0xc1, 0xc0, 0x3, 0x6c, 0x3c, 0x1c,
    0x0, 0x35, 0x82, 0x81, 0xc0, 0x7, 0x0, 0x0,
    0x1e, 0x56, 0xf0, 0x0, 0x0, 0xbf, 0xfd, 0x0,

    /* U+5FEB "快" */
    0x1, 0xc0, 0xe, 0x0, 0x0, 0x1c, 0x0, 0xe0,
    0x0, 0x1, 0xc0, 0xe, 0x0, 0x0, 0x1c, 0x1f,
    0xff, 0xd0, 0x2d, 0xe0, 0x5f, 0x5e, 0x2, 0x9f,
    0x40, 0xe0, 0xe0, 0x39, 0xdc, 0xe, 0xe, 0x3,
    0x5c, 0x80, 0xe0, 0xe0, 0x31, 0xc5, 0x5f, 0x5e,
    0x40, 0x1c, 0xff, 0xff, 0xfc, 0x1, 0xc0, 0x1f,
    0x80, 0x0, 0x1c, 0x2, 0xdc, 0x0, 0x1, 0xc0,
    0x74, 0xf0, 0x0, 0x1c, 0xf, 0x7, 0x80, 0x1,
    0xc3, 0xd0, 0x1e, 0x0, 0x1c, 0xf4, 0x0, 0xbc,
    0x1, 0xcd, 0x0, 0x1, 0x80,

    /* U+6001 "态" */
    0x0, 0x0, 0x40, 0x0, 0x0, 0x0, 0xd, 0x0,
    0x0, 0x0, 0x1, 0xd0, 0x0, 0x0, 0xff, 0xff,
    0xff, 0xf0, 0x0, 0x3, 0x9d, 0x0, 0x0, 0x0,
    0x70, 0xb0, 0x0, 0x0, 0x1e, 0x3, 0xc0, 0x0,
    0x1f, 0x9d, 0xf, 0x40, 0x1f, 0xd0, 0xb8, 0x2f,
    0x80, 0x80, 0x0, 0x0, 0x14, 0x0, 0x10, 0xa0,
    0x4, 0x0, 0xb3, 0x47, 0x40, 0xe0, 0xe, 0x34,
    0x38, 0x7, 0x42, 0xc3, 0x40, 0xe, 0x38, 0x38,
    0x3d, 0x56, 0xd2, 0xc1, 0x1, 0xff, 0xf8, 0x0,

    /* U+6062 "恢" */
    0x3, 0x40, 0x70, 0x0, 0x0, 0x34, 0x7, 0x0,
    0x0, 0x3, 0x45, 0xb5, 0x55, 0x0, 0x38, 0xff,
    0xff, 0xf4, 0x27, 0xd0, 0xe0, 0x0, 0x3, 0x7b,
    0xd, 0xc, 0x0, 0x37, 0x40, 0xd0, 0xd0, 0x3,
    0x34, 0x1d, 0x4d, 0x30, 0x73, 0x43, 0xa8, 0xd7,
    0x1, 0x34, 0x37, 0x4d, 0xb0, 0x3, 0x4b, 0x71,
    0xee, 0x0, 0x35, 0xd0, 0x2f, 0x0, 0x3, 0x7c,
    0x3, 0x74, 0x0, 0x3b, 0x0, 0xf2, 0xc0, 0x3,
    0x40, 0x3c, 0xe, 0x0, 0x34, 0x1f, 0x0, 0x7c,
    0x3, 0x40, 0x80, 0x1, 0x40, 0x0, 0x0, 0x0,
    0x0,

    /* U+606F "息" */
    0x0, 0x2, 0x40, 0x0, 0x0, 0x15, 0x79, 0x55,
    0x40, 0x3, 0xff, 0xff, 0xfc, 0x0, 0x34, 0x0,
    0x1, 0xc0, 0x3, 0xff, 0xff, 0xfc, 0x0, 0x34,
    0x0, 0x1, 0xc0, 0x3, 0x40, 0x0, 0x1c, 0x0,
    0x3f, 0xff, 0xff, 0xc0, 0x3, 0x40, 0x0, 0x1c,
    0x0, 0x3f, 0xff, 0xff, 0xc0, 0x0, 0x0, 0x40,
    0x0, 0x0, 0x63, 0x4f, 0x0, 0x80, 0xe, 0x34,
    0x3c, 0xf, 0x2, 0xc3, 0x40, 0x4a, 0x34, 0x38,
    0x39, 0x55, 0xe2, 0xc1, 0x1, 0xff, 0xf8, 0x0,

    /* U+6210 "成" */
    0x0, 0x0, 0x1c, 0x60, 0x0, 0x0, 0x7, 0xe,
    0x0, 0x0, 0x1, 0xc1, 0x0, 0x3f, 0xff, 0xff,
    0xfc, 0xe, 0x55, 0x5d, 0x55, 0x3, 0x40, 0x3,
    0x40, 0x0, 0xd0, 0x0, 0xd0, 0xd0, 0x3f, 0xfc,
    0x38, 0x70, 0xe, 0x57, 0xa, 0x2c, 0x3, 0x41,
    0xc2, 0xce, 0x0, 0xd0, 0x70, 0x7b, 0x0, 0x34,
    0x1c, 0xf, 0x80, 0xc, 0x7, 0x3, 0xc0, 0xb,
    0x1b, 0xc1, 0xf4, 0x53, 0x87, 0xd1, 0xeb, 0x29,
    0xd0, 0x1, 0xf0, 0xed, 0x20, 0x0, 0x20, 0x1e,
    0x0,

    /* U+6241 "扁" */
    0x0, 0x0, 0x10, 0x0, 0x0, 0x0, 0x1d, 0x0,
    0x0, 0x7f, 0xff, 0xff, 0xf0, 0x1d, 0x55, 0x55,
    0x6c, 0x7, 0x0, 0x0, 0x7, 0x1, 0xff, 0xff,
    0xff, 0xc0, 0x75, 0x55, 0x55, 0x50, 0x1c, 0x0,
    0x0, 0x0, 0xb, 0x7f, 0xff, 0xff, 0x42, 0xdc,
    0x34, 0x70, 0xd0, 0xb7, 0xd, 0x1c, 0x34, 0x39,
    0xff, 0xff, 0xfd, 0xe, 0x75, 0xe6, 0xd7, 0x43,
    0x5c, 0x34, 0x70, 0xd2, 0xc7, 0xd, 0x1c, 0x34,
    0xe1, 0xc2, 0x42, 0x1d, 0x20, 0x0, 0x0, 0x1e,
    0x0, 0x0, 0x0, 0x0, 0x0,

    /* U+624B "手" */
    0x0, 0x0, 0x0, 0x14, 0x0, 0x1, 0x5a, 0xff,
    0xe0, 0xf, 0xff, 0xf9, 0x0, 0x0, 0x40, 0x7,
    0x0, 0x0, 0x0, 0x0, 0x70, 0x0, 0x0, 0x55,
    0x5b, 0x55, 0x50, 0xf, 0xff, 0xff, 0xff, 0x0,
    0x0, 0x7, 0x0, 0x0, 0x0, 0x0, 0x70, 0x0,
    0x1, 0x55, 0x5b, 0x55, 0x54, 0x3f, 0xff, 0xff,
    0xff, 0xc0, 0x0, 0x7, 0x0, 0x0, 0x0, 0x0,
    0x70, 0x0, 0x0, 0x0, 0x7, 0x0, 0x0, 0x0,
    0x0, 0x70, 0x0, 0x0, 0x1, 0x9f, 0x0, 0x0,
    0x0, 0x1f, 0xd0, 0x0, 0x0,

    /* U+6253 "打" */
    0x1, 0xc0, 0x0, 0x0, 0x0, 0x1c, 0xf, 0xff,
    0xfc, 0x1, 0xc0, 0x55, 0xb5, 0x41, 0x6d, 0x40,
    0x7, 0x0, 0x3f, 0xfc, 0x0, 0x70, 0x0, 0x1c,
    0x0, 0x7, 0x0, 0x1, 0xc0, 0x0, 0x70, 0x0,
    0x1c, 0x0, 0x7, 0x0, 0x1, 0xed, 0x0, 0x70,
    0x0, 0x7f, 0x40, 0x7, 0x0, 0x3f, 0xc0, 0x0,
    0x70, 0x1, 0x1c, 0x0, 0x7, 0x0, 0x1, 0xc0,
    0x0, 0x70, 0x0, 0x1c, 0x0, 0x7, 0x0, 0x1,
    0xc0, 0x0, 0x70, 0x2, 0x6c, 0x0, 0x5b, 0x0,
    0x2f, 0x80, 0xb, 0xe0, 0x0, 0x0, 0x0, 0x0,
    0x0,

    /* U+626B "扫" */
    0x1, 0xc0, 0x0, 0x0, 0x0, 0x70, 0x0, 0x0,
    0x0, 0x1c, 0x1f, 0xff, 0xf4, 0x5b, 0x57, 0xff,
    0xfd, 0x3f, 0xfc, 0x0, 0x3, 0x40, 0x70, 0x0,
    0x0, 0xd0, 0x1c, 0x0, 0x0, 0x34, 0x7, 0x1,
    0x55, 0x5d, 0x1, 0xfd, 0xff, 0xff, 0x46, 0xf8,
    0x0, 0x0, 0xd3, 0xfc, 0x0, 0x0, 0x34, 0x7,
    0x0, 0x0, 0xd, 0x1, 0xc0, 0x0, 0x3, 0x40,
    0x70, 0x55, 0x55, 0xd0, 0x1c, 0x2f, 0xff, 0xf4,
    0xaf, 0x0, 0x0, 0xd, 0x2f, 0x80, 0x0, 0x0,
    0x0,

    /* U+6295 "投" */
    0x2, 0xc0, 0x0, 0x0, 0x0, 0x2c, 0x7, 0xff,
    0x40, 0x2, 0xc0, 0x75, 0x74, 0x1, 0x7d, 0x4b,
    0x3, 0x40, 0x3f, 0xf8, 0xa0, 0x34, 0x0, 0x2c,
    0xd, 0x3, 0x40, 0x2, 0xc3, 0xc0, 0x3f, 0x80,
    0x2c, 0x10, 0x0, 0x10, 0x2, 0xfa, 0xff, 0xfd,
    0x1, 0xfd, 0xe, 0x55, 0xd0, 0x3f, 0xc0, 0xb0,
    0x2c, 0x0, 0x2c, 0x3, 0x83, 0x80, 0x2, 0xc0,
    0x2e, 0xf0, 0x0, 0x2c, 0x0, 0xfc, 0x0, 0x2,
    0xc0, 0x2f, 0xe0, 0x1, 0x7c, 0x6f, 0x87, 0xf8,
    0x2f, 0x4b, 0x40, 0x6, 0x40, 0x0, 0x0, 0x0,
    0x0,

    /* U+62A4 "护" */
    0x1, 0xc0, 0x2, 0x0, 0x0, 0x70, 0x0, 0xe0,
    0x0, 0x1c, 0x0, 0x2c, 0x0, 0x5b, 0x51, 0xab,
    0xa9, 0x3f, 0xfc, 0xff, 0xff, 0x40, 0x70, 0x38,
    0x0, 0xd0, 0x1c, 0xe, 0x0, 0x34, 0x7, 0x3,
    0x80, 0xd, 0x1, 0xed, 0xf5, 0x57, 0x42, 0xfd,
    0x3f, 0xff, 0xd3, 0xfc, 0xe, 0x0, 0x0, 0x47,
    0x3, 0x40, 0x0, 0x1, 0xc0, 0xd0, 0x0, 0x0,
    0x70, 0x70, 0x0, 0x0, 0x1c, 0x2c, 0x0, 0x0,
    0x9f, 0xe, 0x0, 0x0, 0x2f, 0x82, 0x0, 0x0,
    0x0,

    /* U+62E9 "择" */
    0x3, 0x40, 0x0, 0x0, 0x0, 0xd1, 0xff, 0xff,
    0x80, 0x34, 0x1e, 0x56, 0xd0, 0x5e, 0x42, 0xc0,
    0xe0, 0x3f, 0xf4, 0x3d, 0xf0, 0x0, 0xd0, 0x3,
    0xf0, 0x0, 0x34, 0x7, 0xfe, 0x40, 0xd, 0x2f,
    0x81, 0xfe, 0x3, 0xa5, 0x7, 0x1, 0x1, 0xfc,
    0x56, 0xd5, 0x43, 0xf8, 0x2f, 0xff, 0xe0, 0x4d,
    0x0, 0x1c, 0x0, 0x3, 0x45, 0x5b, 0x55, 0x0,
    0xd2, 0xff, 0xff, 0xe0, 0x34, 0x0, 0x70, 0x0,
    0x5d, 0x0, 0x1c, 0x0, 0x2f, 0x0, 0x7, 0x0,
    0x0,

    /* U+6362 "换" */
    0x0, 0x0, 0x0, 0x0, 0x0, 0x38, 0x2, 0x80,
    0x0, 0x3, 0x80, 0x38, 0x0, 0x0, 0x38, 0xb,
    0xff, 0x0, 0x2b, 0xe1, 0xe5, 0xb0, 0x3, 0xff,
    0x38, 0xe, 0x0, 0x3, 0x81, 0x56, 0xd5, 0x0,
    0x38, 0x3f, 0xff, 0xf4, 0x3, 0x83, 0x43, 0x43,
    0x40, 0x3f, 0x74, 0x70, 0x34, 0x2f, 0xc3, 0x47,
    0x3, 0x42, 0xb8, 0xbf, 0xff, 0xfc, 0x3, 0x85,
    0x5f, 0xd5, 0x40, 0x38, 0x1, 0xce, 0x0, 0x3,
    0x80, 0x38, 0x74, 0x0, 0x38, 0xf, 0x3, 0xd0,
    0x27, 0x87, 0xc0, 0xf, 0xc2, 0xf0, 0x60, 0x0,
    0x18,

    /* U+6377 "捷" */
    0x3, 0x40, 0x7, 0x0, 0x0, 0x34, 0x0, 0x74,
    0x0, 0x3, 0x4b, 0xff, 0xff, 0xc2, 0xbe, 0x0,
    0x70, 0x0, 0x2b, 0xe3, 0xff, 0xff, 0x0, 0x34,
    0x5, 0x75, 0xb0, 0x3, 0x41, 0x57, 0x5b, 0x40,
    0x34, 0x7f, 0xff, 0xfc, 0x3, 0xb0, 0x7, 0x7,
    0x1, 0xfd, 0x3f, 0xff, 0xf0, 0x3f, 0x40, 0x7,
    0x0, 0x0, 0x34, 0x28, 0x74, 0x0, 0x3, 0x43,
    0x87, 0xff, 0x0, 0x34, 0x7d, 0x70, 0x0, 0x3,
    0x4e, 0x7f, 0x55, 0x42, 0xb6, 0xc0, 0x6f, 0xfc,
    0x1f, 0x14, 0x0, 0x0, 0x0, 0x0, 0x0, 0x0,
    0x0,

    /* U+63A5 "接" */
    0x3, 0x40, 0x2, 0x0, 0x0, 0xd0, 0x0, 0xd0,
    0x0, 0x34, 0x3f, 0xff, 0xf8, 0x5e, 0x4a, 0xaa,
    0xa9, 0x3f, 0xf4, 0x60, 0x1c, 0x0, 0xd0, 0xd,
    0xe, 0x0, 0x34, 0x7f, 0xff, 0xfc, 0xd, 0x5,
    0x65, 0x55, 0x3, 0xf0, 0xd, 0x0, 0xb, 0xf6,
    0xff, 0xff, 0xf3, 0xb4, 0x17, 0x96, 0xd4, 0xd,
    0x2, 0xc0, 0xb0, 0x3, 0x40, 0xf4, 0x38, 0x0,
    0xd0, 0x1f, 0xfc, 0x0, 0x34, 0x0, 0x7f, 0x40,
    0x5d, 0x6, 0xfd, 0xbd, 0x2f, 0x1, 0xe4, 0x2,
    0x0,

    /* U+63A7 "控" */
    0x3, 0x80, 0x7, 0x0, 0x0, 0xe0, 0x0, 0xd0,
    0x0, 0x38, 0x2a, 0xbe, 0xa8, 0x5e, 0x4f, 0xff,
    0xff, 0x3f, 0xf3, 0x0, 0x2, 0xc0, 0xe0, 0xc6,
    0xc, 0x60, 0x38, 0x3, 0xc3, 0xd0, 0xe, 0x47,
    0xc0, 0x3c, 0x3, 0xf6, 0x80, 0x2, 0xb, 0xf0,
    0x0, 0x0, 0x3, 0xb8, 0x2f, 0xff, 0xf0, 0xe,
    0x1, 0x5e, 0x54, 0x3, 0x80, 0x3, 0x80, 0x0,
    0xe0, 0x0, 0xe0, 0x0, 0x38, 0x0, 0x38, 0x0,
    0x9e, 0x1f, 0xff, 0xff, 0x2f, 0x0, 0x0, 0x0,
    0x0,

    /* U+63CF "描" */
    0x3, 0x80, 0x70, 0x1c, 0x0, 0x38, 0x7, 0x1,
    0xc0, 0x3, 0x81, 0xb5, 0x6d, 0x41, 0x79, 0xbf,
    0xff, 0xfc, 0x3f, 0xf0, 0xb0, 0x2c, 0x0, 0x38,
    0x6, 0x1, 0x80, 0x3, 0x80, 0x0, 0x0, 0x0,
    0x39, 0x3f, 0xff, 0xf4, 0x3, 0xf7, 0x43, 0x43,
    0x42, 0xfd, 0x34, 0x34, 0x34, 0x3b, 0x83, 0x83,
    0x43, 0x40, 0x38, 0x3f, 0xff, 0xf4, 0x3, 0x83,
    0x43, 0x43, 0x40, 0x38, 0x34, 0x34, 0x34, 0x3,
    0x83, 0x97, 0x97, 0x42, 0x78, 0x3f, 0xff, 0xf4,
    0x2f, 0x3, 0x40, 0x3, 0x40,

    /* U+63D0 "提" */
    0x3, 0x40, 0x0, 0x0, 0x0, 0xd0, 0xbf, 0xff,
    0x40, 0x34, 0x29, 0x55, 0xd0, 0x5e, 0x4b, 0x55,
    0x74, 0x3f, 0xf6, 0xff, 0xfd, 0x0, 0xd0, 0xa0,
    0x3, 0x40, 0x34, 0x2f, 0xff, 0xd0, 0xd, 0x1,
    0x55, 0x50, 0x3, 0xa5, 0x55, 0x55, 0x2, 0xff,
    0xff, 0xff, 0xd3, 0xf8, 0x14, 0x30, 0x0, 0xd,
    0xa, 0xd, 0x50, 0x3, 0x43, 0x43, 0xfd, 0x0,
    0xd1, 0xf4, 0xc0, 0x0, 0x34, 0xd7, 0xf9, 0x54,
    0xad, 0xf0, 0x1b, 0xfe, 0x1f, 0x14, 0x0, 0x0,
    0x0,

    /* U+641C "搜" */
    0x7, 0x0, 0x7, 0x0, 0x0, 0x70, 0x1f, 0x71,
    0x50, 0x7, 0x3, 0x97, 0x7f, 0x2, 0xb9, 0x30,
    0x70, 0x70, 0x1b, 0x93, 0xf7, 0x7f, 0x0, 0x70,
    0x35, 0x71, 0xb0, 0x7, 0x3, 0x7, 0x7, 0x0,
    0x70, 0x3f, 0xff, 0xf0, 0x7, 0xe1, 0x57, 0x54,
    0x2, 0xf8, 0x15, 0xb5, 0x50, 0x3f, 0x3, 0xff,
    0xff, 0x0, 0x70, 0x8, 0x1, 0xd0, 0x7, 0x0,
    0xf0, 0x78, 0x0, 0x70, 0x3, 0xfd, 0x0, 0x7,
    0x5, 0xbf, 0xfa, 0x43, 0xf0, 0xff, 0x6, 0xfc,
    0x2e, 0xa, 0x40, 0x0, 0x0, 0x0, 0x0, 0x0,
    0x0,

    /* U+6478 "摸" */
    0x3, 0x80, 0x70, 0x30, 0x0, 0x38, 0x7, 0x47,
    0x40, 0x3, 0x8f, 0xff, 0xff, 0xc2, 0xbe, 0x7,
    0x3, 0x0, 0x2b, 0xe3, 0xff, 0xff, 0x0, 0x38,
    0x39, 0x55, 0xb0, 0x3, 0x83, 0x40, 0x7, 0x0,
    0x38, 0x3f, 0xff, 0xf0, 0x3, 0xf7, 0x40, 0x7,
    0x2, 0xfc, 0x3f, 0xff, 0xf0, 0x3b, 0x80, 0x7,
    0x0, 0x0, 0x38, 0x55, 0xb5, 0x54, 0x3, 0x9f,
    0xff, 0xff, 0xc0, 0x38, 0x2, 0xdd, 0x0, 0x3,
    0x80, 0xb4, 0xb8, 0x2, 0x79, 0xbd, 0x2, 0xf8,
    0x2f, 0x19, 0x0, 0x2, 0x80,

    /* U+64CD "操" */
    0x7, 0x0, 0x0, 0x0, 0x0, 0x70, 0x1f, 0xff,
    0xc0, 0x7, 0x1, 0xc0, 0x1c, 0x3, 0xfe, 0x1f,
    0xff, 0xc0, 0x2b, 0xa0, 0x55, 0x54, 0x0, 0x70,
    0x55, 0x45, 0x50, 0x7, 0xb, 0xfc, 0xff, 0x80,
    0x70, 0xa2, 0xcd, 0x38, 0x7, 0xeb, 0xfc, 0xff,
    0x81, 0xfc, 0x0, 0x0, 0x0, 0x3f, 0x0, 0x7,
    0x40, 0x0, 0x70, 0xff, 0xff, 0xfc, 0x7, 0x0,
    0x2f, 0xd0, 0x0, 0x70, 0xb, 0x77, 0x80, 0x7,
    0x7, 0xc3, 0x1f, 0x41, 0xb1, 0xe0, 0x30, 0x3c,
    0x2e, 0x0, 0x3, 0x0, 0x40,

    /* U+65CB "旋" */
    0x1, 0x0, 0x14, 0x0, 0x0, 0x38, 0x3, 0x80,
    0x0, 0x2, 0xc0, 0x3f, 0xff, 0x83, 0xff, 0xdb,
    0x55, 0x54, 0x1f, 0x56, 0xd0, 0x0, 0x0, 0xb0,
    0x9, 0x55, 0x50, 0xb, 0x0, 0x3f, 0xff, 0x80,
    0xbf, 0xc0, 0x1c, 0x70, 0xa, 0x1c, 0x1, 0xc6,
    0x0, 0xe0, 0xc3, 0x1c, 0x0, 0xd, 0x1c, 0x31,
    0xff, 0x40, 0xd1, 0xc7, 0x1c, 0x0, 0xc, 0x1c,
    0xb1, 0xc0, 0x1, 0xc1, 0xcf, 0xec, 0x0, 0x38,
    0x29, 0xcb, 0xe5, 0x47, 0x5b, 0x78, 0x1b, 0xfc,
    0x21, 0xf2, 0x0, 0x0, 0x0, 0x0, 0x0, 0x0,
    0x0,

    /* U+65E5 "日" */
    0xff, 0xff, 0xff, 0xe5, 0x55, 0x5b, 0xd0, 0x0,
    0x7, 0xd0, 0x0, 0x7, 0xd0, 0x0, 0x7, 0xd0,
    0x0, 0x7, 0xe5, 0x55, 0x5b, 0xff, 0xff, 0xff,
    0xd0, 0x0, 0x7, 0xd0, 0x0, 0x7, 0xd0, 0x0,
    0x7, 0xd0, 0x0, 0x7, 0xe0, 0x0, 0xb, 0xff,
    0xff, 0xff, 0xe5, 0x55, 0x5b, 0xd0, 0x0, 0x7,

    /* U+65E7 "旧" */
    0x60, 0x3f, 0xff, 0xf5, 0xc0, 0xe5, 0x55, 0xd7,
    0x3, 0x40, 0x3, 0x5c, 0xd, 0x0, 0xd, 0x70,
    0x34, 0x0, 0x35, 0xc0, 0xd0, 0x0, 0xd7, 0x3,
    0x95, 0x57, 0x5c, 0xf, 0xff, 0xfd, 0x70, 0x34,
    0x0, 0x35, 0xc0, 0xd0, 0x0, 0xd7, 0x3, 0x40,
    0x3, 0x5c, 0xd, 0x0, 0xd, 0x70, 0x34, 0x0,
    0x35, 0xc0, 0xff, 0xff, 0xd7, 0x3, 0x55, 0x57,
    0x40, 0xd, 0x0, 0xd,

    /* U+661F "星" */
    0x7, 0xff, 0xff, 0xfc, 0x1, 0xd5, 0x55, 0x5b,
    0x0, 0x75, 0x55, 0x56, 0xc0, 0x1f, 0xff, 0xff,
    0xf0, 0x7, 0x0, 0x0, 0x1c, 0x1, 0xff, 0xff,
    0xff, 0x0, 0x25, 0x5f, 0x55, 0x40, 0xe, 0x3,
    0x80, 0x0, 0xb, 0xff, 0xff, 0xff, 0xb, 0x95,
    0x7d, 0x55, 0x43, 0x80, 0xf, 0x0, 0x0, 0x1f,
    0xff, 0xff, 0xf4, 0x0, 0x0, 0xf0, 0x0, 0x5,
    0x55, 0x7d, 0x55, 0x43, 0xff, 0xff, 0xff, 0xf8,

    /* U+663E "显" */
    0x3, 0xff, 0xff, 0xfc, 0x0, 0x39, 0x55, 0x56,
    0xc0, 0x3, 0x40, 0x0, 0x1c, 0x0, 0x3f, 0xff,
    0xff, 0xc0, 0x3, 0x95, 0x55, 0x6c, 0x0, 0x34,
    0x0, 0x1, 0xc0, 0x3, 0xff, 0xff, 0xfc, 0x0,
    0x15, 0x55, 0x55, 0x40, 0x1, 0x7, 0xd, 0x0,
    0x0, 0x70, 0x70, 0xe0, 0xd0, 0x3, 0xc7, 0xe,
    0x2c, 0x0, 0x1d, 0x70, 0xe7, 0x0, 0x0, 0x87,
    0xe, 0x10, 0x1, 0x55, 0xb5, 0xe5, 0x54, 0x3f,
    0xff, 0xff, 0xff, 0xc0,

    /* U+671F "期" */
    0x7, 0x3, 0x40, 0x0, 0x1, 0xc0, 0xd2, 0xff,
    0xd1, 0xb5, 0x78, 0xb5, 0x74, 0xff, 0xff, 0xac,
    0xd, 0x7, 0x3, 0x4b, 0x3, 0x41, 0xc1, 0xd2,
    0xea, 0xd0, 0x7f, 0xf4, 0xbf, 0xf4, 0x1c, 0xd,
    0x2c, 0xd, 0x7, 0x57, 0x4b, 0x3, 0x41, 0xff,
    0xd2, 0xd5, 0xd0, 0x70, 0x34, 0xbf, 0xf4, 0x6d,
    0x5e, 0x28, 0xd, 0x3f, 0xff, 0xee, 0x3, 0x40,
    0x40, 0x3, 0x40, 0xd0, 0x38, 0xb1, 0xc0, 0x34,
    0x7c, 0xd, 0xf0, 0x9d, 0x1c, 0x0, 0x24, 0x3f,
    0x0, 0x0, 0x0, 0x0, 0x0,

    /* U+672A "未" */
    0x0, 0x0, 0xe0, 0x0, 0x0, 0x0, 0x38, 0x0,
    0x0, 0x0, 0xe, 0x0, 0x0, 0x2f, 0xff, 0xff,
    0xf4, 0x1, 0x55, 0xe5, 0x54, 0x0, 0x0, 0x38,
    0x0, 0x0, 0x0, 0xe, 0x0, 0x0, 0x7f, 0xff,
    0xff, 0xfc, 0x5, 0x57, 0xfd, 0x55, 0x0, 0x2,
    0xff, 0x40, 0x0, 0x1, 0xde, 0xb0, 0x0, 0x1,
    0xe3, 0x8f, 0x0, 0x1, 0xe0, 0xe0, 0xf4, 0x2,
    0xe0, 0x38, 0xf, 0x83, 0xe0, 0xe, 0x0, 0xbc,
    0x80, 0x3, 0x80, 0x5, 0x0, 0x0, 0xe0, 0x0,
    0x0,

    /* U+672C "本" */
    0x0, 0x0, 0xd0, 0x0, 0x0, 0x0, 0x34, 0x0,
    0x0, 0x0, 0xd, 0x0, 0x0, 0x55, 0x57, 0x95,
    0x54, 0x2f, 0xff, 0xff, 0xff, 0x0, 0x1, 0xff,
    0x0, 0x0, 0x0, 0xee, 0xd0, 0x0, 0x0, 0xb3,
    0x6c, 0x0, 0x0, 0x74, 0xd3, 0x80, 0x0, 0x3c,
    0x34, 0x78, 0x0, 0x3c, 0xd, 0x7, 0x80, 0x3d,
    0x3, 0x80, 0xb8, 0x3c, 0xff, 0xff, 0xdb, 0x88,
    0x0, 0x38, 0x0, 0x50, 0x0, 0xd, 0x0, 0x0,
    0x0, 0x3, 0x40, 0x0, 0x0, 0x0, 0xd0, 0x0,
    0x0,

    /* U+673A "机" */
    0x1, 0xc0, 0x0, 0x0, 0x0, 0x1c, 0xb, 0xff,
    0x40, 0x1, 0xc0, 0xb5, 0x74, 0x1, 0x6d, 0x4b,
    0x3, 0x40, 0x3f, 0xfe, 0xb0, 0x34, 0x0, 0x2c,
    0xb, 0x3, 0x40, 0x3, 0xe0, 0xb0, 0x34, 0x0,
    0x3f, 0x8b, 0x3, 0x40, 0xb, 0xdd, 0xb0, 0x34,
    0x0, 0xec, 0x9e, 0x3, 0x40, 0x3d, 0xc0, 0xe0,
    0x34, 0x7, 0x1c, 0xd, 0x3, 0x40, 0x11, 0xc2,
    0xc0, 0x34, 0x0, 0x1c, 0x3c, 0x3, 0x5c, 0x1,
    0xcf, 0x40, 0x3e, 0xc0, 0x1d, 0xe0, 0x2, 0xf8,
    0x1, 0xc4, 0x0, 0x0, 0x0,

    /* U+6761 "条" */
    0x0, 0x20, 0x0, 0x0, 0x0, 0xf5, 0x55, 0x40,
    0x2, 0xff, 0xff, 0xd0, 0xf, 0xe0, 0x7, 0xc0,
    0x3c, 0x78, 0x1f, 0x0, 0x10, 0x1f, 0xf8, 0x0,
    0x0, 0x6f, 0xf9, 0x0, 0x6f, 0xf8, 0x1f, 0xfe,
    0x79, 0x0, 0x0, 0x6d, 0x55, 0x57, 0xd5, 0x54,
    0xff, 0xff, 0xff, 0xfe, 0x0, 0x2, 0x80, 0x0,
    0x2, 0xc2, 0x87, 0x40, 0xb, 0x42, 0x82, 0xe0,
    0x2d, 0x2, 0x80, 0xb8, 0x74, 0x17, 0x80, 0x1c,
    0x0, 0x1f, 0x0, 0x0,

    /* U+6765 "来" */
    0x0, 0x0, 0xa0, 0x0, 0x0, 0x0, 0xa, 0x0,
    0x0, 0xf, 0xff, 0xff, 0xff, 0x0, 0x55, 0x5f,
    0x55, 0x50, 0x2, 0x80, 0xa0, 0x28, 0x0, 0x1d,
    0xa, 0x7, 0x40, 0x0, 0xf0, 0xa0, 0xe0, 0x0,
    0x1, 0xa, 0x4, 0x0, 0x3f, 0xff, 0xff, 0xff,
    0xc1, 0x55, 0x7f, 0xd5, 0x54, 0x0, 0xf, 0xab,
    0x0, 0x0, 0x2, 0xca, 0x3c, 0x0, 0x0, 0xf0,
    0xa0, 0xf0, 0x0, 0x7d, 0xa, 0x3, 0xd0, 0x2f,
    0x0, 0xa0, 0xf, 0xc2, 0x80, 0xa, 0x0, 0x18,
    0x0, 0x0, 0xa0, 0x0, 0x0,

    /* U+677F "板" */
    0x2, 0xc0, 0x0, 0x6d, 0x0, 0x2c, 0xb, 0xff,
    0xe0, 0x2, 0xc0, 0xf9, 0x40, 0x1, 0x6d, 0x4d,
    0x0, 0x0, 0x3f, 0xfc, 0xd0, 0x0, 0x0, 0x3c,
    0xd, 0x55, 0x50, 0x3, 0xc0, 0xff, 0xff, 0x0,
    0x3f, 0xe, 0xc0, 0xb0, 0xb, 0xf9, 0xcd, 0xe,
    0x0, 0xfd, 0xdc, 0xa0, 0xd0, 0x1e, 0xc2, 0xc7,
    0x2c, 0x3, 0xac, 0x2c, 0x3f, 0x40, 0x32, 0xc3,
    0x80, 0xf0, 0x0, 0x2c, 0x74, 0x2f, 0x40, 0x2,
    0xcb, 0xb, 0x6e, 0x0, 0x2c, 0xe7, 0xd0, 0xbc,
    0x2, 0xc4, 0x20, 0x1, 0x40,

    /* U+6781 "极" */
    0x2, 0xc0, 0x0, 0x0, 0x0, 0x2c, 0x3f, 0xff,
    0x80, 0x2, 0xc1, 0xe5, 0x78, 0x1, 0x6d, 0x4e,
    0x3, 0x40, 0x3f, 0xfc, 0xd0, 0x70, 0x0, 0x3c,
    0xd, 0xf, 0x0, 0x3, 0xd0, 0xe0, 0xbf, 0x80,
    0x7f, 0xf, 0x0, 0x34, 0xb, 0xf8, 0xf4, 0x7,
    0x0, 0xfd, 0xde, 0xc0, 0xb0, 0x1e, 0xc1, 0xce,
    0xd, 0x3, 0x6c, 0x2c, 0x76, 0xc0, 0x22, 0xc3,
    0x82, 0xf4, 0x0, 0x2c, 0x74, 0x1f, 0x40, 0x2,
    0xcf, 0x7, 0xfd, 0x0, 0x2d, 0xd3, 0xe0, 0xb8,
    0x2, 0xc8, 0x24, 0x2, 0x40,

    /* U+6784 "构" */
    0x1, 0xc0, 0x8, 0x0, 0x0, 0x70, 0xb, 0x0,
    0x0, 0x1c, 0x3, 0x80, 0x0, 0x5b, 0x51, 0xff,
    0xfd, 0x3f, 0xfe, 0xfa, 0xab, 0x80, 0xb0, 0x74,
    0x0, 0xe0, 0x3e, 0x38, 0x40, 0x38, 0xf, 0xd0,
    0x70, 0xe, 0xb, 0xed, 0x38, 0x3, 0x43, 0xb3,
    0x8d, 0xb0, 0xd2, 0xdc, 0xb, 0xd, 0x34, 0xd7,
    0x3, 0x4b, 0xcd, 0x61, 0xc1, 0xff, 0xb3, 0x40,
    0x70, 0x24, 0x4, 0xc0, 0x1c, 0x0, 0x0, 0x70,
    0x7, 0x0, 0x2, 0x7c, 0x1, 0xc0, 0x0, 0xbc,
    0x0,

    /* U+67E5 "查" */
    0x0, 0x3, 0x80, 0x0, 0x15, 0x57, 0xd5, 0x54,
    0x3f, 0xff, 0xff, 0xfc, 0x0, 0x2f, 0xf4, 0x0,
    0x1, 0xf3, 0x8f, 0x40, 0x1f, 0x83, 0x82, 0xf4,
    0xbd, 0x2, 0x80, 0x7e, 0x10, 0x0, 0x0, 0x0,
    0xf, 0xff, 0xff, 0xf0, 0xe, 0x0, 0x0, 0xb0,
    0xf, 0xff, 0xff, 0xf0, 0xe, 0x55, 0x55, 0xb0,
    0xf, 0xaa, 0xaa, 0xf0, 0xa, 0xaa, 0xaa, 0xa0,
    0x55, 0x55, 0x55, 0x54, 0xff, 0xff, 0xff, 0xff,
    0x0, 0x0, 0x0, 0x0,

    /* U+6821 "校" */
    0x2, 0xc0, 0x2, 0x0, 0x0, 0x2c, 0x0, 0x34,
    0x0, 0x2, 0xc0, 0x57, 0xd5, 0x41, 0x6d, 0x6f,
    0xff, 0xfc, 0x3f, 0xfc, 0x0, 0x0, 0x0, 0x3c,
    0x2, 0x81, 0x80, 0x3, 0xd0, 0xb0, 0xf, 0x0,
    0x7f, 0x3d, 0x0, 0x3c, 0xb, 0xf9, 0x10, 0x4,
    0x40, 0xfd, 0xc3, 0x42, 0xc0, 0x1e, 0xc0, 0x2c,
    0x38, 0x3, 0xac, 0x0, 0xff, 0x0, 0x22, 0xc0,
    0x7, 0xd0, 0x0, 0x2c, 0x0, 0xbe, 0x0, 0x2,
    0xc0, 0x7e, 0x7d, 0x0, 0x2c, 0x2f, 0x40, 0xfc,
    0x2, 0xc3, 0x80, 0x2, 0x80, 0x0, 0x0, 0x0,
    0x0,

    /* U+683C "格" */
    0x0, 0x0, 0x0, 0x0, 0x0, 0x2c, 0x0, 0xe0,
    0x0, 0x2, 0xc0, 0x1e, 0x0, 0x0, 0x2c, 0x3,
    0xff, 0xf0, 0x16, 0xd4, 0x79, 0x5f, 0x3, 0xff,
    0xcf, 0xc1, 0xd0, 0x3, 0xc0, 0xce, 0x38, 0x0,
    0x3d, 0x0, 0x3f, 0x0, 0x7, 0xf0, 0xb, 0xf8,
    0x0, 0xbf, 0xdf, 0xd2, 0xf8, 0xf, 0xc8, 0x90,
    0x1, 0x82, 0xec, 0x7, 0xff, 0xf0, 0x36, 0xc0,
    0x75, 0x5b, 0x2, 0x2c, 0x7, 0x0, 0x70, 0x2,
    0xc0, 0x70, 0x7, 0x0, 0x2c, 0x7, 0x55, 0xb0,
    0x2, 0xc0, 0x7f, 0xff, 0x0, 0x2c, 0x7, 0x0,
    0x70,

    /* U+68C0 "检" */
    0x2, 0xc0, 0x3, 0x40, 0x0, 0x2c, 0x0, 0x78,
    0x0, 0x2, 0xc0, 0xf, 0xd0, 0x1, 0x6d, 0x43,
    0xcb, 0x40, 0x3f, 0xfc, 0xb0, 0x2e, 0x0, 0x3c,
    0x3d, 0x0, 0xbc, 0x3, 0xd3, 0x3f, 0xf9, 0x80,
    0x7f, 0x1, 0x55, 0x0, 0xb, 0xec, 0x9, 0x4,
    0x0, 0xec, 0x9c, 0xa0, 0xd0, 0x2e, 0xc0, 0xd7,
    0x1c, 0x3, 0x6c, 0xe, 0x72, 0xc0, 0x12, 0xc0,
    0xb2, 0x34, 0x0, 0x2c, 0x5, 0x7, 0x0, 0x2,
    0xc0, 0x55, 0xe5, 0x0, 0x2c, 0x3f, 0xff, 0xfc,
    0x2, 0xc0, 0x0, 0x0, 0x0,

    /* U+6B63 "正" */
    0xf, 0xff, 0xff, 0xff, 0x80, 0x55, 0x57, 0x55,
    0x50, 0x0, 0x0, 0x30, 0x0, 0x0, 0x0, 0x3,
    0x0, 0x0, 0x0, 0x40, 0x30, 0x0, 0x0, 0x1c,
    0x3, 0x0, 0x0, 0x1, 0xc0, 0x39, 0x55, 0x0,
    0x1c, 0x3, 0xff, 0xf0, 0x1, 0xc0, 0x30, 0x0,
    0x0, 0x1c, 0x3, 0x0, 0x0, 0x1, 0xc0, 0x30,
    0x0, 0x0, 0x1c, 0x3, 0x0, 0x0, 0x1, 0xc0,
    0x30, 0x0, 0x1, 0x6d, 0x57, 0x55, 0x54, 0x3f,
    0xff, 0xff, 0xff, 0xc0, 0x0, 0x0, 0x0, 0x0,

    /* U+6B65 "步" */
    0x0, 0x2, 0x80, 0x0, 0x0, 0x2, 0x80, 0x0,
    0x3, 0x42, 0xd5, 0x50, 0x3, 0x42, 0xff, 0xf0,
    0x3, 0x42, 0x80, 0x0, 0x3, 0x42, 0x80, 0x0,
    0xff, 0xff, 0xff, 0xff, 0x55, 0x55, 0x55, 0x55,
    0x0, 0x2, 0x40, 0x0, 0x1, 0xc2, 0x80, 0x10,
    0x3, 0xc2, 0x80, 0xf0, 0xf, 0x2, 0x83, 0xc0,
    0x2d, 0x2, 0x9f, 0x0, 0x0, 0x2, 0xf8, 0x0,
    0x0, 0x2f, 0x80, 0x0, 0x1b, 0xf4, 0x0, 0x0,
    0x39, 0x0, 0x0, 0x0,

    /* U+6BD4 "比" */
    0xb0, 0x1, 0xc0, 0x0, 0xb0, 0x1, 0xc0, 0x0,
    0xb0, 0x1, 0xc0, 0x0, 0xb0, 0x1, 0xc0, 0x20,
    0xb0, 0x1, 0xc1, 0xf4, 0xb5, 0x51, 0xdf, 0xd0,
    0xbf, 0xf5, 0xfd, 0x0, 0xb0, 0x1, 0xd0, 0x0,
    0xb0, 0x1, 0xc0, 0x0, 0xb0, 0x1, 0xc0, 0x0,
    0xb0, 0x1, 0xc0, 0x0, 0xb0, 0x1, 0xc0, 0x0,
    0xb0, 0x1, 0xc0, 0x8, 0xb0, 0xb1, 0xc0, 0x1c,
    0xbf, 0xe0, 0xe9, 0xbc, 0x79, 0x0, 0xbf, 0xf4,
    0x0, 0x0, 0x0, 0x0,

    /* U+6D4B "测" */
    0x4, 0x0, 0x0, 0x3, 0x47, 0x4f, 0xff, 0x0,
    0xd0, 0xb3, 0x95, 0xd7, 0x34, 0x4, 0xd0, 0x35,
    0xcd, 0x0, 0x35, 0xcd, 0x73, 0x4e, 0xd, 0x73,
    0x5c, 0xd1, 0xe3, 0x5c, 0xd7, 0x34, 0x14, 0xd7,
    0x35, 0xcd, 0x0, 0x35, 0xcd, 0x73, 0x40, 0xd,
    0x73, 0x5c, 0xd0, 0x33, 0x5c, 0xd7, 0x34, 0x2c,
    0xda, 0x35, 0xcd, 0xe, 0x13, 0x44, 0x13, 0x43,
    0x41, 0xcc, 0x0, 0xd2, 0xc0, 0xe2, 0xc0, 0x34,
    0xe0, 0xf0, 0x34, 0x9d, 0x20, 0x20, 0x9, 0x3f,
    0x0, 0x0, 0x0, 0x0, 0x0,

    /* U+6D88 "消" */
    0x4, 0x1, 0x7, 0x1, 0x3, 0xd1, 0xc1, 0xc2,
    0xc0, 0x3c, 0x3c, 0x71, 0xd0, 0x1, 0x2, 0x1c,
    0x60, 0x0, 0x1, 0x57, 0x55, 0xa, 0x1, 0xff,
    0xff, 0xd1, 0xf0, 0x70, 0x0, 0x34, 0x8, 0x1c,
    0x0, 0xd, 0x0, 0x7, 0xff, 0xff, 0x40, 0x41,
    0xc0, 0x0, 0xd0, 0x38, 0x70, 0x0, 0x34, 0x1c,
    0x1f, 0xff, 0xfd, 0xb, 0x7, 0x55, 0x57, 0x43,
    0x81, 0xc0, 0x0, 0xd1, 0xd0, 0x70, 0x0, 0x34,
    0xf0, 0x1c, 0x1, 0x5c, 0x24, 0x7, 0x0, 0xff,
    0x0, 0x0, 0x0, 0x0, 0x0,

    /* U+6E05 "清" */
    0x0, 0x0, 0xb, 0x0, 0x0, 0xe0, 0x15, 0xb5,
    0x50, 0x7, 0x8b, 0xff, 0xff, 0x80, 0x0, 0x0,
    0xb0, 0x0, 0x0, 0x3, 0xff, 0xff, 0x3, 0x80,
    0x0, 0xb0, 0x0, 0x1f, 0x1f, 0xff, 0xff, 0xc0,
    0x20, 0x0, 0x0, 0x0, 0x0, 0x1, 0x55, 0x54,
    0x0, 0x4, 0x3f, 0xff, 0xf0, 0x0, 0xd3, 0x40,
    0xb, 0x0, 0x2c, 0x3f, 0xff, 0xf0, 0x3, 0x83,
    0x40, 0xb, 0x0, 0xb0, 0x3f, 0xff, 0xf0, 0xe,
    0x3, 0x40, 0xb, 0x3, 0xc0, 0x30, 0x5, 0xe0,
    0x14, 0x3, 0x0, 0xbd, 0x0,

    /* U+6E90 "源" */
    0x0, 0x0, 0x0, 0x0, 0x1, 0xc1, 0xff, 0xff,
    0xfc, 0xf, 0x1d, 0x57, 0x95, 0x40, 0x21, 0xc0,
    0x74, 0x0, 0x0, 0x1c, 0xff, 0xff, 0x2, 0x41,
    0xcd, 0x0, 0x70, 0x2e, 0x1c, 0xe5, 0x57, 0x0,
    0x71, 0xcf, 0xff, 0xf0, 0x0, 0x1c, 0xd0, 0x3,
    0x0, 0x1, 0xcf, 0xff, 0xf0, 0x3, 0x2c, 0x56,
    0xd5, 0x0, 0x72, 0x82, 0x5c, 0x40, 0xe, 0x34,
    0x71, 0xce, 0x0, 0xd7, 0xe, 0x1c, 0x74, 0x2c,
    0xb3, 0xc1, 0xc2, 0xc3, 0x8d, 0x21, 0x6c, 0x8,
    0x20, 0x80, 0x1f, 0x40, 0x0,

    /* U+706B "火" */
    0x0, 0x0, 0xd0, 0x0, 0x0, 0x0, 0x34, 0x0,
    0x0, 0x4, 0xd, 0x0, 0x0, 0x3, 0x43, 0x40,
    0x38, 0x2, 0xc0, 0xd0, 0x1d, 0x0, 0xe0, 0x34,
    0xb, 0x0, 0x74, 0xe, 0x7, 0x80, 0x3c, 0x3,
    0xc3, 0xc0, 0x1, 0x1, 0xf8, 0x90, 0x0, 0x0,
    0xf7, 0x0, 0x0, 0x0, 0x74, 0xf0, 0x0, 0x0,
    0x3c, 0x1e, 0x0, 0x0, 0x7c, 0x1, 0xe0, 0x0,
    0xbc, 0x0, 0x2e, 0x1, 0xf8, 0x0, 0x1, 0xf4,
    0xf4, 0x0, 0x0, 0xe, 0x0, 0x0, 0x0, 0x0,
    0x0,

    /* U+70B9 "点" */
    0x0, 0x0, 0xd0, 0x0, 0x0, 0x0, 0xd, 0x0,
    0x0, 0x0, 0x0, 0xe5, 0x55, 0x0, 0x0, 0xf,
    0xff, 0xf0, 0x0, 0x0, 0xd0, 0x0, 0x0, 0x0,
    0xd, 0x0, 0x0, 0x7, 0xff, 0xff, 0xfc, 0x0,
    0x75, 0x55, 0x55, 0xc0, 0x7, 0x0, 0x0, 0xc,
    0x0, 0x70, 0x0, 0x0, 0xc0, 0x7, 0xff, 0xff,
    0xfc, 0x0, 0x15, 0x55, 0x55, 0x40, 0x2, 0x4,
    0x8, 0xd, 0x0, 0xb0, 0xd0, 0xe0, 0xf0, 0x1d,
    0xb, 0xb, 0x3, 0x42, 0xc0, 0x70, 0x34, 0x2c,
    0x0, 0x0, 0x0, 0x0, 0x0,

    /* U+70ED "热" */
    0x0, 0x0, 0x0, 0x0, 0x0, 0x1c, 0x0, 0xd0,
    0x0, 0x1, 0xc0, 0xd, 0x0, 0x0, 0x1c, 0xa,
    0xfa, 0x40, 0x3f, 0xfc, 0xaf, 0xb4, 0x1, 0x5d,
    0x40, 0xd3, 0x40, 0x1, 0xc0, 0xdd, 0x34, 0x0,
    0x1e, 0x8b, 0xc3, 0x40, 0x1b, 0xf8, 0x2e, 0x34,
    0x3, 0xac, 0x2, 0xf7, 0x40, 0x1, 0xc0, 0x35,
    0x75, 0xc0, 0x1c, 0xb, 0x2, 0xa8, 0xf, 0xc2,
    0xd0, 0x1f, 0x40, 0x50, 0x4, 0x0, 0x50, 0x7,
    0x9, 0xc, 0x9, 0x0, 0xe0, 0xb0, 0xa0, 0xb0,
    0x3c, 0x7, 0x3, 0x3, 0xc0, 0x0, 0x10, 0x10,
    0x10,

    /* U+7248 "版" */
    0x0, 0x34, 0x0, 0x19, 0x3, 0x4d, 0x1, 0xbf,
    0xc0, 0xd3, 0x47, 0xfa, 0x40, 0x34, 0xd1, 0xc0,
    0x0, 0xd, 0x34, 0x70, 0x0, 0x3, 0xef, 0x5d,
    0x55, 0x40, 0xea, 0x87, 0xff, 0xf0, 0x34, 0x1,
    0xec, 0x2c, 0xd, 0x0, 0xb3, 0xe, 0x3, 0xfe,
    0x2c, 0xe3, 0x40, 0xe7, 0x8e, 0x2e, 0xc0, 0x30,
    0xe3, 0x83, 0xe0, 0xc, 0x38, 0xd0, 0xb4, 0x7,
    0xe, 0x70, 0x7f, 0x2, 0x83, 0xbc, 0x7d, 0xf0,
    0xd0, 0xee, 0x7c, 0x1f, 0x20, 0x38, 0x8, 0x1,
    0x40,

    /* U+7259 "牙" */
    0x3f, 0xff, 0xff, 0xfe, 0x15, 0x55, 0x5b, 0x54,
    0x2, 0x0, 0x7, 0x0, 0xb, 0x0, 0x7, 0x0,
    0xe, 0x0, 0x7, 0x0, 0x2d, 0x0, 0x7, 0x0,
    0x2f, 0xff, 0xff, 0xff, 0x0, 0x0, 0xfb, 0x0,
    0x0, 0x2, 0xc7, 0x0, 0x0, 0xf, 0x47, 0x0,
    0x0, 0x7c, 0x7, 0x0, 0x3, 0xe0, 0x7, 0x0,
    0x2f, 0x40, 0x7, 0x0, 0xb4, 0x0, 0x7, 0x0,
    0x0, 0x2, 0x9b, 0x0, 0x0, 0x2, 0xfe, 0x0,

    /* U+72B6 "状" */
    0x0, 0x0, 0x0, 0x0, 0x0, 0x3, 0x40, 0x38,
    0x0, 0x0, 0x34, 0x3, 0x48, 0x0, 0x3, 0x40,
    0x34, 0xe0, 0x18, 0x34, 0x3, 0x43, 0x1, 0xd3,
    0x40, 0x34, 0x0, 0xb, 0x35, 0x57, 0x95, 0x40,
    0x13, 0x6f, 0xff, 0xfc, 0x0, 0x34, 0x3, 0xc0,
    0x0, 0x3, 0x40, 0x7d, 0x0, 0x0, 0xf4, 0x7,
    0xa0, 0x0, 0x7f, 0x40, 0xb7, 0x0, 0x2f, 0x34,
    0xd, 0x34, 0x3, 0x83, 0x41, 0xc2, 0xc0, 0x0,
    0x34, 0x38, 0xe, 0x0, 0x3, 0x4f, 0x0, 0xb4,
    0x0, 0x37, 0xc0, 0x3, 0xc0, 0x3, 0x60, 0x0,
    0x8,

    /* U+73B0 "现" */
    0x3f, 0xf8, 0xff, 0xfd, 0x1, 0x79, 0xd, 0x55,
    0xd0, 0x3, 0x40, 0xc1, 0xd, 0x0, 0x34, 0xc,
    0x34, 0xd0, 0x3, 0x40, 0xc3, 0xd, 0x0, 0x38,
    0xc, 0x30, 0xd0, 0x3f, 0xf4, 0xc7, 0xd, 0x0,
    0x38, 0xc, 0x70, 0xd0, 0x3, 0x40, 0xcb, 0xd,
    0x0, 0x34, 0xc, 0xfc, 0xd0, 0x3, 0x54, 0xf,
    0xc0, 0x0, 0x7f, 0x83, 0xec, 0x0, 0x3e, 0x40,
    0xb6, 0xc0, 0xc1, 0x0, 0x3d, 0x2d, 0x2c, 0x0,
    0xf, 0x1, 0xff, 0x40, 0x0, 0x0, 0x0, 0x0,

    /* U+7530 "田" */
    0x0, 0x0, 0x0, 0x7, 0xff, 0xff, 0xff, 0x70,
    0xb, 0x0, 0xb7, 0x0, 0xb0, 0xb, 0x70, 0xb,
    0x0, 0xb7, 0x0, 0xb0, 0xb, 0x75, 0x5b, 0x55,
    0xb7, 0xff, 0xff, 0xff, 0x70, 0xb, 0x0, 0xb7,
    0x0, 0xb0, 0xb, 0x70, 0xb, 0x0, 0xb7, 0x0,
    0xb0, 0xb, 0x75, 0x5b, 0x55, 0xf7, 0xff, 0xff,
    0xff, 0x70, 0x0, 0x0, 0xb0,

    /* U+7535 "电" */
    0x0, 0x7, 0x0, 0x0, 0x0, 0x1, 0xc0, 0x0,
    0x0, 0x0, 0xb0, 0x0, 0x0, 0xff, 0xff, 0xff,
    0xc0, 0x34, 0xb, 0x0, 0xb0, 0xc, 0x1, 0xc0,
    0x1c, 0x3, 0x55, 0xb5, 0x5b, 0x0, 0xff, 0xff,
    0xff, 0xc0, 0x34, 0x7, 0x0, 0xb0, 0xc, 0x1,
    0xc0, 0x1c, 0x3, 0x95, 0xb5, 0x5b, 0x0, 0xff,
    0xff, 0xff, 0xc0, 0x30, 0x7, 0x0, 0x0, 0x0,
    0x1, 0xc0, 0x1, 0xc0, 0x0, 0x75, 0x55, 0xf0,
    0x0, 0xb, 0xff, 0xf4,

    /* U+753B "画" */
    0xff, 0xff, 0xff, 0xff, 0x15, 0x55, 0x55, 0x55,
    0x40, 0x0, 0x0, 0x0, 0x0, 0x7, 0xff, 0xfd,
    0x0, 0x71, 0xc2, 0x83, 0x5c, 0x1c, 0x70, 0xa0,
    0xd7, 0x7, 0x1c, 0x38, 0x75, 0xc1, 0xc7, 0xff,
    0xfd, 0x70, 0x71, 0xc2, 0x83, 0x5c, 0x1c, 0x70,
    0xa0, 0xd7, 0x7, 0x1d, 0x79, 0x75, 0xc1, 0xc7,
    0xff, 0xfd, 0x70, 0x70, 0x0, 0x0, 0x1c, 0x1f,
    0xff, 0xff, 0xff, 0x7, 0x55, 0x55, 0x56, 0xc1,
    0xc0, 0x0, 0x0, 0x70,

    /* U+7684 "的" */
    0x0, 0x0, 0x0, 0x0, 0xb, 0x0, 0x2c, 0x0,
    0xa, 0x0, 0x38, 0x0, 0x7f, 0xf4, 0x79, 0x55,
    0x75, 0x74, 0xff, 0xff, 0x70, 0x36, 0xc0, 0xb,
    0x70, 0x37, 0x40, 0xa, 0x70, 0x34, 0x14, 0xa,
    0x7f, 0xf4, 0x2c, 0xa, 0x75, 0x74, 0xe, 0xe,
    0x70, 0x34, 0xb, 0xe, 0x70, 0x34, 0x0, 0xe,
    0x70, 0x34, 0x0, 0xe, 0x75, 0x74, 0x0, 0xd,
    0x7f, 0xf4, 0x0, 0xd, 0x70, 0x10, 0xb, 0xbc,
    0x0, 0x0, 0x7, 0xf4,

    /* U+76D1 "监" */
    0x0, 0x1c, 0x2, 0x0, 0x0, 0xe1, 0xc0, 0xb0,
    0x0, 0xe, 0x1c, 0xe, 0x0, 0x0, 0xe1, 0xc0,
    0xff, 0xf8, 0xe, 0x1c, 0x2d, 0x55, 0x40, 0xe1,
    0xc3, 0x84, 0x0, 0xe, 0x1c, 0xb0, 0xf0, 0x0,
    0xa1, 0xc9, 0x3, 0xc0, 0x0, 0x8, 0x0, 0x0,
    0x0, 0x15, 0x55, 0x55, 0x40, 0x7, 0xff, 0xff,
    0xfd, 0x0, 0x70, 0xb0, 0xe0, 0xd0, 0x7, 0xb,
    0xe, 0xd, 0x0, 0x70, 0xb0, 0xe0, 0xd0, 0x1b,
    0x5b, 0x5e, 0x5e, 0x43, 0xff, 0xff, 0xff, 0xfc,

    /* U+770B "看" */
    0x0, 0x0, 0x0, 0x0, 0x1, 0xff, 0xff, 0xff,
    0x80, 0x15, 0x7c, 0x0, 0x0, 0xf, 0xff, 0xff,
    0xf4, 0x1, 0x5f, 0x55, 0x54, 0xa, 0xab, 0xea,
    0xaa, 0x92, 0xaf, 0xea, 0xaa, 0xa4, 0x3, 0xd5,
    0x55, 0x50, 0x7, 0xff, 0xff, 0xfd, 0xb, 0xec,
    0x0, 0x3, 0x43, 0x87, 0xff, 0xff, 0xd0, 0x1,
    0xd5, 0x55, 0x74, 0x0, 0x75, 0x55, 0x5d, 0x0,
    0x1f, 0xff, 0xff, 0x40, 0x7, 0x55, 0x55, 0xd0,
    0x1, 0xff, 0xff, 0xf4, 0x0, 0x70, 0x0, 0xd,
    0x0,

    /* U+7801 "码" */
    0x15, 0x54, 0xff, 0xfe, 0xf, 0xff, 0x95, 0x57,
    0x40, 0x38, 0x0, 0x0, 0xd0, 0xc, 0x0, 0xe0,
    0x30, 0x7, 0x0, 0x34, 0x1c, 0x3, 0x80, 0x1c,
    0xb, 0x0, 0xff, 0x87, 0x2, 0x80, 0xbe, 0xf2,
    0xd5, 0xe5, 0x3b, 0x1c, 0xbf, 0xff, 0xc5, 0xc7,
    0x0, 0x0, 0xe0, 0x71, 0xc5, 0x55, 0x38, 0x1c,
    0x77, 0xff, 0xce, 0x7, 0xfc, 0x0, 0x3, 0x41,
    0xdb, 0x0, 0x0, 0xd0, 0x70, 0x0, 0x5, 0xb0,
    0x0, 0x0, 0x3, 0xf4,

    /* U+786E "确" */
    0x0, 0x0, 0x4, 0x0, 0x5, 0x55, 0x7, 0x55,
    0x3, 0xff, 0xd3, 0xff, 0xc0, 0xd, 0x2, 0xc0,
    0xe0, 0x3, 0x1, 0xe5, 0xb5, 0x1, 0xc0, 0xff,
    0xff, 0xd0, 0xe0, 0xd, 0x1c, 0x34, 0x7f, 0xe3,
    0x9b, 0x5d, 0x2f, 0x6c, 0xff, 0xff, 0x4e, 0xc7,
    0x34, 0x70, 0xd1, 0x71, 0xcd, 0x1c, 0x34, 0x1c,
    0x73, 0xff, 0xfd, 0x7, 0x1c, 0xd2, 0xc3, 0x41,
    0xff, 0x70, 0x70, 0xd0, 0x76, 0xfc, 0x1c, 0x34,
    0x1c, 0x1e, 0x7, 0x7d, 0x0, 0x2, 0x0, 0xf,
    0x0, 0x0, 0x0, 0x0, 0x0,

    /* U+793A "示" */
    0x5, 0x55, 0x55, 0x50, 0x3, 0xff, 0xff, 0xfe,
    0x0, 0x0, 0x0, 0x0, 0x0, 0x0, 0x0, 0x0,
    0x0, 0x0, 0x0, 0x0, 0x0, 0x1f, 0xff, 0xff,
    0xff, 0xc1, 0x55, 0x6d, 0x55, 0x40, 0x0, 0x7,
    0x0, 0x0, 0x0, 0x81, 0xc1, 0x40, 0x0, 0xb0,
    0x70, 0xf0, 0x0, 0x38, 0x1c, 0xf, 0x0, 0x3c,
    0x7, 0x0, 0xf0, 0x2d, 0x1, 0xc0, 0x1d, 0x1e,
    0x0, 0x70, 0x3, 0xc7, 0x1, 0x6c, 0x0, 0x10,
    0x0, 0xfe, 0x0, 0x0,

    /* U+79BB "离" */
    0x0, 0x6, 0x0, 0x0, 0x0, 0x7, 0x80, 0x0,
    0xff, 0xff, 0xff, 0xfd, 0x0, 0x50, 0x4, 0x0,
    0x28, 0xbe, 0x7d, 0x30, 0x28, 0x1f, 0xf4, 0x30,
    0x28, 0xf9, 0x2f, 0x30, 0x2d, 0x95, 0x56, 0x70,
    0x2f, 0xff, 0xff, 0xf0, 0x0, 0x7, 0x40, 0x0,
    0xbf, 0xff, 0xff, 0xfc, 0xb0, 0x2c, 0x14, 0x1c,
    0xb0, 0x74, 0x1d, 0xc, 0xb1, 0xfb, 0xff, 0xc,
    0xb0, 0xa9, 0x42, 0xc, 0xb0, 0x0, 0x1, 0x6c,
    0xb0, 0x0, 0x7, 0xf8, 0x0, 0x0, 0x0, 0x0,

    /* U+79F0 "称" */
    0x0, 0x18, 0x8, 0x0, 0x1, 0xbf, 0x7, 0x0,
    0x3, 0xfc, 0x2, 0xc0, 0x0, 0x7, 0x0, 0xff,
    0xfe, 0x1, 0xc0, 0x75, 0x57, 0x8f, 0xff, 0xbc,
    0x1, 0xc1, 0x7d, 0x6d, 0x1c, 0x20, 0xf, 0x82,
    0x7, 0x0, 0x7, 0xf4, 0x31, 0xca, 0x3, 0xf7,
    0xc, 0x72, 0xc1, 0xec, 0x87, 0x1c, 0x70, 0xf7,
    0x2, 0xc7, 0xc, 0x71, 0xc0, 0xd1, 0xc3, 0x44,
    0x70, 0x70, 0x70, 0xe0, 0x1c, 0x0, 0x1c, 0x10,
    0x7, 0x0, 0x5b, 0x0, 0x1, 0xc0, 0x1f, 0x80,
    0x0,

    /* U+7A0B "程" */
    0x0, 0x4, 0x0, 0x0, 0x6, 0xff, 0x2f, 0xff,
    0xc1, 0xac, 0xa, 0x55, 0x70, 0x7, 0x2, 0x80,
    0xc, 0x1, 0xc0, 0xa0, 0x3, 0xf, 0xff, 0xaf,
    0xff, 0xc1, 0x6d, 0x41, 0x55, 0x50, 0xf, 0x40,
    0x0, 0x0, 0x3, 0xf4, 0xff, 0xff, 0x82, 0xfb,
    0x0, 0xb0, 0x0, 0xec, 0x0, 0x1c, 0x0, 0xf7,
    0x2, 0xff, 0xfc, 0x35, 0xc0, 0x56, 0xd5, 0x0,
    0x70, 0x0, 0x70, 0x0, 0x1c, 0x0, 0x2c, 0x0,
    0x7, 0xb, 0xff, 0xff, 0x1, 0xc0, 0x0, 0x0,
    0x0,

    /* U+7A7A "空" */
    0x0, 0x1, 0x40, 0x0, 0x0, 0x0, 0xb0, 0x0,
    0x7, 0xff, 0xff, 0xff, 0xf1, 0xd5, 0x55, 0x55,
    0x6c, 0x70, 0x4, 0x4, 0x7, 0x0, 0x1e, 0x7,
    0xd0, 0x0, 0x3e, 0x0, 0x2f, 0x0, 0xfd, 0x0,
    0x1, 0xf4, 0x24, 0x0, 0x0, 0x8, 0x1, 0x55,
    0x55, 0x55, 0x0, 0xff, 0xff, 0xff, 0xc0, 0x0,
    0x7, 0x0, 0x0, 0x0, 0x1, 0xc0, 0x0, 0x0,
    0x0, 0x70, 0x0, 0x1, 0x55, 0x6d, 0x55, 0x50,
    0xff, 0xff, 0xff, 0xfc, 0x0, 0x0, 0x0, 0x0,
    0x0,

    /* U+7B97 "算" */
    0x0, 0x40, 0x1, 0x0, 0x0, 0x2d, 0x54, 0x79,
    0x54, 0x7, 0xff, 0xcf, 0xff, 0xc1, 0xe1, 0xd3,
    0xc3, 0x80, 0x14, 0x9, 0x20, 0x10, 0x0, 0x3f,
    0xff, 0xff, 0xd0, 0x3, 0x40, 0x0, 0x1d, 0x0,
    0x3f, 0xff, 0xff, 0xd0, 0x3, 0x95, 0x55, 0x5d,
    0x0, 0x39, 0x55, 0x55, 0xd0, 0x3, 0xff, 0xff,
    0xfd, 0x0, 0x16, 0xd5, 0x79, 0x40, 0x15, 0x6d,
    0x57, 0x95, 0x43, 0xff, 0xff, 0xff, 0xfc, 0x0,
    0x78, 0x3, 0x80, 0x0, 0x7f, 0x0, 0x38, 0x0,
    0x7, 0x40, 0x3, 0x80, 0x0, 0x0, 0x0, 0x0,
    0x0,

    /* U+7C7B "类" */
    0x0, 0x40, 0xa0, 0x20, 0x0, 0x78, 0x28, 0x3c,
    0x0, 0x7, 0xa, 0x2c, 0x0, 0x15, 0x57, 0xd5,
    0x54, 0x1f, 0xff, 0xff, 0xff, 0x40, 0x7, 0xf8,
    0x40, 0x0, 0xb, 0x8a, 0x3d, 0x0, 0x7f, 0x42,
    0x82, 0xf4, 0x9, 0x0, 0x0, 0x1e, 0x0, 0x0,
    0x30, 0x0, 0x0, 0x0, 0x1c, 0x0, 0x0, 0xff,
    0xff, 0xff, 0xfe, 0x0, 0xb, 0xb8, 0x0, 0x0,
    0xb, 0xc7, 0x80, 0x0, 0x2f, 0xc0, 0x7e, 0x40,
    0xff, 0x40, 0x1, 0xfe, 0x14, 0x0, 0x0, 0x1,
    0x0,

    /* U+7CFB "系" */
    0x0, 0x0, 0x15, 0xa0, 0x2f, 0xff, 0xff, 0xe0,
    0x5, 0x6d, 0x0, 0x0, 0x0, 0x38, 0x6, 0x0,
    0x0, 0xe0, 0x2d, 0x0, 0x7, 0x85, 0xb4, 0x0,
    0xf, 0xff, 0xc1, 0x0, 0x5, 0x1e, 0x3, 0xc0,
    0x0, 0xb4, 0x1, 0xe0, 0xb, 0xd6, 0xbf, 0xf4,
    0x1f, 0xfb, 0xd4, 0x2c, 0x0, 0x2, 0xc0, 0x8,
    0x1, 0xc2, 0xc7, 0x40, 0x7, 0x82, 0xc2, 0xd0,
    0x2e, 0x2, 0xc0, 0xb4, 0xf4, 0x17, 0xc0, 0x3c,
    0x0, 0x1f, 0x80, 0x0,

    /* U+7EBF "线" */
    0x1, 0xc0, 0xb, 0x20, 0x0, 0x2c, 0x0, 0xb3,
    0xc0, 0x3, 0x40, 0xb, 0x8, 0x0, 0x71, 0xc0,
    0xb1, 0xa0, 0xd, 0x3c, 0x6f, 0xfe, 0x2, 0xeb,
    0x5f, 0xf4, 0x0, 0x2e, 0xe0, 0x7, 0x0, 0x0,
    0x2c, 0x0, 0x76, 0xfc, 0x7, 0x40, 0x6f, 0xf9,
    0x0, 0xe6, 0xbf, 0xb4, 0x20, 0x3f, 0xe4, 0x3,
    0x8f, 0x1, 0x90, 0x0, 0x2e, 0xd0, 0x0, 0x4,
    0x1, 0xf8, 0x0, 0x6f, 0xc0, 0x3f, 0xc, 0x3f,
    0x90, 0x6f, 0xb1, 0xc0, 0x0, 0x1f, 0x82, 0xf8,
    0x0, 0x0, 0x40, 0xb, 0x0,

    /* U+7ED1 "绑" */
    0x3, 0x0, 0xd0, 0x0, 0x1, 0xc0, 0x34, 0x3f,
    0xf0, 0xb0, 0x1e, 0x4e, 0x28, 0x35, 0x6f, 0xf7,
    0x4d, 0x1c, 0xe0, 0xd0, 0xd3, 0xe, 0xb4, 0x34,
    0x35, 0xc2, 0xbc, 0x7f, 0xcd, 0xa0, 0x1d, 0x7,
    0x93, 0x68, 0xe, 0x0, 0xd0, 0xd3, 0x7, 0x64,
    0x38, 0x34, 0xa3, 0xf8, 0xff, 0xed, 0x1c, 0x50,
    0x3, 0x43, 0x47, 0x0, 0x51, 0xc0, 0xd1, 0xc7,
    0xf4, 0xb0, 0x37, 0xd3, 0xd0, 0x34, 0xd, 0x0,
    0x0, 0x3c, 0x3, 0x40, 0x0, 0x5, 0x0, 0xd0,
    0x0,

    /* U+7EDF "统" */
    0x1, 0x0, 0x0, 0x0, 0x1, 0xc0, 0x3, 0x80,
    0x0, 0xe0, 0x15, 0xb5, 0x50, 0x34, 0x5f, 0xff,
    0xfc, 0x38, 0xb0, 0x3c, 0x0, 0x1d, 0x74, 0x1d,
    0x2c, 0xb, 0xfc, 0xe, 0x3, 0x40, 0x1c, 0xf,
    0x5b, 0xf0, 0xd, 0x3, 0xff, 0xcd, 0xf, 0x68,
    0xc, 0xb1, 0x4b, 0xf4, 0x7, 0x2c, 0x0, 0x0,
    0x2, 0xcb, 0x0, 0x5, 0xb0, 0xd2, 0xc7, 0x2f,
    0xe4, 0xb0, 0xb1, 0xc5, 0x0, 0x74, 0x2d, 0xb0,
    0x0, 0x28, 0x7, 0xf8, 0x0, 0x0, 0x0, 0x0,
    0x0,

    /* U+7EF4 "维" */
    0x0, 0x80, 0x18, 0x90, 0x0, 0x2c, 0x3, 0xcf,
    0x0, 0x3, 0x40, 0x74, 0x70, 0x0, 0x71, 0xcf,
    0xff, 0xfc, 0xd, 0x3e, 0xf5, 0xb5, 0x42, 0xeb,
    0x6b, 0x7, 0x0, 0x2f, 0xe0, 0x70, 0x70, 0x0,
    0x2c, 0x7, 0xff, 0xf8, 0x3, 0x40, 0x70, 0xb0,
    0x0, 0xe6, 0x47, 0x7, 0x0, 0x3f, 0xe4, 0x75,
    0xb5, 0x1, 0x90, 0x7, 0xff, 0xf8, 0x0, 0x18,
    0x70, 0x70, 0x2, 0xff, 0x87, 0x7, 0x0, 0x2d,
    0x0, 0x7f, 0xff, 0xc0, 0x0, 0x7, 0x55, 0x54,
    0x0, 0x0, 0x70, 0x0, 0x0,

    /* U+7F51 "网" */
    0x3f, 0xff, 0xff, 0xfd, 0x35, 0x55, 0x55, 0x5d,
    0x30, 0x8, 0x1, 0x4d, 0x30, 0xd, 0x43, 0x8d,
    0x33, 0xdd, 0xe3, 0x8d, 0x30, 0xfc, 0x77, 0x4d,
    0x30, 0x7c, 0x3f, 0xd, 0x30, 0x38, 0xf, 0xd,
    0x30, 0x7c, 0xf, 0xd, 0x30, 0xbe, 0x2f, 0x4d,
    0x31, 0xd7, 0x76, 0xcd, 0x33, 0xc0, 0xf0, 0xdd,
    0x3b, 0x2, 0xc0, 0x4d, 0x31, 0x0, 0x0, 0xd,
    0x30, 0x0, 0x1, 0x6c, 0x30, 0x0, 0x1, 0xf8,
    0x0, 0x0, 0x0, 0x0,

    /* U+7F6E "置" */
    0x2f, 0xff, 0xff, 0xf4, 0xb, 0xa, 0xe, 0xd,
    0x2, 0xeb, 0xeb, 0xeb, 0x40, 0x55, 0x5f, 0x55,
    0x40, 0x15, 0x57, 0xd5, 0x54, 0x1f, 0xff, 0xff,
    0xff, 0x0, 0x15, 0x79, 0x55, 0x0, 0x1e, 0xaa,
    0xab, 0x80, 0x7, 0xff, 0xff, 0xe0, 0x1, 0xd5,
    0x55, 0x68, 0x0, 0x7f, 0xff, 0xfe, 0x0, 0x1c,
    0x0, 0x2, 0x80, 0x7, 0xff, 0xff, 0xe0, 0x2,
    0xd5, 0x55, 0x78, 0xf, 0xff, 0xff, 0xff, 0xf0,

    /* U+8017 "耗" */
    0x1, 0xc0, 0x0, 0x4, 0x0, 0x70, 0x0, 0x6f,
    0x83, 0xff, 0xe7, 0xfd, 0x0, 0x5b, 0x54, 0x4d,
    0x0, 0x1, 0xc0, 0x3, 0x40, 0xb, 0xff, 0x80,
    0xfb, 0xc0, 0x5d, 0x43, 0xfe, 0x40, 0x7, 0x0,
    0x9d, 0x0, 0x3f, 0xff, 0x3, 0x40, 0x0, 0xb0,
    0x0, 0xeb, 0xd0, 0x3f, 0x7, 0xfe, 0x40, 0x3f,
    0xb5, 0x4d, 0x0, 0x2d, 0xcb, 0x3, 0x40, 0xd,
    0x70, 0x0, 0xd0, 0x70, 0x1c, 0x0, 0x3d, 0x7c,
    0x7, 0x0, 0xb, 0xfd, 0x1, 0xc0, 0x0, 0x0,
    0x0,

    /* U+80CE "胎" */
    0x0, 0x0, 0x1, 0x0, 0x0, 0xff, 0xc0, 0x34,
    0x0, 0xd, 0x6c, 0xb, 0x0, 0x0, 0xc1, 0xc0,
    0xd1, 0xc0, 0xd, 0x2c, 0x2c, 0xd, 0x0, 0xff,
    0xc7, 0x1, 0xf0, 0xd, 0x2c, 0xff, 0xff, 0x80,
    0xc1, 0xc5, 0x40, 0x28, 0xd, 0x6c, 0x0, 0x0,
    0x0, 0xff, 0xc7, 0xff, 0xf0, 0x1c, 0x1c, 0x75,
    0x5b, 0x1, 0xc1, 0xc7, 0x0, 0x70, 0x2c, 0x1c,
    0x70, 0x7, 0x3, 0xc1, 0xc7, 0x0, 0x70, 0x38,
    0x6c, 0x7f, 0xff, 0x3, 0x4f, 0x47, 0x55, 0xb0,
    0x10, 0x0, 0x70, 0x7, 0x0,

    /* U+80FD "能" */
    0x0, 0x0, 0x0, 0x0, 0x0, 0xe0, 0xd, 0x0,
    0x0, 0xb2, 0xc3, 0x46, 0xc0, 0xb4, 0x38, 0xff,
    0xd0, 0xbf, 0xff, 0x3d, 0x0, 0x1a, 0x50, 0xdd,
    0x1, 0x41, 0x55, 0x43, 0x40, 0xa0, 0xff, 0xf4,
    0xbf, 0xf4, 0x34, 0xd, 0x0, 0x40, 0xf, 0xff,
    0x4d, 0x0, 0x3, 0x80, 0xd3, 0x47, 0xe0, 0xe0,
    0x34, 0xff, 0x90, 0x3f, 0xfd, 0x39, 0x0, 0xe,
    0x3, 0x4d, 0x0, 0x83, 0x45, 0xd3, 0x95, 0xb0,
    0xd3, 0xf0, 0x7f, 0xf4, 0x0, 0x0, 0x0, 0x0,
    0x0,

    /* U+81EA "自" */
    0x0, 0x4, 0x0, 0x0, 0x2, 0xc0, 0x0, 0x15,
    0x79, 0x55, 0x47, 0xff, 0xff, 0xfd, 0x70, 0x0,
    0x0, 0xd7, 0x0, 0x0, 0xd, 0x7f, 0xff, 0xff,
    0xd7, 0x55, 0x55, 0x5d, 0x70, 0x0, 0x0, 0xd7,
    0x0, 0x0, 0xd, 0x7f, 0xff, 0xff, 0xd7, 0x55,
    0x55, 0x5d, 0x70, 0x0, 0x0, 0xd7, 0x0, 0x0,
    0xd, 0x7f, 0xff, 0xff, 0xd7, 0x0, 0x0, 0xd,
    0x70, 0x0, 0x0, 0xd0,

    /* U+8282 "节" */
    0x0, 0xb0, 0xe, 0x0, 0x0, 0xb0, 0xe, 0x0,
    0xff, 0xff, 0xff, 0xff, 0x55, 0xf5, 0x5f, 0x55,
    0x0, 0xb0, 0xe, 0x0, 0x0, 0x0, 0x0, 0x0,
    0x15, 0x55, 0x55, 0x50, 0x3f, 0xff, 0xff, 0xf4,
    0x0, 0x1c, 0x0, 0x34, 0x0, 0x1c, 0x0, 0x30,
    0x0, 0x1c, 0x0, 0x70, 0x0, 0x1c, 0x0, 0x70,
    0x0, 0x1c, 0x0, 0xb0, 0x0, 0x1c, 0x1f, 0xe0,
    0x0, 0x1c, 0x5, 0x40, 0x0, 0x1c, 0x0, 0x0,
    0x0, 0x1c, 0x0, 0x0,

    /* U+84DD "蓝" */
    0x0, 0x2c, 0x2, 0x80, 0x0, 0x2, 0xc0, 0x2c,
    0x0, 0x3f, 0xff, 0xff, 0xff, 0xc0, 0x57, 0xd5,
    0x7d, 0x50, 0x0, 0x14, 0x2, 0x40, 0x0, 0x20,
    0xd0, 0xb0, 0x0, 0x3, 0xd, 0xf, 0xff, 0x0,
    0x30, 0xd2, 0xd5, 0x50, 0x3, 0xd, 0x78, 0xd0,
    0x0, 0x30, 0xd2, 0xb, 0x0, 0x0, 0x4, 0x0,
    0x0, 0x0, 0x7f, 0xff, 0xff, 0xd0, 0x7, 0x5b,
    0x5e, 0x5d, 0x0, 0x70, 0xb0, 0xe0, 0xd0, 0x1b,
    0x5b, 0x5e, 0x5e, 0x43, 0xff, 0xff, 0xff, 0xfc,

    /* U+8681 "蚁" */
    0x1, 0xc0, 0x3, 0x40, 0x0, 0x1c, 0x0, 0x38,
    0x0, 0x1, 0xc0, 0x2, 0xc0, 0x1, 0x6d, 0x43,
    0x1c, 0x30, 0x3f, 0xfd, 0x34, 0x87, 0x3, 0x5c,
    0xd2, 0x80, 0xb0, 0x35, 0xcd, 0x1c, 0xe, 0x3,
    0x5c, 0xd0, 0xc0, 0xd0, 0x35, 0xcd, 0xa, 0x1c,
    0x3, 0xff, 0xd0, 0x73, 0xc0, 0x16, 0xd4, 0x3,
    0xf4, 0x0, 0x1d, 0x40, 0x1f, 0x0, 0x1, 0xcc,
    0x2, 0xf0, 0x0, 0x1e, 0xd0, 0xbb, 0xc0, 0x2f,
    0xee, 0x2e, 0xf, 0x2, 0x80, 0x7, 0x80, 0x3c,
    0x0, 0x0, 0x10, 0x0, 0x40,

    /* U+8682 "蚂" */
    0xd, 0x0, 0x0, 0x0, 0xd, 0x3, 0xff, 0xf8,
    0xd, 0x1, 0x55, 0x74, 0x5e, 0x50, 0x0, 0x30,
    0xff, 0xf0, 0xd0, 0x30, 0xdd, 0x70, 0xd0, 0x70,
    0xdd, 0x71, 0xc0, 0xb0, 0xdd, 0x72, 0xc0, 0xa0,
    0xdd, 0x72, 0xea, 0xf9, 0xff, 0xf2, 0xff, 0xff,
    0x5e, 0x50, 0x0, 0xe, 0xd, 0x1, 0x55, 0x4e,
    0xd, 0xa7, 0xff, 0xce, 0xe, 0xb0, 0x0, 0xd,
    0x6f, 0xf0, 0x0, 0xd, 0xf9, 0x20, 0x1, 0x6c,
    0x0, 0x0, 0x3, 0xf4,

    /* U+8868 "表" */
    0x0, 0x0, 0xa0, 0x0, 0x0, 0x0, 0xa, 0x0,
    0x0, 0x1f, 0xff, 0xff, 0xff, 0x40, 0x0, 0xf,
    0x0, 0x0, 0x5, 0x55, 0xf5, 0x55, 0x0, 0xbf,
    0xff, 0xff, 0xe0, 0x0, 0x0, 0xa0, 0x0, 0x1,
    0x55, 0x5f, 0x55, 0x54, 0x3f, 0xff, 0xff, 0xff,
    0xc0, 0x0, 0xe2, 0x80, 0x10, 0x0, 0x78, 0x1c,
    0x1f, 0x0, 0x7f, 0x40, 0xff, 0x80, 0x3f, 0x74,
    0x3, 0xc0, 0x1, 0x43, 0x40, 0x1f, 0x0, 0x0,
    0x35, 0xb0, 0x7e, 0x0, 0x3, 0xfe, 0x0, 0xbc,
    0x0, 0x24, 0x0, 0x0, 0x40,

    /* U+88AB "被" */
    0x2, 0x40, 0x1, 0xc0, 0x0, 0x2c, 0x0, 0x1c,
    0x0, 0x6, 0xd4, 0x56, 0xd5, 0x41, 0xff, 0xcf,
    0xff, 0xfc, 0x0, 0x38, 0xd2, 0xc3, 0xc0, 0x7,
    0xd, 0x1c, 0x34, 0x0, 0xd0, 0xd1, 0xc2, 0x0,
    0x3c, 0x9e, 0x6d, 0x50, 0xb, 0xec, 0xff, 0xff,
    0x3, 0xef, 0x8d, 0x0, 0x70, 0x25, 0xec, 0xdc,
    0xe, 0x0, 0x1c, 0x4c, 0xf1, 0xd0, 0x1, 0xc1,
    0xc3, 0xb8, 0x0, 0x1c, 0x3c, 0x1f, 0x0, 0x1,
    0xc3, 0x47, 0xfd, 0x0, 0x1c, 0xb7, 0xe0, 0xfc,
    0x1, 0xc5, 0x20, 0x2, 0x80,

    /* U+89C1 "见" */
    0x7, 0xff, 0xff, 0xd0, 0x1, 0xd5, 0x55, 0x74,
    0x0, 0x70, 0x20, 0xd, 0x0, 0x1c, 0xd, 0x3,
    0x40, 0x7, 0x3, 0x0, 0xd0, 0x1, 0xc1, 0xc0,
    0x34, 0x0, 0x70, 0x70, 0xd, 0x0, 0x1c, 0x1c,
    0x3, 0x40, 0x7, 0xb, 0xb0, 0xd0, 0x1, 0xc3,
    0xac, 0x34, 0x0, 0x61, 0xdb, 0x9, 0x0, 0x1,
    0xe2, 0xc0, 0x0, 0x1, 0xf0, 0xb0, 0x7, 0x7,
    0xe0, 0x1d, 0x57, 0x83, 0x80, 0x3, 0xff, 0xc0,
    0x0, 0x0, 0x0, 0x0,

    /* U+89C4 "规" */
    0x1, 0xc0, 0x0, 0x0, 0x0, 0x1c, 0x7, 0xff,
    0xf0, 0x1, 0xc0, 0x75, 0x5b, 0x2, 0xff, 0xd7,
    0x0, 0x70, 0x6, 0xd4, 0x73, 0x87, 0x0, 0x1c,
    0x7, 0x38, 0x70, 0x1, 0xc0, 0x73, 0x87, 0x3,
    0xff, 0xe7, 0x38, 0x70, 0x16, 0xd4, 0x73, 0x47,
    0x0, 0x2c, 0x7, 0x34, 0x70, 0x2, 0xd0, 0x63,
    0xb6, 0x0, 0x3b, 0x40, 0x77, 0x0, 0xb, 0x1e,
    0xe, 0x70, 0x0, 0xd0, 0x61, 0xd7, 0xc, 0x3c,
    0x0, 0x78, 0x75, 0xc1, 0x0, 0xe, 0x3, 0xf8,
    0x0, 0x0, 0x0, 0x0, 0x0,

    /* U+89E6 "触" */
    0x0, 0xc0, 0x0, 0x70, 0x0, 0xb0, 0x0, 0x1c,
    0x0, 0x7f, 0xf0, 0x7, 0x0, 0x38, 0x38, 0x2,
    0xc0, 0x3d, 0x6d, 0x4f, 0xff, 0x4b, 0xff, 0xf3,
    0x1c, 0xd0, 0xd3, 0x1c, 0xc7, 0x34, 0x39, 0xdb,
    0x31, 0xcd, 0xf, 0xff, 0xcc, 0x73, 0x43, 0x4c,
    0x73, 0x6d, 0xd0, 0xe7, 0x1c, 0xff, 0xf4, 0x3f,
    0xff, 0x1, 0xc0, 0xd, 0x71, 0xc0, 0x76, 0x3,
    0x4c, 0x70, 0x1c, 0xc0, 0xc2, 0x1c, 0xb, 0xb4,
    0x70, 0x2b, 0x7f, 0xee, 0x18, 0xf, 0x89, 0x2,
    0x80, 0x0, 0x0, 0x0, 0x0,

    /* U+8A00 "言" */
    0x0, 0x0, 0x0, 0x0, 0x0, 0x0, 0xe, 0x0,
    0x0, 0x15, 0x55, 0xf5, 0x55, 0x43, 0xff, 0xff,
    0xff, 0xfc, 0x0, 0x0, 0x0, 0x0, 0x0, 0x7f,
    0xff, 0xff, 0xd0, 0x1, 0x55, 0x55, 0x54, 0x0,
    0x0, 0x0, 0x0, 0x0, 0x7, 0xff, 0xff, 0xfd,
    0x0, 0x0, 0x0, 0x0, 0x0, 0x1, 0x55, 0x55,
    0x54, 0x0, 0x7f, 0xff, 0xff, 0xc0, 0x7, 0x0,
    0x0, 0x1c, 0x0, 0x70, 0x0, 0x1, 0xc0, 0x7,
    0x55, 0x55, 0x6c, 0x0, 0x7f, 0xff, 0xff, 0xc0,
    0x7, 0x0, 0x0, 0x1c, 0x0,

    /* U+8BA4 "认" */
    0x8, 0x0, 0xe, 0x0, 0x3, 0xc0, 0x3, 0x40,
    0x0, 0x74, 0x0, 0xd0, 0x0, 0xd, 0x0, 0x34,
    0x0, 0x0, 0x0, 0xd, 0x0, 0x15, 0x40, 0x3,
    0x40, 0xf, 0xf0, 0x1, 0xd0, 0x0, 0x1c, 0x0,
    0x78, 0x0, 0x7, 0x0, 0x2f, 0x0, 0x1, 0xc0,
    0xf, 0xc0, 0x0, 0x70, 0x3, 0xa8, 0x0, 0x1c,
    0x1, 0xd7, 0x0, 0x7, 0x20, 0xf0, 0xe0, 0x1,
    0xec, 0xb0, 0x1d, 0x0, 0x7c, 0xb4, 0x2, 0xd0,
    0x8, 0xb8, 0x0, 0x3c, 0x0, 0x4, 0x0, 0x1,
    0x0,

    /* U+8BBE "设" */
    0x4, 0x0, 0x0, 0x0, 0xe, 0x0, 0xff, 0xf0,
    0xb, 0x0, 0xe5, 0xb0, 0x3, 0x40, 0xd0, 0xb0,
    0x0, 0x0, 0xc0, 0xb0, 0x55, 0x2, 0xc0, 0x70,
    0xff, 0xb, 0x40, 0x7f, 0x7, 0x5, 0x0, 0x0,
    0x7, 0x3, 0xff, 0xfc, 0x7, 0x1, 0xd5, 0x78,
    0x7, 0x0, 0xe0, 0x70, 0x7, 0x0, 0x74, 0xe0,
    0x7, 0x20, 0x2f, 0xc0, 0x7, 0xf0, 0x2f, 0x80,
    0x7, 0xc2, 0xfa, 0xf4, 0x1, 0x1f, 0xc0, 0x7e,
    0x0, 0x4, 0x0, 0x4,

    /* U+8BD5 "试" */
    0x6, 0x0, 0x0, 0xc8, 0x0, 0xb0, 0x0, 0xc,
    0xe0, 0x3, 0xc0, 0x0, 0xc7, 0x0, 0x1c, 0x15,
    0x5e, 0x54, 0x0, 0x3, 0xff, 0xff, 0xc0, 0x0,
    0x0, 0xd, 0x0, 0x3f, 0x40, 0x0, 0xd0, 0x0,
    0x34, 0x15, 0x4d, 0x0, 0x3, 0x43, 0xfd, 0xe0,
    0x0, 0x34, 0xb, 0xa, 0x0, 0x3, 0x40, 0xb0,
    0xb0, 0x0, 0x34, 0xb, 0x7, 0x0, 0x3, 0x50,
    0xb0, 0x30, 0x40, 0x3f, 0xb, 0xb3, 0x5c, 0x3,
    0xd7, 0xfd, 0x29, 0xc0, 0x28, 0x64, 0x1, 0xf8,
    0x0, 0x0, 0x0, 0xb, 0x0,

    /* U+8BED "语" */
    0x4, 0x0, 0x0, 0x0, 0x3, 0x83, 0xff, 0xff,
    0xc0, 0x74, 0x16, 0xd5, 0x50, 0xd, 0x0, 0xa0,
    0x0, 0x0, 0x2, 0xbe, 0xa8, 0x15, 0x40, 0xae,
    0xaf, 0xf, 0xf0, 0x7, 0x2, 0xc0, 0x1c, 0x2,
    0xc0, 0xb0, 0x7, 0xf, 0xff, 0xff, 0x41, 0xc0,
    0x0, 0x0, 0x0, 0x70, 0x15, 0x55, 0x40, 0x1c,
    0xf, 0xff, 0xf8, 0x7, 0x13, 0x40, 0xe, 0x1,
    0xec, 0xd0, 0x3, 0x80, 0x7d, 0x39, 0x55, 0xe0,
    0x8, 0xf, 0xff, 0xf8, 0x0, 0x3, 0x40, 0xe,
    0x0,

    /* U+8C03 "调" */
    0x4, 0x0, 0x0, 0x0, 0xe, 0x3, 0xff, 0xff,
    0xb, 0x3, 0x55, 0x5b, 0x3, 0x43, 0x47, 0x7,
    0x0, 0x3, 0x5b, 0x47, 0x0, 0x3, 0x7f, 0xe7,
    0xff, 0x3, 0x47, 0x7, 0x7, 0x3, 0x7f, 0xf7,
    0x7, 0x3, 0x40, 0x7, 0x7, 0x3, 0x15, 0x47,
    0x7, 0x3, 0x3f, 0xe7, 0x7, 0x3, 0x34, 0xa7,
    0x7, 0x17, 0x39, 0xe7, 0x7, 0xbb, 0x3f, 0xe7,
    0x7, 0xdb, 0x0, 0x7, 0x3, 0x4e, 0x0, 0x5b,
    0x0, 0x9, 0x0, 0xbd, 0x0, 0x0, 0x0, 0x0,

    /* U+8D25 "败" */
    0x0, 0x0, 0x0, 0x0, 0x0, 0x55, 0x50, 0x38,
    0x0, 0xf, 0xff, 0x3, 0x40, 0x0, 0xc0, 0x30,
    0x75, 0x54, 0xc, 0x53, 0xb, 0xff, 0x80, 0xcd,
    0x30, 0xe0, 0xb0, 0xc, 0xd3, 0x1d, 0xb, 0x0,
    0xcd, 0x33, 0xe0, 0xe0, 0xc, 0xd3, 0x7f, 0xd,
    0x0, 0xcd, 0x31, 0x35, 0xc0, 0xc, 0xd3, 0x2,
    0xfc, 0x0, 0xdc, 0x30, 0xf, 0x40, 0x6, 0xc1,
    0x0, 0xf4, 0x0, 0x76, 0xc0, 0x3f, 0xc0, 0xe,
    0xf, 0xf, 0x4f, 0x43, 0xc0, 0x23, 0xd0, 0x3c,
    0x0, 0x0, 0x10, 0x0, 0x0,

    /* U+8F66 "车" */
    0x0, 0x1, 0x40, 0x0, 0x0, 0x0, 0x38, 0x0,
    0x0, 0x5, 0x5b, 0x55, 0x55, 0x1, 0xff, 0xff,
    0xff, 0xf4, 0x0, 0x2c, 0x0, 0x0, 0x0, 0x3,
    0x43, 0x0, 0x0, 0x0, 0xf0, 0x34, 0x0, 0x0,
    0x3c, 0x3, 0x40, 0x0, 0x3, 0xff, 0xff, 0xfd,
    0x0, 0x15, 0x57, 0x95, 0x40, 0x0, 0x0, 0x34,
    0x0, 0x1, 0x55, 0x57, 0x95, 0x54, 0x3f, 0xff,
    0xff, 0xff, 0xc0, 0x0, 0x3, 0x40, 0x0, 0x0,
    0x0, 0x34, 0x0, 0x0, 0x0, 0x3, 0x40, 0x0,
    0x0, 0x0, 0x34, 0x0, 0x0,

    /* U+8F6C "转" */
    0x0, 0x40, 0x1, 0x40, 0x0, 0x1c, 0x0, 0x34,
    0x0, 0x17, 0xd4, 0x6b, 0xaa, 0x43, 0xff, 0xdb,
    0xff, 0xf8, 0x7, 0x0, 0x7, 0x0, 0x0, 0xe0,
    0x0, 0xf0, 0x0, 0x1c, 0x61, 0xff, 0xff, 0xc3,
    0x8a, 0x1, 0xd0, 0x0, 0x3f, 0xfd, 0x2c, 0x0,
    0x0, 0xb, 0x2, 0xff, 0xf8, 0x0, 0xa0, 0x5,
    0x5b, 0x80, 0xb, 0xd0, 0x0, 0xf0, 0x3f, 0xf8,
    0x2d, 0x2d, 0x2, 0x9a, 0x1, 0xff, 0x40, 0x0,
    0xa0, 0x2, 0xf0, 0x0, 0xa, 0x0, 0x7, 0xc0,
    0x0, 0xa0, 0x0, 0x18, 0x0,

    /* U+8F6E "轮" */
    0x0, 0x40, 0x1, 0x0, 0x0, 0x1c, 0x0, 0x38,
    0x0, 0x17, 0xd4, 0xb, 0xc0, 0x3, 0xff, 0xd1,
    0xc7, 0x0, 0x7, 0x0, 0x70, 0x2c, 0x0, 0xe0,
    0x1d, 0x0, 0xb0, 0x1c, 0x63, 0x40, 0x1, 0xc3,
    0x8a, 0x7, 0x0, 0x0, 0x3f, 0xfd, 0x70, 0x8,
    0x0, 0xb, 0x7, 0xb, 0xd0, 0x0, 0xa0, 0x7b,
    0xd0, 0x0, 0x5f, 0xd7, 0x80, 0x0, 0x3f, 0xf4,
    0x70, 0x0, 0x0, 0xa, 0x7, 0x0, 0x30, 0x0,
    0xa0, 0x75, 0x5b, 0x0, 0xa, 0x3, 0xff, 0xd0,
    0x0, 0xa0, 0x0, 0x0, 0x0,

    /* U+8F8B "辋" */
    0x1, 0x40, 0x0, 0x0, 0x0, 0xa0, 0xbf, 0xff,
    0xe1, 0x79, 0x29, 0x55, 0x68, 0xff, 0xea, 0x30,
    0xea, 0xb, 0x2, 0x8d, 0x32, 0x83, 0x80, 0xa2,
    0x6c, 0xa1, 0xcc, 0x2a, 0xff, 0xe8, 0xe3, 0xa,
    0x8, 0xa, 0x3f, 0xfa, 0x83, 0x82, 0x80, 0x74,
    0xaf, 0xff, 0xa0, 0xc, 0x29, 0xc0, 0x28, 0x7,
    0xaa, 0x70, 0xa, 0x3f, 0xf6, 0x9d, 0x52, 0x8a,
    0x70, 0xa7, 0xfd, 0xa0, 0xc, 0x28, 0x0, 0x28,
    0x3, 0xa, 0x0, 0x5e, 0x0, 0xc2, 0x80, 0x2f,
    0x40, 0x0, 0x0, 0x0, 0x0,

    /* U+8FB9 "边" */
    0x0, 0x0, 0x1c, 0x0, 0x2, 0xd0, 0x1, 0xc0,
    0x0, 0xf, 0x0, 0x1c, 0x0, 0x0, 0x34, 0x56,
    0xd5, 0x40, 0x0, 0xf, 0xff, 0xfe, 0x0, 0x0,
    0x3, 0x80, 0xe0, 0x15, 0x0, 0x34, 0xe, 0x3,
    0xf4, 0x3, 0x40, 0xe0, 0x3, 0x40, 0xb0, 0xe,
    0x0, 0x34, 0xe, 0x0, 0xd0, 0x3, 0x42, 0xc0,
    0xd, 0x0, 0x34, 0x78, 0x0, 0xd0, 0x3, 0x4e,
    0x3, 0xfc, 0x0, 0x3c, 0x40, 0x15, 0x0, 0x2e,
    0xbe, 0xaa, 0xaa, 0x82, 0x80, 0xaf, 0xff, 0xf8,
    0x0, 0x0, 0x0, 0x0, 0x0,

    /* U+8FBE "达" */
    0x0, 0x0, 0xe, 0x0, 0x2, 0xd0, 0x0, 0xe0,
    0x0, 0xf, 0x40, 0xe, 0x0, 0x0, 0x30, 0x0,
    0xe0, 0x0, 0x0, 0xf, 0xff, 0xff, 0x0, 0x0,
    0x55, 0xe5, 0x50, 0x15, 0x0, 0xd, 0x0, 0x3,
    0xf4, 0x2, 0xf0, 0x0, 0x3, 0x40, 0x3b, 0xc0,
    0x0, 0x34, 0xb, 0xf, 0x40, 0x3, 0x42, 0xd0,
    0x3c, 0x0, 0x34, 0xb8, 0x0, 0xf0, 0x3, 0x4e,
    0x0, 0x3, 0x80, 0x3c, 0x0, 0x0, 0x0, 0x2e,
    0xbe, 0xaa, 0xaa, 0x82, 0x80, 0xaf, 0xff, 0xf8,
    0x0, 0x0, 0x0, 0x0, 0x0,

    /* U+8FD1 "近" */
    0x0, 0x0, 0x0, 0x0, 0x1, 0x80, 0x16, 0xaf,
    0xf0, 0x1f, 0x3, 0xfe, 0x94, 0x0, 0x34, 0x34,
    0x0, 0x0, 0x0, 0x3, 0x40, 0x0, 0x0, 0x0,
    0x3a, 0xaa, 0xa4, 0x15, 0x3, 0xff, 0xff, 0x83,
    0xf4, 0x34, 0xb, 0x0, 0x3, 0x47, 0x0, 0xb0,
    0x0, 0x34, 0xb0, 0xb, 0x0, 0x3, 0x4e, 0x0,
    0xb0, 0x0, 0x34, 0xd0, 0xb, 0x0, 0x3, 0x5c,
    0x0, 0xb0, 0x0, 0x38, 0x0, 0x6, 0x0, 0x2e,
    0xbe, 0xaa, 0xaa, 0x82, 0x80, 0xaf, 0xff, 0xf8,
    0x0, 0x0, 0x0, 0x0, 0x0,

    /* U+8FD4 "返" */
    0x0, 0x0, 0x0, 0x4, 0x1, 0x80, 0x15, 0xaf,
    0xe0, 0x1f, 0x3, 0xfa, 0x90, 0x0, 0x34, 0x34,
    0x0, 0x0, 0x0, 0x3, 0x40, 0x0, 0x0, 0x0,
    0x3f, 0xff, 0xf0, 0x15, 0x3, 0x40, 0xe, 0x3,
    0xf4, 0x3d, 0x1, 0xc0, 0x3, 0x43, 0xbd, 0x38,
    0x0, 0x34, 0x70, 0xbf, 0x0, 0x3, 0x4e, 0x7,
    0xf4, 0x0, 0x35, 0xd2, 0xe2, 0xe0, 0x3, 0x48,
    0xf4, 0x7, 0x40, 0x3c, 0x4, 0x0, 0x10, 0x2e,
    0xbe, 0xaa, 0xaa, 0x82, 0x80, 0xaf, 0xff, 0xf8,
    0x0, 0x0, 0x0, 0x0, 0x0,

    /* U+8FDC "远" */
    0x0, 0x0, 0x0, 0x0, 0x2, 0xc0, 0x3f, 0xff,
    0xe0, 0xf, 0x41, 0x55, 0x54, 0x0, 0x30, 0x0,
    0x0, 0x0, 0x0, 0x0, 0x0, 0x0, 0x0, 0x0,
    0xff, 0xff, 0xf8, 0x15, 0x5, 0xb5, 0xd5, 0x3,
    0xf4, 0x7, 0xc, 0x0, 0x3, 0x40, 0xb0, 0xc0,
    0x0, 0x34, 0xf, 0xc, 0x0, 0x3, 0x41, 0xe0,
    0xc0, 0x40, 0x34, 0x3c, 0xc, 0x1c, 0x3, 0x4f,
    0x40, 0xff, 0x80, 0x38, 0x80, 0x1, 0x50, 0x2e,
    0xbe, 0xaa, 0xaa, 0x82, 0x80, 0xaf, 0xff, 0xfc,
    0x0, 0x0, 0x0, 0x0, 0x0,

    /* U+8FDE "连" */
    0x0, 0x0, 0x18, 0x0, 0x2, 0xd0, 0x2, 0xc0,
    0x0, 0xf, 0x4b, 0xff, 0xff, 0x40, 0x20, 0x1b,
    0x55, 0x50, 0x0, 0x0, 0xe2, 0x40, 0x0, 0x0,
    0x2c, 0x34, 0x0, 0x2a, 0x3, 0xd7, 0x95, 0x3,
    0xf4, 0x3f, 0xff, 0xf0, 0x3, 0x40, 0x3, 0x40,
    0x0, 0x34, 0x0, 0x34, 0x0, 0x3, 0x4f, 0xff,
    0xff, 0x40, 0x34, 0x55, 0x79, 0x50, 0x3, 0x40,
    0x3, 0x40, 0x0, 0x3c, 0x0, 0x34, 0x0, 0x2e,
    0xbe, 0xaa, 0xaa, 0x82, 0x80, 0x6f, 0xff, 0xfc,
    0x0, 0x0, 0x0, 0x0, 0x0,

    /* U+9009 "选" */
    0x0, 0x0, 0x47, 0x0, 0x2, 0xc0, 0x2c, 0x70,
    0x0, 0xf, 0x3, 0x8b, 0x0, 0x0, 0x34, 0x7f,
    0xff, 0xe0, 0x0, 0xe, 0xb, 0x0, 0x0, 0x0,
    0x80, 0x70, 0x0, 0x15, 0x1a, 0xaf, 0xaa, 0x43,
    0xf5, 0xff, 0xff, 0xf4, 0x3, 0x40, 0x72, 0xc0,
    0x0, 0x34, 0xb, 0x2c, 0x0, 0x3, 0x40, 0xd2,
    0xc0, 0x0, 0x34, 0x3c, 0x2c, 0x2c, 0x3, 0x5f,
    0x41, 0xd7, 0x80, 0x38, 0x80, 0xb, 0xe0, 0x1e,
    0xbe, 0xaa, 0xaa, 0x82, 0x80, 0xaf, 0xff, 0xfc,
    0x0, 0x0, 0x0, 0x0, 0x0,

    /* U+901F "速" */
    0x0, 0x0, 0x7, 0x0, 0x1, 0xc0, 0x0, 0xb0,
    0x0, 0x1f, 0xf, 0xff, 0xff, 0x80, 0x34, 0x0,
    0x70, 0x0, 0x0, 0x1, 0x5b, 0x55, 0x0, 0x0,
    0x7f, 0xff, 0xf0, 0x0, 0x7, 0x7, 0x7, 0x3,
    0xf4, 0x70, 0x70, 0x70, 0x3, 0x47, 0xff, 0xff,
    0x0, 0x34, 0x7, 0xf1, 0x0, 0x3, 0x40, 0xe7,
    0x38, 0x0, 0x34, 0xb8, 0x71, 0xf4, 0x3, 0x4d,
    0x7, 0x2, 0x40, 0x7d, 0x0, 0x70, 0x0, 0x2e,
    0xbe, 0xaa, 0xaa, 0x82, 0x80, 0x6f, 0xff, 0xf8,
    0x0, 0x0, 0x0, 0x0, 0x0,

    /* U+914D "配" */
    0x3f, 0xff, 0xff, 0xff, 0x41, 0x6b, 0x51, 0x55,
    0x74, 0x2, 0xb4, 0x0, 0x3, 0x42, 0xff, 0xf4,
    0x0, 0x34, 0x2a, 0xb7, 0x40, 0x3, 0x42, 0xa7,
    0x75, 0x55, 0x74, 0x2b, 0x77, 0x7f, 0xff, 0x42,
    0xb3, 0xb7, 0x80, 0x30, 0x2f, 0x2f, 0x78, 0x0,
    0x2, 0xe0, 0x37, 0x80, 0x0, 0x29, 0x57, 0x78,
    0x0, 0x2, 0xff, 0xf7, 0x80, 0xd, 0x28, 0x3,
    0x78, 0x1, 0xc2, 0xff, 0xf7, 0xd5, 0xbc, 0x29,
    0x57, 0x5f, 0xff, 0x2, 0x80, 0x34, 0x0, 0x0,

    /* U+91CC "里" */
    0x1f, 0xff, 0xff, 0xf8, 0x1d, 0x56, 0xd5, 0x78,
    0x1c, 0x2, 0xc0, 0x38, 0x1d, 0x56, 0xd5, 0x78,
    0x1f, 0xff, 0xff, 0xf8, 0x1c, 0x2, 0xc0, 0x38,
    0x1c, 0x2, 0xc0, 0x38, 0x1f, 0xff, 0xff, 0xf8,
    0x5, 0x56, 0xd5, 0x50, 0x0, 0x2, 0xc0, 0x0,
    0x2f, 0xff, 0xff, 0xfc, 0x15, 0x56, 0xd5, 0x54,
    0x0, 0x2, 0xc0, 0x0, 0x55, 0x56, 0xd5, 0x55,
    0xbf, 0xff, 0xff, 0xff,

    /* U+91CD "重" */
    0x0, 0x0, 0x0, 0x0, 0x3, 0xff, 0xff, 0xff,
    0x80, 0x55, 0x5e, 0x0, 0x0, 0xff, 0xff, 0xff,
    0xff, 0x15, 0x55, 0xf5, 0x55, 0x40, 0x55, 0x7d,
    0x55, 0x0, 0xbf, 0xff, 0xff, 0xd0, 0x28, 0x3,
    0x80, 0x34, 0xb, 0xff, 0xff, 0xfd, 0x2, 0x80,
    0x38, 0x3, 0x40, 0xbf, 0xff, 0xff, 0xd0, 0x5,
    0x57, 0xd5, 0x50, 0x5, 0x55, 0xf5, 0x55, 0x7,
    0xff, 0xff, 0xff, 0xc1, 0x55, 0x5f, 0x55, 0x54,
    0xff, 0xff, 0xff, 0xff,

    /* U+91CF "量" */
    0x3, 0xff, 0xff, 0xfc, 0x0, 0x38, 0x0, 0x2,
    0xc0, 0x3, 0xff, 0xff, 0xfc, 0x0, 0x3a, 0xaa,
    0xab, 0xc0, 0x1, 0x55, 0x55, 0x54, 0x3, 0xff,
    0xff, 0xff, 0xf8, 0x0, 0x0, 0x0, 0x0, 0x0,
    0x3f, 0xff, 0xff, 0xc0, 0x3, 0x40, 0xe0, 0x2c,
    0x0, 0x3f, 0xff, 0xff, 0xc0, 0x3, 0x95, 0xf5,
    0x6c, 0x0, 0x15, 0x5f, 0x55, 0x40, 0xb, 0xff,
    0xff, 0xfe, 0x0, 0x55, 0x5f, 0x55, 0x50, 0x3f,
    0xff, 0xff, 0xff, 0xc0,

    /* U+9502 "锂" */
    0x2, 0x0, 0x0, 0x0, 0x0, 0x70, 0x1f, 0xff,
    0xf0, 0xb, 0x55, 0xd7, 0x97, 0x0, 0xff, 0xdc,
    0x38, 0x30, 0x3c, 0x1, 0xd3, 0x87, 0x3, 0x55,
    0x1f, 0xff, 0xf0, 0xb, 0xf9, 0xc3, 0x87, 0x0,
    0x1c, 0x1c, 0x38, 0x30, 0x1, 0xc1, 0xff, 0xff,
    0x1, 0xbe, 0x85, 0x79, 0x50, 0x2f, 0xfc, 0x3,
    0x80, 0x0, 0x1c, 0x5, 0x7d, 0x50, 0x1, 0xc0,
    0xff, 0xff, 0x0, 0x1c, 0x0, 0x38, 0x0, 0x1,
    0xfd, 0x57, 0x95, 0x40, 0x1e, 0x3f, 0xff, 0xfc,
    0x0, 0x0, 0x0, 0x0, 0x0,

    /* U+957F "长" */
    0x0, 0x70, 0x0, 0x20, 0x0, 0x1c, 0x0, 0x3c,
    0x0, 0x7, 0x0, 0x3c, 0x0, 0x1, 0xc0, 0x7c,
    0x0, 0x0, 0x70, 0xbc, 0x0, 0x0, 0x1c, 0x38,
    0x0, 0x0, 0x7, 0x0, 0x0, 0x0, 0xff, 0xff,
    0xff, 0xfe, 0x15, 0xb5, 0x75, 0x55, 0x0, 0x1c,
    0xe, 0x0, 0x0, 0x7, 0x1, 0xd0, 0x0, 0x1,
    0xc0, 0x3c, 0x0, 0x0, 0x70, 0x3, 0xd0, 0x0,
    0x1c, 0x20, 0x3e, 0x0, 0x7, 0xb8, 0x3, 0xf4,
    0x1, 0xf4, 0x0, 0x1c, 0x0, 0x10, 0x0, 0x0,
    0x0,

    /* U+95F4 "间" */
    0x2, 0x0, 0x0, 0x0, 0x7, 0x47, 0xff, 0xfc,
    0x2, 0xc1, 0x55, 0x5c, 0x0, 0x40, 0x0, 0xc,
    0x30, 0x0, 0x0, 0xc, 0x30, 0x3f, 0xfc, 0xc,
    0x30, 0x35, 0x5c, 0xc, 0x30, 0x30, 0xc, 0xc,
    0x30, 0x35, 0x5c, 0xc, 0x30, 0x3f, 0xfc, 0xc,
    0x30, 0x30, 0xc, 0xc, 0x30, 0x30, 0xc, 0xc,
    0x30, 0x3f, 0xfc, 0xc, 0x30, 0x15, 0x54, 0xc,
    0x30, 0x0, 0x0, 0xc, 0x30, 0x0, 0x0, 0xac,
    0x30, 0x0, 0x0, 0xf8,

    /* U+9633 "阳" */
    0x7f, 0xf8, 0xff, 0xff, 0x75, 0x74, 0xe5, 0x5b,
    0x70, 0xb0, 0xd0, 0x7, 0x70, 0xe0, 0xd0, 0x7,
    0x71, 0xc0, 0xd0, 0x7, 0x73, 0xc0, 0xd0, 0x7,
    0x70, 0xd0, 0xd5, 0x5b, 0x70, 0xb0, 0xff, 0xff,
    0x70, 0x70, 0xd0, 0xb, 0x70, 0x70, 0xd0, 0x7,
    0x76, 0xf0, 0xd0, 0x7, 0x77, 0x80, 0xd0, 0x7,
    0x70, 0x0, 0xd0, 0x7, 0x70, 0x0, 0xff, 0xff,
    0x70, 0x0, 0xe5, 0x5b, 0x70, 0x0, 0xd0, 0x7,
    0x0, 0x0, 0x0, 0x0,

    /* U+9644 "附" */
    0x0, 0x0, 0x0, 0x0, 0x0, 0x0, 0x30, 0x3,
    0x47, 0xff, 0xc, 0x0, 0xd1, 0xd6, 0xc7, 0x0,
    0x34, 0x70, 0xd2, 0x80, 0xd, 0x1c, 0x70, 0xe3,
    0xff, 0xe7, 0x28, 0x78, 0x55, 0xe1, 0xcd, 0x3e,
    0x0, 0x34, 0x72, 0xcf, 0x8a, 0xd, 0x1c, 0x36,
    0xe1, 0xc3, 0x47, 0xa, 0x38, 0x38, 0xd1, 0xc2,
    0x8e, 0xb, 0x34, 0x70, 0xe3, 0x81, 0x8d, 0x1e,
    0xf0, 0xe0, 0x3, 0x47, 0x0, 0x38, 0x0, 0xd1,
    0xc0, 0xe, 0x0, 0x34, 0x70, 0x3, 0x80, 0xad,
    0x1c, 0x0, 0xe0, 0x3f, 0x0,

    /* U+9664 "除" */
    0x0, 0x0, 0x14, 0x0, 0x3f, 0xf0, 0xf, 0x0,
    0xe, 0x38, 0xb, 0xf0, 0x3, 0x4d, 0x7, 0x4f,
    0x40, 0xd7, 0x7, 0x80, 0xf8, 0x37, 0x8b, 0x95,
    0x5b, 0x8e, 0xd2, 0x4f, 0xfc, 0x53, 0x6c, 0x0,
    0x70, 0x0, 0xd3, 0x40, 0x2c, 0x0, 0x34, 0xef,
    0xff, 0xff, 0x4d, 0x28, 0x2, 0xc0, 0x3, 0x4e,
    0xc, 0x71, 0x80, 0xef, 0xf, 0x1c, 0x74, 0x35,
    0xb, 0x47, 0xb, 0xd, 0x7, 0x81, 0xc0, 0xe3,
    0x40, 0x86, 0xf0, 0x18, 0xd0, 0x1, 0xf4, 0x0,
    0x0,

    /* U+9762 "面" */
    0x3f, 0xff, 0xff, 0xff, 0xc1, 0x55, 0x6d, 0x55,
    0x54, 0x0, 0x2, 0xc0, 0x0, 0x0, 0x55, 0x79,
    0x55, 0x50, 0xf, 0xff, 0xff, 0xff, 0x0, 0xd0,
    0xd0, 0x70, 0xb0, 0xd, 0xd, 0xb, 0xb, 0x0,
    0xd0, 0xff, 0xf0, 0xb0, 0xd, 0xd, 0xb, 0xb,
    0x0, 0xd0, 0xd0, 0x70, 0xb0, 0xd, 0xf, 0xff,
    0xb, 0x0, 0xd0, 0xe5, 0xb0, 0xb0, 0xd, 0xd,
    0x7, 0xb, 0x0, 0xe5, 0xe5, 0xb5, 0xb0, 0xf,
    0xff, 0xff, 0xff, 0x0, 0xd0, 0x0, 0x0, 0xb0,

    /* U+97F3 "音" */
    0x0, 0x0, 0x80, 0x0, 0x0, 0x55, 0x5e, 0x55,
    0x50, 0xf, 0xff, 0xff, 0xff, 0x0, 0x2, 0x0,
    0x8, 0x0, 0x0, 0x38, 0x2, 0xc0, 0x1, 0x57,
    0xd5, 0x7d, 0x54, 0x3f, 0xff, 0xff, 0xff, 0xc0,
    0x0, 0x0, 0x0, 0x0, 0x3, 0xff, 0xff, 0xf8,
    0x0, 0x3d, 0x55, 0x57, 0x80, 0x3, 0x80, 0x0,
    0x38, 0x0, 0x39, 0x55, 0x57, 0x80, 0x3, 0xff,
    0xff, 0xf8, 0x0, 0x38, 0x0, 0x3, 0x80, 0x3,
    0x95, 0x55, 0x78, 0x0, 0x3f, 0xff, 0xff, 0x80,
    0x3, 0x80, 0x0, 0x38, 0x0,

    /* U+9875 "页" */
    0x3f, 0xff, 0xff, 0xfe, 0x15, 0x57, 0xd5, 0x54,
    0x0, 0x3, 0x80, 0x0, 0xb, 0xff, 0xff, 0xf0,
    0xb, 0x55, 0x55, 0xb0, 0xb, 0x0, 0x0, 0x70,
    0xb, 0x2, 0xc0, 0x70, 0xb, 0x2, 0xc0, 0x70,
    0xb, 0x2, 0xc0, 0x70, 0xb, 0x2, 0x80, 0x70,
    0xb, 0x3, 0x40, 0x70, 0x6, 0xb, 0x0, 0x70,
    0x0, 0x2d, 0x2f, 0x40, 0x1, 0xf4, 0x2, 0xf4,
    0x7f, 0x80, 0x0, 0x2e, 0x24, 0x0, 0x0, 0x4,

    /* U+9884 "预" */
    0x0, 0x0, 0x0, 0x0, 0x3, 0xff, 0xcf, 0xff,
    0xfc, 0x5, 0x7c, 0x1, 0xc0, 0x0, 0x3, 0x41,
    0x6d, 0x50, 0xd, 0xf0, 0x3f, 0xff, 0x40, 0xbc,
    0x3, 0x0, 0x34, 0x17, 0xd4, 0x30, 0x83, 0x43,
    0xff, 0xe3, 0xc, 0x34, 0x3, 0x8d, 0x30, 0xc3,
    0x40, 0x3a, 0xc3, 0xc, 0x34, 0x3, 0x94, 0x30,
    0xc3, 0x40, 0x38, 0x3, 0x1c, 0x34, 0x3, 0x80,
    0x33, 0x83, 0x40, 0x38, 0x0, 0x77, 0x80, 0x3,
    0x80, 0x2e, 0x1f, 0x0, 0x78, 0x1f, 0x80, 0x3c,
    0xf, 0x1, 0xd0, 0x1, 0x80,

    /* U+98CE "风" */
    0x3, 0xff, 0xff, 0xf4, 0x0, 0x39, 0x55, 0x57,
    0x40, 0x3, 0x40, 0x0, 0x34, 0x0, 0x34, 0x0,
    0x63, 0x40, 0x3, 0x6c, 0xe, 0x34, 0x0, 0x34,
    0xf1, 0xc3, 0x40, 0x3, 0x43, 0xf8, 0x38, 0x0,
    0x34, 0xf, 0x3, 0x80, 0x3, 0x1, 0xf4, 0x38,
    0x0, 0x70, 0x3a, 0xc2, 0x80, 0xb, 0xf, 0xe,
    0x2c, 0x0, 0xe3, 0xc0, 0xb5, 0xc9, 0xd, 0x10,
    0x2, 0x1c, 0xd3, 0xc0, 0x0, 0x0, 0xfc, 0x24,
    0x0, 0x0, 0x7, 0x80,

    /* U+9A6C "马" */
    0xf, 0xff, 0xff, 0xc0, 0x5, 0x55, 0x56, 0xc0,
    0x0, 0x90, 0x2, 0xc0, 0x0, 0xd0, 0x2, 0xc0,
    0x0, 0xd0, 0x3, 0x80, 0x1, 0xc0, 0x3, 0x80,
    0x1, 0xc0, 0x3, 0x40, 0x1, 0xff, 0xff, 0xfd,
    0x0, 0x55, 0x55, 0x6d, 0x0, 0x0, 0x0, 0xd,
    0x0, 0x0, 0x0, 0x1d, 0x3f, 0xff, 0xff, 0x1c,
    0x0, 0x0, 0x0, 0x2c, 0x0, 0x0, 0x6, 0xb8,
    0x0, 0x0, 0xb, 0xf0,

    /* U+9A71 "驱" */
    0x7f, 0xf1, 0xff, 0xff, 0x0, 0x1c, 0x75, 0x55,
    0x41, 0x43, 0x1c, 0x0, 0x0, 0xa1, 0xc7, 0x20,
    0x30, 0x28, 0x71, 0xce, 0x1c, 0xe, 0x1c, 0x71,
    0xde, 0x3, 0x4b, 0x1c, 0x2f, 0x0, 0xe7, 0xd7,
    0x3, 0xc0, 0x3f, 0xfd, 0xc0, 0xf4, 0x0, 0xb,
    0x70, 0xeb, 0x0, 0x22, 0xdc, 0xb0, 0xe0, 0xbc,
    0xa7, 0x70, 0x14, 0x74, 0x39, 0xc0, 0x0, 0x0,
    0xd, 0x75, 0x55, 0x40, 0x1b, 0x1f, 0xff, 0xf0,
    0xf, 0x80, 0x0, 0x0,

    /* U+9ED8 "默" */
    0x0, 0x0, 0x0, 0xd0, 0xf, 0xff, 0xf0, 0x36,
    0x43, 0x4d, 0x5c, 0xd, 0x70, 0xeb, 0x7b, 0x3,
    0x4c, 0x36, 0xed, 0xc0, 0xd0, 0xe, 0x7a, 0xb7,
    0xff, 0xd2, 0xff, 0xfc, 0x5f, 0x50, 0x3, 0x40,
    0x3, 0xc0, 0x2f, 0xff, 0x80, 0xf0, 0x1, 0x79,
    0x40, 0x7d, 0x0, 0xe, 0xa8, 0x1f, 0x80, 0xff,
    0xe9, 0xa, 0x70, 0x10, 0x4, 0xc3, 0x4d, 0xa,
    0xab, 0x35, 0xc2, 0xc3, 0x58, 0xdb, 0xe0, 0x74,
    0xc6, 0x24, 0xb0, 0xa, 0x0, 0x0, 0x0, 0x0,
    0x0
};


/*---------------------
 *  GLYPH DESCRIPTION
 *--------------------*/

static const lv_font_fmt_txt_glyph_dsc_t glyph_dsc[] = {
    {.bitmap_index = 0, .adv_w = 0, .box_w = 0, .box_h = 0, .ofs_x = 0, .ofs_y = 0} /* id = 0 reserved */,
    {.bitmap_index = 0, .adv_w = 92, .box_w = 0, .box_h = 0, .ofs_x = 0, .ofs_y = 0},
    {.bitmap_index = 0, .adv_w = 115, .box_w = 3, .box_h = 13, .ofs_x = 2, .ofs_y = 0},
    {.bitmap_index = 10, .adv_w = 132, .box_w = 6, .box_h = 5, .ofs_x = 1, .ofs_y = 8},
    {.bitmap_index = 18, .adv_w = 241, .box_w = 13, .box_h = 13, .ofs_x = 1, .ofs_y = 0},
    {.bitmap_index = 61, .adv_w = 183, .box_w = 9, .box_h = 17, .ofs_x = 1, .ofs_y = -3},
    {.bitmap_index = 100, .adv_w = 274, .box_w = 16, .box_h = 13, .ofs_x = 1, .ofs_y = 0},
    {.bitmap_index = 152, .adv_w = 225, .box_w = 13, .box_h = 13, .ofs_x = 1, .ofs_y = 0},
    {.bitmap_index = 195, .adv_w = 79, .box_w = 3, .box_h = 5, .ofs_x = 1, .ofs_y = 8},
    {.bitmap_index = 199, .adv_w = 112, .box_w = 5, .box_h = 16, .ofs_x = 1, .ofs_y = -2},
    {.bitmap_index = 219, .adv_w = 112, .box_w = 5, .box_h = 16, .ofs_x = 1, .ofs_y = -2},
    {.bitmap_index = 239, .adv_w = 144, .box_w = 9, .box_h = 9, .ofs_x = 0, .ofs_y = 4},
    {.bitmap_index = 260, .adv_w = 241, .box_w = 13, .box_h = 12, .ofs_x = 1, .ofs_y = 0},
    {.bitmap_index = 299, .adv_w = 92, .box_w = 3, .box_h = 5, .ofs_x = 1, .ofs_y = -2},
    {.bitmap_index = 303, .adv_w = 104, .box_w = 6, .box_h = 3, .ofs_x = 0, .ofs_y = 3},
    {.bitmap_index = 308, .adv_w = 92, .box_w = 3, .box_h = 3, .ofs_x = 1, .ofs_y = 0},
    {.bitmap_index = 311, .adv_w = 97, .box_w = 7, .box_h = 15, .ofs_x = 0, .ofs_y = -2},
    {.bitmap_index = 338, .adv_w = 183, .box_w = 10, .box_h = 13, .ofs_x = 1, .ofs_y = 0},
    {.bitmap_index = 371, .adv_w = 183, .box_w = 9, .box_h = 13, .ofs_x = 1, .ofs_y = 0},
    {.bitmap_index = 401, .adv_w = 183, .box_w = 9, .box_h = 13, .ofs_x = 1, .ofs_y = 0},
    {.bitmap_index = 431, .adv_w = 183, .box_w = 10, .box_h = 13, .ofs_x = 1, .ofs_y = 0},
    {.bitmap_index = 464, .adv_w = 183, .box_w = 11, .box_h = 13, .ofs_x = 0, .ofs_y = 0},
    {.bitmap_index = 500, .adv_w = 183, .box_w = 9, .box_h = 13, .ofs_x = 1, .ofs_y = 0},
    {.bitmap_index = 530, .adv_w = 183, .box_w = 10, .box_h = 13, .ofs_x = 1, .ofs_y = 0},
    {.bitmap_index = 563, .adv_w = 183, .box_w = 9, .box_h = 13, .ofs_x = 1, .ofs_y = 0},
    {.bitmap_index = 593, .adv_w = 183, .box_w = 10, .box_h = 13, .ofs_x = 1, .ofs_y = 0},
    {.bitmap_index = 626, .adv_w = 183, .box_w = 10, .box_h = 13, .ofs_x = 1, .ofs_y = 0},
    {.bitmap_index = 659, .adv_w = 97, .box_w = 2, .box_h = 10, .ofs_x = 2, .ofs_y = 0},
    {.bitmap_index = 664, .adv_w = 97, .box_w = 3, .box_h = 12, .ofs_x = 1, .ofs_y = -2},
    {.bitmap_index = 673, .adv_w = 241, .box_w = 13, .box_h = 11, .ofs_x = 1, .ofs_y = 0},
    {.bitmap_index = 709, .adv_w = 241, .box_w = 13, .box_h = 7, .ofs_x = 1, .ofs_y = 2},
    {.bitmap_index = 732, .adv_w = 241, .box_w = 13, .box_h = 11, .ofs_x = 1, .ofs_y = 0},
    {.bitmap_index = 768, .adv_w = 153, .box_w = 8, .box_h = 13, .ofs_x = 1, .ofs_y = 0},
    {.bitmap_index = 794, .adv_w = 288, .box_w = 16, .box_h = 17, .ofs_x = 1, .ofs_y = -4},
    {.bitmap_index = 862, .adv_w = 197, .box_w = 13, .box_h = 13, .ofs_x = 0, .ofs_y = 0},
    {.bitmap_index = 905, .adv_w = 198, .box_w = 11, .box_h = 13, .ofs_x = 1, .ofs_y = 0},
    {.bitmap_index = 941, .adv_w = 201, .box_w = 11, .box_h = 13, .ofs_x = 1, .ofs_y = 0},
    {.bitmap_index = 977, .adv_w = 222, .box_w = 12, .box_h = 13, .ofs_x = 1, .ofs_y = 0},
    {.bitmap_index = 1016, .adv_w = 182, .box_w = 10, .box_h = 13, .ofs_x = 1, .ofs_y = 0},
    {.bitmap_index = 1049, .adv_w = 166, .box_w = 9, .box_h = 13, .ofs_x = 1, .ofs_y = 0},
    {.bitmap_index = 1079, .adv_w = 223, .box_w = 12, .box_h = 13, .ofs_x = 1, .ofs_y = 0},
    {.bitmap_index = 1118, .adv_w = 217, .box_w = 11, .box_h = 13, .ofs_x = 1, .ofs_y = 0},
    {.bitmap_index = 1154, .adv_w = 85, .box_w = 3, .box_h = 13, .ofs_x = 1, .ofs_y = 0},
    {.bitmap_index = 1164, .adv_w = 85, .box_w = 5, .box_h = 17, .ofs_x = -1, .ofs_y = -4},
    {.bitmap_index = 1186, .adv_w = 189, .box_w = 12, .box_h = 13, .ofs_x = 1, .ofs_y = 0},
    {.bitmap_index = 1225, .adv_w = 160, .box_w = 9, .box_h = 13, .ofs_x = 1, .ofs_y = 0},
    {.bitmap_index = 1255, .adv_w = 248, .box_w = 13, .box_h = 13, .ofs_x = 1, .ofs_y = 0},
    {.bitmap_index = 1298, .adv_w = 215, .box_w = 11, .box_h = 13, .ofs_x = 1, .ofs_y = 0},
    {.bitmap_index = 1334, .adv_w = 227, .box_w = 13, .box_h = 13, .ofs_x = 1, .ofs_y = 0},
    {.bitmap_index = 1377, .adv_w = 174, .box_w = 10, .box_h = 13, .ofs_x = 1, .ofs_y = 0},
    {.bitmap_index = 1410, .adv_w = 227, .box_w = 13, .box_h = 15, .ofs_x = 1, .ofs_y = -2},
    {.bitmap_index = 1459, .adv_w = 200, .box_w = 11, .box_h = 13, .ofs_x = 1, .ofs_y = 0},
    {.bitmap_index = 1495, .adv_w = 183, .box_w = 10, .box_h = 13, .ofs_x = 1, .ofs_y = 0},
    {.bitmap_index = 1528, .adv_w = 176, .box_w = 13, .box_h = 13, .ofs_x = -1, .ofs_y = 0},
    {.bitmap_index = 1571, .adv_w = 211, .box_w = 11, .box_h = 13, .ofs_x = 1, .ofs_y = 0},
    {.bitmap_index = 1607, .adv_w = 197, .box_w = 13, .box_h = 13, .ofs_x = 0, .ofs_y = 0},
    {.bitmap_index = 1650, .adv_w = 285, .box_w = 18, .box_h = 13, .ofs_x = 0, .ofs_y = 0},
    {.bitmap_index = 1709, .adv_w = 197, .box_w = 12, .box_h = 13, .ofs_x = 0, .ofs_y = 0},
    {.bitmap_index = 1748, .adv_w = 176, .box_w = 13, .box_h = 13, .ofs_x = -1, .ofs_y = 0},
    {.bitmap_index = 1791, .adv_w = 197, .box_w = 12, .box_h = 13, .ofs_x = 0, .ofs_y = 0},
    {.bitmap_index = 1830, .adv_w = 112, .box_w = 5, .box_h = 17, .ofs_x = 1, .ofs_y = -3},
    {.bitmap_index = 1852, .adv_w = 97, .box_w = 7, .box_h = 15, .ofs_x = 0, .ofs_y = -2},
    {.bitmap_index = 1879, .adv_w = 112, .box_w = 5, .box_h = 17, .ofs_x = 1, .ofs_y = -3},
    {.bitmap_index = 1901, .adv_w = 241, .box_w = 13, .box_h = 5, .ofs_x = 1, .ofs_y = 8},
    {.bitmap_index = 1918, .adv_w = 144, .box_w = 11, .box_h = 3, .ofs_x = -1, .ofs_y = -5},
    {.bitmap_index = 1927, .adv_w = 144, .box_w = 5, .box_h = 4, .ofs_x = 1, .ofs_y = 11},
    {.bitmap_index = 1932, .adv_w = 176, .box_w = 9, .box_h = 10, .ofs_x = 1, .ofs_y = 0},
    {.bitmap_index = 1955, .adv_w = 183, .box_w = 10, .box_h = 14, .ofs_x = 1, .ofs_y = 0},
    {.bitmap_index = 1990, .adv_w = 158, .box_w = 8, .box_h = 10, .ofs_x = 1, .ofs_y = 0},
    {.bitmap_index = 2010, .adv_w = 183, .box_w = 9, .box_h = 14, .ofs_x = 1, .ofs_y = 0},
    {.bitmap_index = 2042, .adv_w = 177, .box_w = 10, .box_h = 10, .ofs_x = 1, .ofs_y = 0},
    {.bitmap_index = 2067, .adv_w = 101, .box_w = 7, .box_h = 14, .ofs_x = 0, .ofs_y = 0},
    {.bitmap_index = 2092, .adv_w = 183, .box_w = 9, .box_h = 14, .ofs_x = 1, .ofs_y = -4},
    {.bitmap_index = 2124, .adv_w = 183, .box_w = 9, .box_h = 14, .ofs_x = 1, .ofs_y = 0},
    {.bitmap_index = 2156, .adv_w = 80, .box_w = 3, .box_h = 14, .ofs_x = 1, .ofs_y = 0},
    {.bitmap_index = 2167, .adv_w = 80, .box_w = 5, .box_h = 18, .ofs_x = -1, .ofs_y = -4},
    {.bitmap_index = 2190, .adv_w = 167, .box_w = 10, .box_h = 14, .ofs_x = 1, .ofs_y = 0},
    {.bitmap_index = 2225, .adv_w = 80, .box_w = 3, .box_h = 14, .ofs_x = 1, .ofs_y = 0},
    {.bitmap_index = 2236, .adv_w = 281, .box_w = 15, .box_h = 10, .ofs_x = 1, .ofs_y = 0},
    {.bitmap_index = 2274, .adv_w = 183, .box_w = 9, .box_h = 10, .ofs_x = 1, .ofs_y = 0},
    {.bitmap_index = 2297, .adv_w = 176, .box_w = 10, .box_h = 10, .ofs_x = 1, .ofs_y = 0},
    {.bitmap_index = 2322, .adv_w = 183, .box_w = 10, .box_h = 14, .ofs_x = 1, .ofs_y = -4},
    {.bitmap_index = 2357, .adv_w = 183, .box_w = 9, .box_h = 14, .ofs_x = 1, .ofs_y = -4},
    {.bitmap_index = 2389, .adv_w = 118, .box_w = 7, .box_h = 11, .ofs_x = 1, .ofs_y = 0},
    {.bitmap_index = 2409, .adv_w = 150, .box_w = 9, .box_h = 10, .ofs_x = 0, .ofs_y = 0},
    {.bitmap_index = 2432, .adv_w = 113, .box_w = 7, .box_h = 13, .ofs_x = 0, .ofs_y = 0},
    {.bitmap_index = 2455, .adv_w = 183, .box_w = 9, .box_h = 10, .ofs_x = 1, .ofs_y = 0},
    {.bitmap_index = 2478, .adv_w = 170, .box_w = 11, .box_h = 10, .ofs_x = 0, .ofs_y = 0},
    {.bitmap_index = 2506, .adv_w = 236, .box_w = 14, .box_h = 10, .ofs_x = 0, .ofs_y = 0},
    {.bitmap_index = 2541, .adv_w = 170, .box_w = 11, .box_h = 10, .ofs_x = 0, .ofs_y = 0},
    {.bitmap_index = 2569, .adv_w = 170, .box_w = 11, .box_h = 14, .ofs_x = 0, .ofs_y = -4},
    {.bitmap_index = 2608, .adv_w = 151, .box_w = 9, .box_h = 10, .ofs_x = 0, .ofs_y = 0},
    {.bitmap_index = 2631, .adv_w = 183, .box_w = 8, .box_h = 17, .ofs_x = 2, .ofs_y = -3},
    {.bitmap_index = 2665, .adv_w = 97, .box_w = 2, .box_h = 18, .ofs_x = 2, .ofs_y = -4},
    {.bitmap_index = 2674, .adv_w = 183, .box_w = 8, .box_h = 17, .ofs_x = 2, .ofs_y = -3},
    {.bitmap_index = 2708, .adv_w = 241, .box_w = 13, .box_h = 4, .ofs_x = 1, .ofs_y = 4},
    {.bitmap_index = 2721, .adv_w = 92, .box_w = 3, .box_h = 3, .ofs_x = 1, .ofs_y = 5},
    {.bitmap_index = 2724, .adv_w = 288, .box_w = 16, .box_h = 15, .ofs_x = 1, .ofs_y = -1},
    {.bitmap_index = 2784, .adv_w = 288, .box_w = 16, .box_h = 16, .ofs_x = 1, .ofs_y = -2},
    {.bitmap_index = 2848, .adv_w = 288, .box_w = 18, .box_h = 16, .ofs_x = 0, .ofs_y = -2},
    {.bitmap_index = 2920, .adv_w = 288, .box_w = 16, .box_h = 16, .ofs_x = 1, .ofs_y = -1},
    {.bitmap_index = 2984, .adv_w = 288, .box_w = 16, .box_h = 17, .ofs_x = 1, .ofs_y = -2},
    {.bitmap_index = 3052, .adv_w = 288, .box_w = 17, .box_h = 13, .ofs_x = 0, .ofs_y = 0},
    {.bitmap_index = 3108, .adv_w = 288, .box_w = 16, .box_h = 16, .ofs_x = 1, .ofs_y = -2},
    {.bitmap_index = 3172, .adv_w = 288, .box_w = 18, .box_h = 17, .ofs_x = 0, .ofs_y = -2},
    {.bitmap_index = 3249, .adv_w = 288, .box_w = 18, .box_h = 17, .ofs_x = 0, .ofs_y = -2},
    {.bitmap_index = 3326, .adv_w = 288, .box_w = 18, .box_h = 18, .ofs_x = 0, .ofs_y = -3},
    {.bitmap_index = 3407, .adv_w = 288, .box_w = 18, .box_h = 17, .ofs_x = 0, .ofs_y = -2},
    {.bitmap_index = 3484, .adv_w = 288, .box_w = 17, .box_h = 17, .ofs_x = 0, .ofs_y = -2},
    {.bitmap_index = 3557, .adv_w = 288, .box_w = 17, .box_h = 17, .ofs_x = 0, .ofs_y = -2},
    {.bitmap_index = 3630, .adv_w = 288, .box_w = 17, .box_h = 17, .ofs_x = 0, .ofs_y = -2},
    {.bitmap_index = 3703, .adv_w = 288, .box_w = 18, .box_h = 17, .ofs_x = 0, .ofs_y = -2},
    {.bitmap_index = 3780, .adv_w = 288, .box_w = 18, .box_h = 17, .ofs_x = 0, .ofs_y = -2},
    {.bitmap_index = 3857, .adv_w = 288, .box_w = 18, .box_h = 17, .ofs_x = 0, .ofs_y = -2},
    {.bitmap_index = 3934, .adv_w = 288, .box_w = 18, .box_h = 17, .ofs_x = 0, .ofs_y = -2},
    {.bitmap_index = 4011, .adv_w = 288, .box_w = 17, .box_h = 17, .ofs_x = 0, .ofs_y = -2},
    {.bitmap_index = 4084, .adv_w = 288, .box_w = 18, .box_h = 17, .ofs_x = 0, .ofs_y = -2},
    {.bitmap_index = 4161, .adv_w = 288, .box_w = 18, .box_h = 17, .ofs_x = 0, .ofs_y = -2},
    {.bitmap_index = 4238, .adv_w = 288, .box_w = 16, .box_h = 17, .ofs_x = 1, .ofs_y = -2},
    {.bitmap_index = 4306, .adv_w = 288, .box_w = 17, .box_h = 17, .ofs_x = 1, .ofs_y = -2},
    {.bitmap_index = 4379, .adv_w = 288, .box_w = 18, .box_h = 17, .ofs_x = 0, .ofs_y = -2},
    {.bitmap_index = 4456, .adv_w = 288, .box_w = 15, .box_h = 17, .ofs_x = 1, .ofs_y = -2},
    {.bitmap_index = 4520, .adv_w = 288, .box_w = 16, .box_h = 17, .ofs_x = 1, .ofs_y = -2},
    {.bitmap_index = 4588, .adv_w = 288, .box_w = 15, .box_h = 16, .ofs_x = 1, .ofs_y = -2},
    {.bitmap_index = 4648, .adv_w = 288, .box_w = 17, .box_h = 18, .ofs_x = 0, .ofs_y = -3},
    {.bitmap_index = 4725, .adv_w = 288, .box_w = 17, .box_h = 17, .ofs_x = 0, .ofs_y = -2},
    {.bitmap_index = 4798, .adv_w = 288, .box_w = 17, .box_h = 17, .ofs_x = 0, .ofs_y = -2},
    {.bitmap_index = 4871, .adv_w = 288, .box_w = 16, .box_h = 17, .ofs_x = 1, .ofs_y = -2},
    {.bitmap_index = 4939, .adv_w = 288, .box_w = 17, .box_h = 17, .ofs_x = 0, .ofs_y = -2},
    {.bitmap_index = 5012, .adv_w = 288, .box_w = 17, .box_h = 17, .ofs_x = 0, .ofs_y = -2},
    {.bitmap_index = 5085, .adv_w = 288, .box_w = 17, .box_h = 17, .ofs_x = 0, .ofs_y = -2},
    {.bitmap_index = 5158, .adv_w = 288, .box_w = 16, .box_h = 17, .ofs_x = 1, .ofs_y = -2},
    {.bitmap_index = 5226, .adv_w = 288, .box_w = 16, .box_h = 17, .ofs_x = 1, .ofs_y = -2},
    {.bitmap_index = 5294, .adv_w = 288, .box_w = 16, .box_h = 15, .ofs_x = 1, .ofs_y = -1},
    {.bitmap_index = 5354, .adv_w = 288, .box_w = 17, .box_h = 17, .ofs_x = 0, .ofs_y = -2},
    {.bitmap_index = 5427, .adv_w = 288, .box_w = 18, .box_h = 16, .ofs_x = 0, .ofs_y = -2},
    {.bitmap_index = 5499, .adv_w = 288, .box_w = 14, .box_h = 15, .ofs_x = 2, .ofs_y = -1},
    {.bitmap_index = 5552, .adv_w = 288, .box_w = 18, .box_h = 16, .ofs_x = 0, .ofs_y = -2},
    {.bitmap_index = 5624, .adv_w = 288, .box_w = 17, .box_h = 16, .ofs_x = 0, .ofs_y = -1},
    {.bitmap_index = 5692, .adv_w = 288, .box_w = 16, .box_h = 17, .ofs_x = 1, .ofs_y = -3},
    {.bitmap_index = 5760, .adv_w = 288, .box_w = 17, .box_h = 17, .ofs_x = 0, .ofs_y = -2},
    {.bitmap_index = 5833, .adv_w = 288, .box_w = 17, .box_h = 18, .ofs_x = 0, .ofs_y = -3},
    {.bitmap_index = 5910, .adv_w = 288, .box_w = 16, .box_h = 18, .ofs_x = 0, .ofs_y = -3},
    {.bitmap_index = 5982, .adv_w = 288, .box_w = 17, .box_h = 16, .ofs_x = 0, .ofs_y = -2},
    {.bitmap_index = 6050, .adv_w = 288, .box_w = 18, .box_h = 17, .ofs_x = 0, .ofs_y = -2},
    {.bitmap_index = 6127, .adv_w = 288, .box_w = 18, .box_h = 16, .ofs_x = 0, .ofs_y = -2},
    {.bitmap_index = 6199, .adv_w = 288, .box_w = 16, .box_h = 16, .ofs_x = 1, .ofs_y = -2},
    {.bitmap_index = 6263, .adv_w = 288, .box_w = 16, .box_h = 16, .ofs_x = 1, .ofs_y = -2},
    {.bitmap_index = 6327, .adv_w = 288, .box_w = 17, .box_h = 17, .ofs_x = 0, .ofs_y = -2},
    {.bitmap_index = 6400, .adv_w = 288, .box_w = 18, .box_h = 16, .ofs_x = 0, .ofs_y = -1},
    {.bitmap_index = 6472, .adv_w = 288, .box_w = 17, .box_h = 17, .ofs_x = 0, .ofs_y = -2},
    {.bitmap_index = 6545, .adv_w = 288, .box_w = 18, .box_h = 15, .ofs_x = 0, .ofs_y = -1},
    {.bitmap_index = 6613, .adv_w = 288, .box_w = 17, .box_h = 17, .ofs_x = 0, .ofs_y = -2},
    {.bitmap_index = 6686, .adv_w = 288, .box_w = 16, .box_h = 17, .ofs_x = 1, .ofs_y = -2},
    {.bitmap_index = 6754, .adv_w = 288, .box_w = 17, .box_h = 17, .ofs_x = 1, .ofs_y = -2},
    {.bitmap_index = 6827, .adv_w = 288, .box_w = 16, .box_h = 17, .ofs_x = 1, .ofs_y = -2},
    {.bitmap_index = 6895, .adv_w = 288, .box_w = 18, .box_h = 17, .ofs_x = 0, .ofs_y = -2},
    {.bitmap_index = 6972, .adv_w = 288, .box_w = 17, .box_h = 17, .ofs_x = 1, .ofs_y = -2},
    {.bitmap_index = 7045, .adv_w = 288, .box_w = 16, .box_h = 17, .ofs_x = 1, .ofs_y = -2},
    {.bitmap_index = 7113, .adv_w = 288, .box_w = 17, .box_h = 18, .ofs_x = 1, .ofs_y = -3},
    {.bitmap_index = 7190, .adv_w = 288, .box_w = 17, .box_h = 17, .ofs_x = 1, .ofs_y = -2},
    {.bitmap_index = 7263, .adv_w = 288, .box_w = 17, .box_h = 17, .ofs_x = 0, .ofs_y = -3},
    {.bitmap_index = 7336, .adv_w = 288, .box_w = 17, .box_h = 17, .ofs_x = 0, .ofs_y = -2},
    {.bitmap_index = 7409, .adv_w = 288, .box_w = 16, .box_h = 15, .ofs_x = 1, .ofs_y = -1},
    {.bitmap_index = 7469, .adv_w = 288, .box_w = 18, .box_h = 17, .ofs_x = 0, .ofs_y = -2},
    {.bitmap_index = 7546, .adv_w = 288, .box_w = 16, .box_h = 16, .ofs_x = 1, .ofs_y = -2},
    {.bitmap_index = 7610, .adv_w = 288, .box_w = 18, .box_h = 17, .ofs_x = 0, .ofs_y = -2},
    {.bitmap_index = 7687, .adv_w = 288, .box_w = 17, .box_h = 17, .ofs_x = 1, .ofs_y = -2},
    {.bitmap_index = 7760, .adv_w = 288, .box_w = 17, .box_h = 17, .ofs_x = 1, .ofs_y = -3},
    {.bitmap_index = 7833, .adv_w = 288, .box_w = 15, .box_h = 17, .ofs_x = 1, .ofs_y = -2},
    {.bitmap_index = 7897, .adv_w = 288, .box_w = 17, .box_h = 17, .ofs_x = 0, .ofs_y = -2},
    {.bitmap_index = 7970, .adv_w = 288, .box_w = 18, .box_h = 16, .ofs_x = 0, .ofs_y = -1},
    {.bitmap_index = 8042, .adv_w = 288, .box_w = 18, .box_h = 17, .ofs_x = 0, .ofs_y = -2},
    {.bitmap_index = 8119, .adv_w = 288, .box_w = 18, .box_h = 16, .ofs_x = 0, .ofs_y = -1},
    {.bitmap_index = 8191, .adv_w = 288, .box_w = 18, .box_h = 18, .ofs_x = 0, .ofs_y = -3},
    {.bitmap_index = 8272, .adv_w = 288, .box_w = 18, .box_h = 16, .ofs_x = 0, .ofs_y = -1},
    {.bitmap_index = 8344, .adv_w = 288, .box_w = 17, .box_h = 17, .ofs_x = 0, .ofs_y = -2},
    {.bitmap_index = 8417, .adv_w = 288, .box_w = 17, .box_h = 18, .ofs_x = 0, .ofs_y = -3},
    {.bitmap_index = 8494, .adv_w = 288, .box_w = 18, .box_h = 17, .ofs_x = 0, .ofs_y = -2},
    {.bitmap_index = 8571, .adv_w = 288, .box_w = 18, .box_h = 18, .ofs_x = 0, .ofs_y = -3},
    {.bitmap_index = 8652, .adv_w = 288, .box_w = 17, .box_h = 17, .ofs_x = 0, .ofs_y = -2},
    {.bitmap_index = 8725, .adv_w = 288, .box_w = 18, .box_h = 18, .ofs_x = 0, .ofs_y = -3},
    {.bitmap_index = 8806, .adv_w = 288, .box_w = 17, .box_h = 17, .ofs_x = 0, .ofs_y = -2},
    {.bitmap_index = 8879, .adv_w = 288, .box_w = 17, .box_h = 17, .ofs_x = 0, .ofs_y = -2},
    {.bitmap_index = 8952, .adv_w = 288, .box_w = 18, .box_h = 18, .ofs_x = 0, .ofs_y = -2},
    {.bitmap_index = 9033, .adv_w = 288, .box_w = 18, .box_h = 18, .ofs_x = 0, .ofs_y = -3},
    {.bitmap_index = 9114, .adv_w = 288, .box_w = 17, .box_h = 17, .ofs_x = 0, .ofs_y = -2},
    {.bitmap_index = 9187, .adv_w = 288, .box_w = 17, .box_h = 17, .ofs_x = 0, .ofs_y = -2},
    {.bitmap_index = 9260, .adv_w = 288, .box_w = 18, .box_h = 17, .ofs_x = 0, .ofs_y = -2},
    {.bitmap_index = 9337, .adv_w = 288, .box_w = 17, .box_h = 17, .ofs_x = 0, .ofs_y = -2},
    {.bitmap_index = 9410, .adv_w = 288, .box_w = 18, .box_h = 18, .ofs_x = 0, .ofs_y = -3},
    {.bitmap_index = 9491, .adv_w = 288, .box_w = 18, .box_h = 17, .ofs_x = 0, .ofs_y = -2},
    {.bitmap_index = 9568, .adv_w = 288, .box_w = 18, .box_h = 17, .ofs_x = 0, .ofs_y = -2},
    {.bitmap_index = 9645, .adv_w = 288, .box_w = 18, .box_h = 18, .ofs_x = 0, .ofs_y = -3},
    {.bitmap_index = 9726, .adv_w = 288, .box_w = 12, .box_h = 16, .ofs_x = 3, .ofs_y = -2},
    {.bitmap_index = 9774, .adv_w = 288, .box_w = 15, .box_h = 16, .ofs_x = 2, .ofs_y = -2},
    {.bitmap_index = 9834, .adv_w = 288, .box_w = 17, .box_h = 15, .ofs_x = 0, .ofs_y = -1},
    {.bitmap_index = 9898, .adv_w = 288, .box_w = 18, .box_h = 15, .ofs_x = 0, .ofs_y = -1},
    {.bitmap_index = 9966, .adv_w = 288, .box_w = 17, .box_h = 18, .ofs_x = 0, .ofs_y = -3},
    {.bitmap_index = 10043, .adv_w = 288, .box_w = 17, .box_h = 17, .ofs_x = 0, .ofs_y = -2},
    {.bitmap_index = 10116, .adv_w = 288, .box_w = 17, .box_h = 17, .ofs_x = 0, .ofs_y = -2},
    {.bitmap_index = 10189, .adv_w = 288, .box_w = 18, .box_h = 17, .ofs_x = 0, .ofs_y = -2},
    {.bitmap_index = 10266, .adv_w = 288, .box_w = 16, .box_h = 17, .ofs_x = 1, .ofs_y = -2},
    {.bitmap_index = 10334, .adv_w = 288, .box_w = 18, .box_h = 17, .ofs_x = 0, .ofs_y = -2},
    {.bitmap_index = 10411, .adv_w = 288, .box_w = 18, .box_h = 17, .ofs_x = 0, .ofs_y = -2},
    {.bitmap_index = 10488, .adv_w = 288, .box_w = 18, .box_h = 17, .ofs_x = 0, .ofs_y = -2},
    {.bitmap_index = 10565, .adv_w = 288, .box_w = 17, .box_h = 17, .ofs_x = 0, .ofs_y = -2},
    {.bitmap_index = 10638, .adv_w = 288, .box_w = 16, .box_h = 17, .ofs_x = 1, .ofs_y = -2},
    {.bitmap_index = 10706, .adv_w = 288, .box_w = 18, .box_h = 18, .ofs_x = 0, .ofs_y = -3},
    {.bitmap_index = 10787, .adv_w = 288, .box_w = 18, .box_h = 18, .ofs_x = 0, .ofs_y = -2},
    {.bitmap_index = 10868, .adv_w = 288, .box_w = 18, .box_h = 17, .ofs_x = 0, .ofs_y = -2},
    {.bitmap_index = 10945, .adv_w = 288, .box_w = 18, .box_h = 16, .ofs_x = 0, .ofs_y = -2},
    {.bitmap_index = 11017, .adv_w = 288, .box_w = 16, .box_h = 17, .ofs_x = 1, .ofs_y = -2},
    {.bitmap_index = 11085, .adv_w = 288, .box_w = 16, .box_h = 17, .ofs_x = 2, .ofs_y = -2},
    {.bitmap_index = 11153, .adv_w = 288, .box_w = 17, .box_h = 18, .ofs_x = 0, .ofs_y = -3},
    {.bitmap_index = 11230, .adv_w = 288, .box_w = 17, .box_h = 18, .ofs_x = 0, .ofs_y = -3},
    {.bitmap_index = 11307, .adv_w = 288, .box_w = 18, .box_h = 17, .ofs_x = 0, .ofs_y = -2},
    {.bitmap_index = 11384, .adv_w = 288, .box_w = 18, .box_h = 17, .ofs_x = 0, .ofs_y = -2},
    {.bitmap_index = 11461, .adv_w = 288, .box_w = 17, .box_h = 17, .ofs_x = 0, .ofs_y = -2},
    {.bitmap_index = 11534, .adv_w = 288, .box_w = 18, .box_h = 17, .ofs_x = 0, .ofs_y = -2},
    {.bitmap_index = 11611, .adv_w = 288, .box_w = 18, .box_h = 18, .ofs_x = 0, .ofs_y = -2},
    {.bitmap_index = 11692, .adv_w = 288, .box_w = 17, .box_h = 17, .ofs_x = 0, .ofs_y = -2},
    {.bitmap_index = 11765, .adv_w = 288, .box_w = 16, .box_h = 16, .ofs_x = 1, .ofs_y = -2},
    {.bitmap_index = 11829, .adv_w = 288, .box_w = 18, .box_h = 18, .ofs_x = 0, .ofs_y = -2},
    {.bitmap_index = 11910, .adv_w = 288, .box_w = 18, .box_h = 16, .ofs_x = 0, .ofs_y = -2},
    {.bitmap_index = 11982, .adv_w = 288, .box_w = 14, .box_h = 15, .ofs_x = 2, .ofs_y = -1},
    {.bitmap_index = 12035, .adv_w = 288, .box_w = 17, .box_h = 16, .ofs_x = 1, .ofs_y = -1},
    {.bitmap_index = 12103, .adv_w = 288, .box_w = 17, .box_h = 16, .ofs_x = 1, .ofs_y = -2},
    {.bitmap_index = 12171, .adv_w = 288, .box_w = 16, .box_h = 17, .ofs_x = 1, .ofs_y = -2},
    {.bitmap_index = 12239, .adv_w = 288, .box_w = 18, .box_h = 16, .ofs_x = 0, .ofs_y = -1},
    {.bitmap_index = 12311, .adv_w = 288, .box_w = 17, .box_h = 17, .ofs_x = 0, .ofs_y = -2},
    {.bitmap_index = 12384, .adv_w = 288, .box_w = 17, .box_h = 16, .ofs_x = 0, .ofs_y = -2},
    {.bitmap_index = 12452, .adv_w = 288, .box_w = 17, .box_h = 18, .ofs_x = 0, .ofs_y = -3},
    {.bitmap_index = 12529, .adv_w = 288, .box_w = 17, .box_h = 16, .ofs_x = 1, .ofs_y = -2},
    {.bitmap_index = 12597, .adv_w = 288, .box_w = 16, .box_h = 18, .ofs_x = 1, .ofs_y = -3},
    {.bitmap_index = 12669, .adv_w = 288, .box_w = 17, .box_h = 17, .ofs_x = 0, .ofs_y = -2},
    {.bitmap_index = 12742, .adv_w = 288, .box_w = 17, .box_h = 17, .ofs_x = 0, .ofs_y = -2},
    {.bitmap_index = 12815, .adv_w = 288, .box_w = 17, .box_h = 17, .ofs_x = 1, .ofs_y = -2},
    {.bitmap_index = 12888, .adv_w = 288, .box_w = 18, .box_h = 18, .ofs_x = 0, .ofs_y = -3},
    {.bitmap_index = 12969, .adv_w = 288, .box_w = 17, .box_h = 17, .ofs_x = 0, .ofs_y = -2},
    {.bitmap_index = 13042, .adv_w = 288, .box_w = 16, .box_h = 17, .ofs_x = 1, .ofs_y = -2},
    {.bitmap_index = 13110, .adv_w = 288, .box_w = 18, .box_h = 17, .ofs_x = 0, .ofs_y = -2},
    {.bitmap_index = 13187, .adv_w = 288, .box_w = 17, .box_h = 17, .ofs_x = 0, .ofs_y = -2},
    {.bitmap_index = 13260, .adv_w = 288, .box_w = 17, .box_h = 17, .ofs_x = 1, .ofs_y = -2},
    {.bitmap_index = 13333, .adv_w = 288, .box_w = 18, .box_h = 17, .ofs_x = 0, .ofs_y = -2},
    {.bitmap_index = 13410, .adv_w = 288, .box_w = 16, .box_h = 17, .ofs_x = 1, .ofs_y = -3},
    {.bitmap_index = 13478, .adv_w = 288, .box_w = 17, .box_h = 15, .ofs_x = 1, .ofs_y = -1},
    {.bitmap_index = 13542, .adv_w = 288, .box_w = 17, .box_h = 17, .ofs_x = 0, .ofs_y = -2},
    {.bitmap_index = 13615, .adv_w = 288, .box_w = 18, .box_h = 17, .ofs_x = 0, .ofs_y = -2},
    {.bitmap_index = 13692, .adv_w = 288, .box_w = 17, .box_h = 17, .ofs_x = 1, .ofs_y = -2},
    {.bitmap_index = 13765, .adv_w = 288, .box_w = 14, .box_h = 17, .ofs_x = 2, .ofs_y = -2},
    {.bitmap_index = 13825, .adv_w = 288, .box_w = 16, .box_h = 17, .ofs_x = 1, .ofs_y = -2},
    {.bitmap_index = 13893, .adv_w = 288, .box_w = 18, .box_h = 16, .ofs_x = 0, .ofs_y = -1},
    {.bitmap_index = 13965, .adv_w = 288, .box_w = 18, .box_h = 17, .ofs_x = 0, .ofs_y = -2},
    {.bitmap_index = 14042, .adv_w = 288, .box_w = 16, .box_h = 17, .ofs_x = 1, .ofs_y = -2},
    {.bitmap_index = 14110, .adv_w = 288, .box_w = 18, .box_h = 17, .ofs_x = 0, .ofs_y = -2},
    {.bitmap_index = 14187, .adv_w = 288, .box_w = 18, .box_h = 17, .ofs_x = 0, .ofs_y = -2},
    {.bitmap_index = 14264, .adv_w = 288, .box_w = 17, .box_h = 16, .ofs_x = 1, .ofs_y = -2},
    {.bitmap_index = 14332, .adv_w = 288, .box_w = 18, .box_h = 17, .ofs_x = 0, .ofs_y = -2},
    {.bitmap_index = 14409, .adv_w = 288, .box_w = 17, .box_h = 18, .ofs_x = 0, .ofs_y = -3},
    {.bitmap_index = 14486, .adv_w = 288, .box_w = 18, .box_h = 17, .ofs_x = 0, .ofs_y = -2},
    {.bitmap_index = 14563, .adv_w = 288, .box_w = 17, .box_h = 17, .ofs_x = 1, .ofs_y = -2},
    {.bitmap_index = 14636, .adv_w = 288, .box_w = 16, .box_h = 17, .ofs_x = 1, .ofs_y = -2},
    {.bitmap_index = 14704, .adv_w = 288, .box_w = 18, .box_h = 17, .ofs_x = 0, .ofs_y = -2},
    {.bitmap_index = 14781, .adv_w = 288, .box_w = 17, .box_h = 17, .ofs_x = 1, .ofs_y = -2},
    {.bitmap_index = 14854, .adv_w = 288, .box_w = 16, .box_h = 18, .ofs_x = 1, .ofs_y = -3},
    {.bitmap_index = 14926, .adv_w = 288, .box_w = 18, .box_h = 17, .ofs_x = 0, .ofs_y = -2},
    {.bitmap_index = 15003, .adv_w = 288, .box_w = 18, .box_h = 17, .ofs_x = 0, .ofs_y = -2},
    {.bitmap_index = 15080, .adv_w = 288, .box_w = 18, .box_h = 17, .ofs_x = 0, .ofs_y = -2},
    {.bitmap_index = 15157, .adv_w = 288, .box_w = 18, .box_h = 17, .ofs_x = 0, .ofs_y = -2},
    {.bitmap_index = 15234, .adv_w = 288, .box_w = 17, .box_h = 18, .ofs_x = 0, .ofs_y = -3},
    {.bitmap_index = 15311, .adv_w = 288, .box_w = 18, .box_h = 17, .ofs_x = 0, .ofs_y = -2},
    {.bitmap_index = 15388, .adv_w = 288, .box_w = 18, .box_h = 17, .ofs_x = 0, .ofs_y = -2},
    {.bitmap_index = 15465, .adv_w = 288, .box_w = 18, .box_h = 17, .ofs_x = 0, .ofs_y = -2},
    {.bitmap_index = 15542, .adv_w = 288, .box_w = 18, .box_h = 17, .ofs_x = 0, .ofs_y = -2},
    {.bitmap_index = 15619, .adv_w = 288, .box_w = 18, .box_h = 17, .ofs_x = 0, .ofs_y = -2},
    {.bitmap_index = 15696, .adv_w = 288, .box_w = 18, .box_h = 17, .ofs_x = 0, .ofs_y = -2},
    {.bitmap_index = 15773, .adv_w = 288, .box_w = 18, .box_h = 17, .ofs_x = 0, .ofs_y = -2},
    {.bitmap_index = 15850, .adv_w = 288, .box_w = 18, .box_h = 17, .ofs_x = 0, .ofs_y = -2},
    {.bitmap_index = 15927, .adv_w = 288, .box_w = 18, .box_h = 16, .ofs_x = 0, .ofs_y = -2},
    {.bitmap_index = 15999, .adv_w = 288, .box_w = 16, .box_h = 15, .ofs_x = 1, .ofs_y = -1},
    {.bitmap_index = 16059, .adv_w = 288, .box_w = 17, .box_h = 16, .ofs_x = 0, .ofs_y = -1},
    {.bitmap_index = 16127, .adv_w = 288, .box_w = 18, .box_h = 15, .ofs_x = 0, .ofs_y = -1},
    {.bitmap_index = 16195, .adv_w = 288, .box_w = 18, .box_h = 17, .ofs_x = 0, .ofs_y = -2},
    {.bitmap_index = 16272, .adv_w = 288, .box_w = 17, .box_h = 17, .ofs_x = 0, .ofs_y = -2},
    {.bitmap_index = 16345, .adv_w = 288, .box_w = 16, .box_h = 17, .ofs_x = 1, .ofs_y = -2},
    {.bitmap_index = 16413, .adv_w = 288, .box_w = 16, .box_h = 17, .ofs_x = 1, .ofs_y = -3},
    {.bitmap_index = 16481, .adv_w = 288, .box_w = 17, .box_h = 18, .ofs_x = 1, .ofs_y = -2},
    {.bitmap_index = 16558, .adv_w = 288, .box_w = 17, .box_h = 17, .ofs_x = 1, .ofs_y = -2},
    {.bitmap_index = 16631, .adv_w = 288, .box_w = 18, .box_h = 16, .ofs_x = 0, .ofs_y = -2},
    {.bitmap_index = 16703, .adv_w = 288, .box_w = 18, .box_h = 17, .ofs_x = 0, .ofs_y = -2},
    {.bitmap_index = 16780, .adv_w = 288, .box_w = 16, .box_h = 16, .ofs_x = 1, .ofs_y = -2},
    {.bitmap_index = 16844, .adv_w = 288, .box_w = 18, .box_h = 17, .ofs_x = 0, .ofs_y = -2},
    {.bitmap_index = 16921, .adv_w = 288, .box_w = 18, .box_h = 15, .ofs_x = 0, .ofs_y = -1},
    {.bitmap_index = 16989, .adv_w = 288, .box_w = 16, .box_h = 15, .ofs_x = 1, .ofs_y = -1},
    {.bitmap_index = 17049, .adv_w = 288, .box_w = 17, .box_h = 16, .ofs_x = 1, .ofs_y = -2},
    {.bitmap_index = 17117, .adv_w = 288, .box_w = 17, .box_h = 17, .ofs_x = 0, .ofs_y = -2}
};

/*---------------------
 *  CHARACTER MAPPING
 *--------------------*/

static const uint16_t unicode_list_1[] = {
    0x0, 0x4d53, 0x4d54, 0x4d56, 0x4d57, 0x4d76, 0x4dd5, 0x4dd7,
    0x4df4, 0x4df7, 0x4e33, 0x4e3f, 0x4e69, 0x4e79, 0x4e96, 0x4ea2,
    0x4ea5, 0x4eb9, 0x4f26, 0x4f2a, 0x508e, 0x50ae, 0x50ba, 0x50bc,
    0x510f, 0x5143, 0x5144, 0x514c, 0x5150, 0x5179, 0x517f, 0x5196,
    0x51b2, 0x51e8, 0x51f1, 0x528a, 0x529e, 0x52b4, 0x531a, 0x531f,
    0x532c, 0x5338, 0x533c, 0x5355, 0x5356, 0x5357, 0x5378, 0x53b1,
    0x5552, 0x55b1, 0x5627, 0x5643, 0x5671, 0x5679, 0x5690, 0x56d4,
    0x5850, 0x5856, 0x587a, 0x5aa0, 0x5aa1, 0x5ae3, 0x5ae6, 0x5b06,
    0x5b0f, 0x5b98, 0x5d2f, 0x5d3b, 0x5d9e, 0x5dbc, 0x5def, 0x5e43,
    0x5e49, 0x5e9c, 0x5eaf, 0x5f0c, 0x5f34, 0x5f4a, 0x5fab, 0x5fb8,
    0x6159, 0x618a, 0x6194, 0x619c, 0x61b4, 0x61de, 0x61ed, 0x6232,
    0x62ab, 0x62c0, 0x62ee, 0x62f0, 0x6318, 0x6319, 0x6365, 0x63c1,
    0x6416, 0x6514, 0x652e, 0x6530, 0x6568, 0x6587, 0x6668, 0x6673,
    0x6675, 0x6683, 0x66aa, 0x66ae, 0x66c8, 0x66ca, 0x66cd, 0x672e,
    0x676a, 0x6785, 0x6809, 0x6aac, 0x6aae, 0x6b1d, 0x6c94, 0x6cd1,
    0x6d4e, 0x6dd9, 0x6fb4, 0x7002, 0x7036, 0x7191, 0x71a2, 0x71ff,
    0x72f9, 0x7479, 0x747e, 0x7484, 0x75cd, 0x761a, 0x7654, 0x774a,
    0x77b7, 0x7883, 0x7904, 0x7939, 0x7954, 0x79c3, 0x7ae0, 0x7bc4,
    0x7c44, 0x7e08, 0x7e1a, 0x7e28, 0x7e3d, 0x7e9a, 0x7eb7, 0x7f60,
    0x8017, 0x8046, 0x8133, 0x81cb, 0x8426, 0x85ca, 0x85cb, 0x87b1,
    0x87f4, 0x890a, 0x890d, 0x892f, 0x8949, 0x8aed, 0x8b07, 0x8b1e,
    0x8b36, 0x8b4c, 0x8c6e, 0x8eaf, 0x8eb5, 0x8eb7, 0x8ed4, 0x8f02,
    0x8f07, 0x8f1a, 0x8f1d, 0x8f25, 0x8f27, 0x8f52, 0x8f68, 0x9096,
    0x9115, 0x9116, 0x9118, 0x944b, 0x94c8, 0x953d, 0x957c, 0x958d,
    0x95ad, 0x96ab, 0x973c, 0x97be, 0x97cd, 0x9817, 0x99b5, 0x99ba,
    0x9e21
};

/*Collect the unicode lists and glyph_id offsets*/
static const lv_font_fmt_txt_cmap_t cmaps[] =
{
    {
        .range_start = 32, .range_length = 95, .glyph_id_start = 1,
        .unicode_list = NULL, .glyph_id_ofs_list = NULL, .list_length = 0, .type = LV_FONT_FMT_TXT_CMAP_FORMAT0_TINY
    },
    {
        .range_start = 183, .range_length = 40482, .glyph_id_start = 96,
        .unicode_list = unicode_list_1, .glyph_id_ofs_list = NULL, .list_length = 201, .type = LV_FONT_FMT_TXT_CMAP_SPARSE_TINY
    }
};



/*--------------------
 *  ALL CUSTOM DATA
 *--------------------*/

#if LVGL_VERSION_MAJOR == 8
/*Store all the custom data of the font*/
static  lv_font_fmt_txt_glyph_cache_t cache;
#endif

#if LVGL_VERSION_MAJOR >= 8
static const lv_font_fmt_txt_dsc_t font_dsc = {
#else
static lv_font_fmt_txt_dsc_t font_dsc = {
#endif
    .glyph_bitmap = glyph_bitmap,
    .glyph_dsc = glyph_dsc,
    .cmaps = cmaps,
    .kern_dsc = NULL,
    .kern_scale = 0,
    .cmap_num = 2,
    .bpp = 2,
    .kern_classes = 0,
    .bitmap_format = 0,
#if LVGL_VERSION_MAJOR == 8
    .cache = &cache
#endif
};



/*-----------------
 *  PUBLIC FONT
 *----------------*/

/*Initialize a public general font descriptor*/
#if LVGL_VERSION_MAJOR >= 8
const lv_font_t settings_zh_18 = {
#else
lv_font_t settings_zh_18 = {
#endif
    .get_glyph_dsc = lv_font_get_glyph_dsc_fmt_txt,    /*Function pointer to get glyph's data*/
    .get_glyph_bitmap = lv_font_get_bitmap_fmt_txt,    /*Function pointer to get glyph's bitmap*/
    .line_height = 21,          /*The maximum line height required by the font*/
    .base_line = 5,             /*Baseline measured from the bottom of the line*/
#if !(LVGL_VERSION_MAJOR == 6 && LVGL_VERSION_MINOR == 0)
    .subpx = LV_FONT_SUBPX_NONE,
#endif
#if LV_VERSION_CHECK(7, 4, 0) || LVGL_VERSION_MAJOR >= 8
    .underline_position = 0,
    .underline_thickness = 1,
#endif
    .dsc = &font_dsc,          /*The custom font data. Will be accessed by `get_glyph_bitmap/dsc` */
#if LV_VERSION_CHECK(8, 2, 0) || LVGL_VERSION_MAJOR >= 9
    .fallback = NULL,
#endif
    .user_data = NULL,
};

#endif /*#if SETTINGS_ZH_18*/
