Checking "python3" ...
Python 3.11.2
"python3" has been detected
Activating ESP-IDF 6.0
Setting IDF_PATH to '/vol1/1000/toolchains/esp-idf-v6.0.2'.
* Checking python version ... 3.11.2
* Checking python dependencies ... OK
* Deactivating the current ESP-IDF environment (if any) ... OK
* Establishing a new ESP-IDF environment ... OK
* Identifying shell ... bash
* Detecting outdated tools in system ... OK - no outdated tools found
* Shell completion ... Autocompletion code generated

Done! You can now compile ESP-IDF projects.
Go to the project directory and run:

  idf.py build
Executing action: all (aliases: build)
Running cmake in directory /tmp/esp32-bms-gps-idf-builds/1000/esp32s3-n16r8-st7796u-gt1151/idf-build
Executing "cmake -G Ninja -B /tmp/esp32-bms-gps-idf-builds/1000/esp32s3-n16r8-st7796u-gt1151/idf-build -DPYTHON_DEPS_CHECKED=1 -DPYTHON=/vol1/1000/toolchains/.espressif-v6.0.2/python_env/idf6.0_py3.11_env/bin/python -DESP_PLATFORM=1 -DIDF_TARGET=esp32s3 -DSDKCONFIG=/vol1/1000/project/esp32BmsGps/firmware-builds/esp32s3-n16r8-st7796u-gt1151/sdkconfig -DSDKCONFIG_DEFAULTS=/vol1/1000/project/esp32BmsGps/firmware-builds/esp32s3-n16r8-st7796u-gt1151/sdkconfig.defaults -DESP_BMS_PROFILE_FILE=/vol1/1000/project/esp32BmsGps/firmware-builds/esp32s3-n16r8-st7796u-gt1151/generated/profile.cmake -DCCACHE_ENABLE=False /tmp/esp32-bms-gps-idf-builds/1000/esp32s3-n16r8-st7796u-gt1151/idf-project"...
-- Found Git: /usr/bin/git (found version "2.39.5") 
-- Component directory /vol1/1000/toolchains/esp-idf-v6.0.2/components/mqtt does not contain a CMakeLists.txt file. No component will be added
-- Minimal build - OFF
-- The C compiler identification is GNU 15.2.0
-- The CXX compiler identification is GNU 15.2.0
-- The ASM compiler identification is GNU
-- Found assembler: /vol1/1000/toolchains/.espressif-v6.0.2/tools/xtensa-esp-elf/esp-15.2.0_20251204/xtensa-esp-elf/bin/xtensa-esp32s3-elf-gcc
-- Detecting C compiler ABI info
-- Detecting C compiler ABI info - done
-- Check for working C compiler: /vol1/1000/toolchains/.espressif-v6.0.2/tools/xtensa-esp-elf/esp-15.2.0_20251204/xtensa-esp-elf/bin/xtensa-esp32s3-elf-gcc - skipped
-- Detecting C compile features
-- Detecting C compile features - done
-- Detecting CXX compiler ABI info
-- Detecting CXX compiler ABI info - done
-- Check for working CXX compiler: /vol1/1000/toolchains/.espressif-v6.0.2/tools/xtensa-esp-elf/esp-15.2.0_20251204/xtensa-esp-elf/bin/xtensa-esp32s3-elf-g++ - skipped
-- Detecting CXX compile features
-- Detecting CXX compile features - done
-- git rev-parse returned '致命错误：不是 git 仓库（或者直至挂载点 / 的任何父目录）
停止在文件系统边界（未设置 GIT_DISCOVERY_ACROSS_FILESYSTEM）。'
-- Could not use 'git describe' to determine PROJECT_VER.
-- Building ESP-IDF components for target esp32s3
NOTICE: Dependencies lock doesn't exist, solving dependencies.
..............................NOTICE: Updating lock file at /tmp/esp32-bms-gps-idf-builds/1000/esp32s3-n16r8-st7796u-gt1151/idf-project/dependencies.lock
NOTICE: Processing 16 dependencies:
NOTICE: [1/16] espressif/button (4.2.0)
NOTICE: [2/16] espressif/cmake_utilities (0.5.3)
NOTICE: [3/16] espressif/esp_lcd_st7796 (1.4.0)
NOTICE: [4/16] espressif/esp_lcd_touch (1.2.1)
NOTICE: [5/16] espressif/esp_lcd_touch_gt1151 (1.1.0)
NOTICE: [6/16] espressif/esp_lv_decoder (0.4.3)
NOTICE: [7/16] espressif/esp_lv_fs (1.0.1)
NOTICE: [8/16] espressif/esp_lvgl_adapter (0.6.3)
NOTICE: [9/16] espressif/esp_mmap_assets (2.0.0)
NOTICE: [10/16] espressif/esp_new_jpeg (1.0.2)
NOTICE: [11/16] espressif/freetype (2.14.2)
NOTICE: [12/16] espressif/knob (1.1.0)
NOTICE: [13/16] espressif/libpng (1.6.58)
NOTICE: [14/16] espressif/zlib (1.3.2)
NOTICE: [15/16] lvgl/lvgl (9.5.0)
NOTICE: [16/16] idf (6.0.2)
-- ESP-TEE is currently supported only on the esp32c6;esp32h2;esp32c5;esp32c61 SoCs
-- KCONFIG_REPORT_VERBOSITY not set, using default
-- Project sdkconfig file /vol1/1000/project/esp32BmsGps/firmware-builds/esp32s3-n16r8-st7796u-gt1151/sdkconfig
NOTE: /vol1/1000/toolchains/esp-idf-v6.0.2/components/bt/host/nimble/Kconfig.in:1421: BT_NIMBLE_MESH_PROVISIONER: 'default 0' is not a valid bool value (only 'y' and 'n' are allowed). Value is treated as 'n'.
NOTE: /vol1/1000/toolchains/esp-idf-v6.0.2/components/bt/sdkconfig.rename.esp32s3:4: duplicate rename mapping for CONFIG_BT_NIMBLE_COEX_PHY_CODED_TX_RX_TLIM_EN: previous target CONFIG_BT_LE_COEX_PHY_CODED_TX_RX_TLIM_EN, new target CONFIG_BT_CTRL_COEX_PHY_CODED_TX_RX_TLIM_EN - last mapping is used
NOTE: /vol1/1000/toolchains/esp-idf-v6.0.2/components/bt/sdkconfig.rename.esp32s3:5: duplicate rename mapping for CONFIG_BT_NIMBLE_COEX_PHY_CODED_TX_RX_TLIM_DIS: previous target CONFIG_BT_LE_COEX_PHY_CODED_TX_RX_TLIM_DIS, new target CONFIG_BT_CTRL_COEX_PHY_CODED_TX_RX_TLIM_DIS - last mapping is used
Loading defaults file /vol1/1000/project/esp32BmsGps/firmware-builds/esp32s3-n16r8-st7796u-gt1151/sdkconfig.defaults...
NOTE: Kconfig parser version: 1
NOTE: Kconfig defaults policy: use sdkconfig
NOTE: Status: Finished successfully
-- Compiler supported targets: xtensa-esp-elf
-- Detecting C compiler ABI info
-- Detecting C compiler ABI info - done
-- Detecting CXX compiler ABI info
-- Detecting CXX compiler ABI info - done
-- Detecting C compiler ABI info
-- Detecting C compiler ABI info - done
-- Detecting CXX compiler ABI info
-- Detecting CXX compiler ABI info - done
-- App "esp32_bms_gps_idf" version: 1
-- Found Python3: /vol1/1000/toolchains/.espressif-v6.0.2/python_env/idf6.0_py3.11_env/bin/python (found version "3.11.2") found components: Interpreter 
-- Performing Test CMAKE_HAVE_LIBC_PTHREAD
-- Performing Test CMAKE_HAVE_LIBC_PTHREAD - Success
-- Found Threads: TRUE  
-- Performing Test C_COMPILER_SUPPORTS_WFORMAT_SIGNEDNESS
-- Performing Test C_COMPILER_SUPPORTS_WFORMAT_SIGNEDNESS - Success
-- Setting up mbedtls configuration
-- Linkage type is PUBLIC
-- Adding linker script /vol1/1000/toolchains/esp-idf-v6.0.2/components/esp_hal_wdt/esp32s3/rom.wdt.ld
-- Adding linker script /vol1/1000/toolchains/esp-idf-v6.0.2/components/esp_system/ld/esp32s3/memory.ld.in
--   -> Preprocessing .in script: /vol1/1000/toolchains/esp-idf-v6.0.2/components/esp_system/ld/esp32s3/memory.ld.in
-- Adding linker script /vol1/1000/toolchains/esp-idf-v6.0.2/components/esp_system/ld/esp32s3/sections.ld.in
--   -> Preprocessing .in script: /vol1/1000/toolchains/esp-idf-v6.0.2/components/esp_system/ld/esp32s3/sections.ld.in
--   -> Applying ldgen processing: /tmp/esp32-bms-gps-idf-builds/1000/esp32s3-n16r8-st7796u-gt1151/idf-build/esp-idf/esp_system/ld/sections.ld.in
-- Adding linker script /vol1/1000/toolchains/esp-idf-v6.0.2/components/esp_rom/esp32s3/ld/esp32s3.rom.ld
-- Adding linker script /vol1/1000/toolchains/esp-idf-v6.0.2/components/esp_rom/esp32s3/ld/esp32s3.rom.api.ld
-- Adding linker script /vol1/1000/toolchains/esp-idf-v6.0.2/components/esp_rom/esp32s3/ld/esp32s3.rom.bt_funcs.ld
-- Adding linker script /vol1/1000/toolchains/esp-idf-v6.0.2/components/esp_rom/esp32s3/ld/esp32s3.rom.libgcc.ld
-- Adding linker script /vol1/1000/toolchains/esp-idf-v6.0.2/components/esp_rom/esp32s3/ld/esp32s3.rom.version.ld
-- Adding linker script /vol1/1000/toolchains/esp-idf-v6.0.2/components/esp_rom/esp32s3/ld/esp32s3.rom.ble_cca.ld
-- Adding linker script /vol1/1000/toolchains/esp-idf-v6.0.2/components/esp_rom/esp32s3/ld/esp32s3.rom.ble_test.ld
-- Adding linker script /vol1/1000/toolchains/esp-idf-v6.0.2/components/esp_rom/esp32s3/ld/esp32s3.rom.libc.ld
-- Adding linker script /vol1/1000/toolchains/esp-idf-v6.0.2/components/soc/esp32s3/ld/esp32s3.peripherals.ld
-- BUTTON: 4.2.0
-- LVGL version: 9.5.0
-- ESP_MMAP_ASSETS: 2.0.0
-- ESP_LV_FS: 1.0.1
-- Found PkgConfig: /usr/bin/pkg-config (found version "1.8.1") 
-- KNOB: 1.1.0
-- ESP_LCD_ST7796: 1.4.0
-- Components: app_update bootloader bootloader_support bt cxx driver efuse esp_adc esp_app_format esp_blockdev esp_bms_bms_ble esp_bms_controller_ble esp_bms_display_service esp_bms_idf_runtime esp_bms_lvgl_bridge esp_bms_lvgl_contract esp_bms_lvgl_ui esp_bms_network esp_bms_ota esp_bootloader_format esp_coex esp_common esp_driver_bitscrambler esp_driver_dma esp_driver_gpio esp_driver_i2c esp_driver_i2s esp_driver_ledc esp_driver_parlio esp_driver_spi esp_driver_uart esp_driver_usb_serial_jtag esp_event esp_fardriver_protocol esp_gdbstub esp_hal_ana_conv esp_hal_clock esp_hal_dma esp_hal_gpio esp_hal_gpspi esp_hal_i2c esp_hal_i2s esp_hal_lcd esp_hal_ledc esp_hal_mspi esp_hal_parlio esp_hal_pmu esp_hal_rtc_timer esp_hal_security esp_hal_timg esp_hal_touch_sens esp_hal_twai esp_hal_uart esp_hal_usb esp_hal_wdt esp_http_server esp_hw_support esp_lcd esp_libc esp_mm esp_netif esp_netif_stack esp_partition esp_phy esp_pm esp_psram esp_ringbuf esp_rom esp_security esp_stdio esp_system esp_timer esp_usb_cdc_rom_console esp_wifi espressif__button espressif__cmake_utilities espressif__esp_lcd_st7796 espressif__esp_lcd_touch espressif__esp_lcd_touch_gt1151 espressif__esp_lv_decoder espressif__esp_lv_fs espressif__esp_lvgl_adapter espressif__esp_mmap_assets espressif__esp_new_jpeg espressif__freetype espressif__knob espressif__libpng espressif__zlib esptool_py freertos hal heap http_parser log lvgl__lvgl lwip main mbedtls nvs_flash nvs_sec_provider partition_table pthread soc spi_flash vfs wpa_supplicant xtensa
-- Component paths: /vol1/1000/toolchains/esp-idf-v6.0.2/components/app_update /vol1/1000/toolchains/esp-idf-v6.0.2/components/bootloader /vol1/1000/toolchains/esp-idf-v6.0.2/components/bootloader_support /vol1/1000/toolchains/esp-idf-v6.0.2/components/bt /vol1/1000/toolchains/esp-idf-v6.0.2/components/cxx /vol1/1000/toolchains/esp-idf-v6.0.2/components/driver /vol1/1000/toolchains/esp-idf-v6.0.2/components/efuse /vol1/1000/toolchains/esp-idf-v6.0.2/components/esp_adc /vol1/1000/toolchains/esp-idf-v6.0.2/components/esp_app_format /vol1/1000/toolchains/esp-idf-v6.0.2/components/esp_blockdev /vol1/1000/project/esp32BmsGps/components/esp_bms_bms_ble /vol1/1000/project/esp32BmsGps/components/esp_bms_controller_ble /vol1/1000/project/esp32BmsGps/components/esp_bms_display_service /vol1/1000/project/esp32BmsGps/components/esp_bms_idf_runtime /vol1/1000/project/esp32BmsGps/components/esp_bms_lvgl_bridge /vol1/1000/project/esp32BmsGps/components/esp_bms_lvgl_contract /vol1/1000/project/esp32BmsGps/components/esp_bms_lvgl_ui /vol1/1000/project/esp32BmsGps/components/esp_bms_network /vol1/1000/project/esp32BmsGps/components/esp_bms_ota /vol1/1000/toolchains/esp-idf-v6.0.2/components/esp_bootloader_format /vol1/1000/toolchains/esp-idf-v6.0.2/components/esp_coex /vol1/1000/toolchains/esp-idf-v6.0.2/components/esp_common /vol1/1000/toolchains/esp-idf-v6.0.2/components/esp_driver_bitscrambler /vol1/1000/toolchains/esp-idf-v6.0.2/components/esp_driver_dma /vol1/1000/toolchains/esp-idf-v6.0.2/components/esp_driver_gpio /vol1/1000/toolchains/esp-idf-v6.0.2/components/esp_driver_i2c /vol1/1000/toolchains/esp-idf-v6.0.2/components/esp_driver_i2s /vol1/1000/toolchains/esp-idf-v6.0.2/components/esp_driver_ledc /vol1/1000/toolchains/esp-idf-v6.0.2/components/esp_driver_parlio /vol1/1000/toolchains/esp-idf-v6.0.2/components/esp_driver_spi /vol1/1000/toolchains/esp-idf-v6.0.2/components/esp_driver_uart /vol1/1000/toolchains/esp-idf-v6.0.2/components/esp_driver_usb_serial_jtag /vol1/1000/toolchains/esp-idf-v6.0.2/components/esp_event /vol1/1000/project/esp32BmsGps/components/esp_fardriver_protocol /vol1/1000/toolchains/esp-idf-v6.0.2/components/esp_gdbstub /vol1/1000/toolchains/esp-idf-v6.0.2/components/esp_hal_ana_conv /vol1/1000/toolchains/esp-idf-v6.0.2/components/esp_hal_clock /vol1/1000/toolchains/esp-idf-v6.0.2/components/esp_hal_dma /vol1/1000/toolchains/esp-idf-v6.0.2/components/esp_hal_gpio /vol1/1000/toolchains/esp-idf-v6.0.2/components/esp_hal_gpspi /vol1/1000/toolchains/esp-idf-v6.0.2/components/esp_hal_i2c /vol1/1000/toolchains/esp-idf-v6.0.2/components/esp_hal_i2s /vol1/1000/toolchains/esp-idf-v6.0.2/components/esp_hal_lcd /vol1/1000/toolchains/esp-idf-v6.0.2/components/esp_hal_ledc /vol1/1000/toolchains/esp-idf-v6.0.2/components/esp_hal_mspi /vol1/1000/toolchains/esp-idf-v6.0.2/components/esp_hal_parlio /vol1/1000/toolchains/esp-idf-v6.0.2/components/esp_hal_pmu /vol1/1000/toolchains/esp-idf-v6.0.2/components/esp_hal_rtc_timer /vol1/1000/toolchains/esp-idf-v6.0.2/components/esp_hal_security /vol1/1000/toolchains/esp-idf-v6.0.2/components/esp_hal_timg /vol1/1000/toolchains/esp-idf-v6.0.2/components/esp_hal_touch_sens /vol1/1000/toolchains/esp-idf-v6.0.2/components/esp_hal_twai /vol1/1000/toolchains/esp-idf-v6.0.2/components/esp_hal_uart /vol1/1000/toolchains/esp-idf-v6.0.2/components/esp_hal_usb /vol1/1000/toolchains/esp-idf-v6.0.2/components/esp_hal_wdt /vol1/1000/toolchains/esp-idf-v6.0.2/components/esp_http_server /vol1/1000/toolchains/esp-idf-v6.0.2/components/esp_hw_support /vol1/1000/toolchains/esp-idf-v6.0.2/components/esp_lcd /vol1/1000/toolchains/esp-idf-v6.0.2/components/esp_libc /vol1/1000/toolchains/esp-idf-v6.0.2/components/esp_mm /vol1/1000/toolchains/esp-idf-v6.0.2/components/esp_netif /vol1/1000/toolchains/esp-idf-v6.0.2/components/esp_netif_stack /vol1/1000/toolchains/esp-idf-v6.0.2/components/esp_partition /vol1/1000/toolchains/esp-idf-v6.0.2/components/esp_phy /vol1/1000/toolchains/esp-idf-v6.0.2/components/esp_pm /vol1/1000/toolchains/esp-idf-v6.0.2/components/esp_psram /vol1/1000/toolchains/esp-idf-v6.0.2/components/esp_ringbuf /vol1/1000/toolchains/esp-idf-v6.0.2/components/esp_rom /vol1/1000/toolchains/esp-idf-v6.0.2/components/esp_security /vol1/1000/toolchains/esp-idf-v6.0.2/components/esp_stdio /vol1/1000/toolchains/esp-idf-v6.0.2/components/esp_system /vol1/1000/toolchains/esp-idf-v6.0.2/components/esp_timer /vol1/1000/toolchains/esp-idf-v6.0.2/components/esp_usb_cdc_rom_console /vol1/1000/toolchains/esp-idf-v6.0.2/components/esp_wifi /tmp/esp32-bms-gps-idf-builds/1000/esp32s3-n16r8-st7796u-gt1151/idf-project/managed_components/espressif__button /tmp/esp32-bms-gps-idf-builds/1000/esp32s3-n16r8-st7796u-gt1151/idf-project/managed_components/espressif__cmake_utilities /tmp/esp32-bms-gps-idf-builds/1000/esp32s3-n16r8-st7796u-gt1151/idf-project/managed_components/espressif__esp_lcd_st7796 /tmp/esp32-bms-gps-idf-builds/1000/esp32s3-n16r8-st7796u-gt1151/idf-project/managed_components/espressif__esp_lcd_touch /tmp/esp32-bms-gps-idf-builds/1000/esp32s3-n16r8-st7796u-gt1151/idf-project/managed_components/espressif__esp_lcd_touch_gt1151 /tmp/esp32-bms-gps-idf-builds/1000/esp32s3-n16r8-st7796u-gt1151/idf-project/managed_components/espressif__esp_lv_decoder /tmp/esp32-bms-gps-idf-builds/1000/esp32s3-n16r8-st7796u-gt1151/idf-project/managed_components/espressif__esp_lv_fs /tmp/esp32-bms-gps-idf-builds/1000/esp32s3-n16r8-st7796u-gt1151/idf-project/managed_components/espressif__esp_lvgl_adapter /tmp/esp32-bms-gps-idf-builds/1000/esp32s3-n16r8-st7796u-gt1151/idf-project/managed_components/espressif__esp_mmap_assets /tmp/esp32-bms-gps-idf-builds/1000/esp32s3-n16r8-st7796u-gt1151/idf-project/managed_components/espressif__esp_new_jpeg /tmp/esp32-bms-gps-idf-builds/1000/esp32s3-n16r8-st7796u-gt1151/idf-project/managed_components/espressif__freetype /tmp/esp32-bms-gps-idf-builds/1000/esp32s3-n16r8-st7796u-gt1151/idf-project/managed_components/espressif__knob /tmp/esp32-bms-gps-idf-builds/1000/esp32s3-n16r8-st7796u-gt1151/idf-project/managed_components/espressif__libpng /tmp/esp32-bms-gps-idf-builds/1000/esp32s3-n16r8-st7796u-gt1151/idf-project/managed_components/espressif__zlib /vol1/1000/toolchains/esp-idf-v6.0.2/components/esptool_py /vol1/1000/toolchains/esp-idf-v6.0.2/components/freertos /vol1/1000/toolchains/esp-idf-v6.0.2/components/hal /vol1/1000/toolchains/esp-idf-v6.0.2/components/heap /vol1/1000/toolchains/esp-idf-v6.0.2/components/http_parser /vol1/1000/toolchains/esp-idf-v6.0.2/components/log /tmp/esp32-bms-gps-idf-builds/1000/esp32s3-n16r8-st7796u-gt1151/idf-project/managed_components/lvgl__lvgl /vol1/1000/toolchains/esp-idf-v6.0.2/components/lwip /tmp/esp32-bms-gps-idf-builds/1000/esp32s3-n16r8-st7796u-gt1151/idf-project/main /vol1/1000/toolchains/esp-idf-v6.0.2/components/mbedtls /vol1/1000/toolchains/esp-idf-v6.0.2/components/nvs_flash /vol1/1000/toolchains/esp-idf-v6.0.2/components/nvs_sec_provider /vol1/1000/toolchains/esp-idf-v6.0.2/components/partition_table /vol1/1000/toolchains/esp-idf-v6.0.2/components/pthread /vol1/1000/toolchains/esp-idf-v6.0.2/components/soc /vol1/1000/toolchains/esp-idf-v6.0.2/components/spi_flash /vol1/1000/toolchains/esp-idf-v6.0.2/components/vfs /vol1/1000/toolchains/esp-idf-v6.0.2/components/wpa_supplicant /vol1/1000/toolchains/esp-idf-v6.0.2/components/xtensa
-- Configuring done
-- Generating done
CMake Warning:
  Manually-specified variables were not used by the project:

    ESP_BMS_PROFILE_FILE


-- Build files have been written to: /tmp/esp32-bms-gps-idf-builds/1000/esp32s3-n16r8-st7796u-gt1151/idf-build
Running ninja in directory /tmp/esp32-bms-gps-idf-builds/1000/esp32s3-n16r8-st7796u-gt1151/idf-build
Executing "ninja all"...
[1/1705] Generating project_elf_src_esp32s3.c
[2/1705] Preprocessing linker script /vol1/1000/toolchains/esp-idf-v6.0.2/components/esp_system/ld/esp32s3/sections.ld.in -> /tmp/esp32-bms-gps-idf-builds/1000/esp32s3-n16r8-st7796u-gt1151/idf-build/esp-idf/esp_system/ld/sections.ld.in
[3/1705] Preprocessing linker script /vol1/1000/toolchains/esp-idf-v6.0.2/components/esp_system/ld/esp32s3/memory.ld.in -> /tmp/esp32-bms-gps-idf-builds/1000/esp32s3-n16r8-st7796u-gt1151/idf-build/esp-idf/esp_system/ld/memory.ld
[4/1705] Generating ../../ota_data_initial.bin
[5/1705] Building ASM object esp-idf/esp_gdbstub/CMakeFiles/__idf_esp_gdbstub.dir/src/port/xtensa/gdbstub-entry.S.obj
[6/1705] Building ASM object esp-idf/esp_gdbstub/CMakeFiles/__idf_esp_gdbstub.dir/src/port/xtensa/xt_debugexception.S.obj
[7/1705] Building C object esp-idf/esp_coex/CMakeFiles/__idf_esp_coex.dir/src/coexist_debug_diagram.c.obj
[8/1705] Building C object esp-idf/esp_coex/CMakeFiles/__idf_esp_coex.dir/src/coexist.c.obj
[9/1705] Building C object esp-idf/esp_wifi/CMakeFiles/__idf_esp_wifi.dir/regulatory/esp_wifi_regulatory.c.obj
[10/1705] Building C object esp-idf/esp_coex/CMakeFiles/__idf_esp_coex.dir/src/lib_printf.c.obj
[11/1705] Building C object esp-idf/esp_gdbstub/CMakeFiles/__idf_esp_gdbstub.dir/src/gdbstub_transport.c.obj
[12/1705] Building C object esp-idf/esp_gdbstub/CMakeFiles/__idf_esp_gdbstub.dir/src/packet.c.obj
[13/1705] Building C object esp-idf/esp_wifi/CMakeFiles/__idf_esp_wifi.dir/src/mesh_event.c.obj
[14/1705] Generating ../../partition_table/partition-table.bin
Partition table binary generated. Contents:
*******************************************************************************
# ESP-IDF Partition Table
# Name, Type, SubType, Offset, Size, Flags
nvs,data,nvs,0x9000,16K,
otadata,data,ota,0xd000,8K,
phy_init,data,phy,0xf000,4K,
ota_0,app,ota_0,0x10000,6M,
ota_1,app,ota_1,0x610000,6M,
storage,data,spiffs,0xc10000,4032K,
*******************************************************************************
[15/1705] Building C object esp-idf/esp_coex/CMakeFiles/__idf_esp_coex.dir/src/coexist_debug.c.obj
[16/1705] Building C object esp-idf/esp_wifi/CMakeFiles/__idf_esp_wifi.dir/src/lib_printf.c.obj
[17/1705] Building C object esp-idf/esp_wifi/CMakeFiles/__idf_esp_wifi.dir/src/wifi_default_ap.c.obj
[18/1705] Building C object esp-idf/wpa_supplicant/CMakeFiles/__idf_wpa_supplicant.dir/src/common/sae.c.obj
[19/1705] Building C object esp-idf/esp_gdbstub/CMakeFiles/__idf_esp_gdbstub.dir/src/port/xtensa/gdbstub_xtensa.c.obj
[20/1705] Building C object esp-idf/esp_wifi/CMakeFiles/__idf_esp_wifi.dir/src/smartconfig.c.obj
[21/1705] Building C object esp-idf/wpa_supplicant/CMakeFiles/__idf_wpa_supplicant.dir/port/os_xtensa.c.obj
[22/1705] Building C object esp-idf/esp_coex/CMakeFiles/__idf_esp_coex.dir/esp32s3/esp_coex_adapter.c.obj
[23/1705] Building C object esp-idf/esp_wifi/CMakeFiles/__idf_esp_wifi.dir/src/wifi_netif.c.obj
[24/1705] Building C object esp-idf/wpa_supplicant/CMakeFiles/__idf_wpa_supplicant.dir/src/ap/ap_config.c.obj
[25/1705] Building C object esp-idf/wpa_supplicant/CMakeFiles/__idf_wpa_supplicant.dir/src/ap/comeback_token.c.obj
[26/1705] Building C object esp-idf/esp_wifi/CMakeFiles/__idf_esp_wifi.dir/src/wifi_default.c.obj
[27/1705] Building C object esp-idf/esp_gdbstub/CMakeFiles/__idf_esp_gdbstub.dir/src/gdbstub.c.obj
[28/1705] Building C object esp-idf/esp_wifi/CMakeFiles/__idf_esp_wifi.dir/src/smartconfig_ack.c.obj
[29/1705] Building C object esp-idf/wpa_supplicant/CMakeFiles/__idf_wpa_supplicant.dir/src/crypto/sha256-kdf.c.obj
[30/1705] Building C object esp-idf/esp_wifi/CMakeFiles/__idf_esp_wifi.dir/esp32s3/esp_adapter.c.obj
[31/1705] Building C object esp-idf/wpa_supplicant/CMakeFiles/__idf_wpa_supplicant.dir/src/ap/sta_info.c.obj
[32/1705] Building C object esp-idf/wpa_supplicant/CMakeFiles/__idf_wpa_supplicant.dir/src/ap/ieee802_11.c.obj
[33/1705] Linking C static library esp-idf/esp_gdbstub/libesp_gdbstub.a
[34/1705] Building C object esp-idf/wpa_supplicant/CMakeFiles/__idf_wpa_supplicant.dir/src/ap/ieee802_1x.c.obj
[35/1705] Building C object esp-idf/wpa_supplicant/CMakeFiles/__idf_wpa_supplicant.dir/src/crypto/crypto_ops.c.obj
[36/1705] Building C object esp-idf/esp_wifi/CMakeFiles/__idf_esp_wifi.dir/src/wifi_init.c.obj
[37/1705] Building C object esp-idf/wpa_supplicant/CMakeFiles/__idf_wpa_supplicant.dir/src/common/dragonfly.c.obj
[38/1705] Building C object esp-idf/wpa_supplicant/CMakeFiles/__idf_wpa_supplicant.dir/src/crypto/dh_group5.c.obj
[39/1705] Linking C static library esp-idf/esp_wifi/libesp_wifi.a
[40/1705] Building C object esp-idf/wpa_supplicant/CMakeFiles/__idf_wpa_supplicant.dir/port/eloop.c.obj
[41/1705] Building C object esp-idf/wpa_supplicant/CMakeFiles/__idf_wpa_supplicant.dir/src/crypto/aes-siv.c.obj
[42/1705] Building C object esp-idf/wpa_supplicant/CMakeFiles/__idf_wpa_supplicant.dir/src/crypto/sha1-tlsprf.c.obj
[43/1705] Building C object esp-idf/wpa_supplicant/CMakeFiles/__idf_wpa_supplicant.dir/src/crypto/sha256-tlsprf.c.obj
[44/1705] Building C object esp-idf/wpa_supplicant/CMakeFiles/__idf_wpa_supplicant.dir/src/ap/pmksa_cache_auth.c.obj
[45/1705] Building C object esp-idf/wpa_supplicant/CMakeFiles/__idf_wpa_supplicant.dir/src/utils/bitfield.c.obj
[46/1705] Building C object esp-idf/wpa_supplicant/CMakeFiles/__idf_wpa_supplicant.dir/src/crypto/sha384-tlsprf.c.obj
[47/1705] Building C object esp-idf/wpa_supplicant/CMakeFiles/__idf_wpa_supplicant.dir/src/crypto/aes-gcm.c.obj
[48/1705] Building C object esp-idf/wpa_supplicant/CMakeFiles/__idf_wpa_supplicant.dir/src/ap/wpa_auth_ie.c.obj
[49/1705] Building C object esp-idf/wpa_supplicant/CMakeFiles/__idf_wpa_supplicant.dir/src/crypto/sha256-prf.c.obj
[50/1705] Building C object esp-idf/wpa_supplicant/CMakeFiles/__idf_wpa_supplicant.dir/src/crypto/sha1-prf.c.obj
[51/1705] Building C object esp-idf/wpa_supplicant/CMakeFiles/__idf_wpa_supplicant.dir/src/crypto/ccmp.c.obj
[52/1705] Building C object esp-idf/wpa_supplicant/CMakeFiles/__idf_wpa_supplicant.dir/src/crypto/dh_groups.c.obj
[53/1705] Building C object esp-idf/wpa_supplicant/CMakeFiles/__idf_wpa_supplicant.dir/src/crypto/sha1-tprf.c.obj
[54/1705] Building C object esp-idf/wpa_supplicant/CMakeFiles/__idf_wpa_supplicant.dir/src/crypto/sha384-prf.c.obj
[55/1705] Building C object esp-idf/wpa_supplicant/CMakeFiles/__idf_wpa_supplicant.dir/src/eap_common/eap_wsc_common.c.obj
[56/1705] Building C object esp-idf/wpa_supplicant/CMakeFiles/__idf_wpa_supplicant.dir/src/crypto/md4-internal.c.obj
[57/1705] Building C object esp-idf/wpa_supplicant/CMakeFiles/__idf_wpa_supplicant.dir/src/crypto/ms_funcs.c.obj
[58/1705] Building C object esp-idf/wpa_supplicant/CMakeFiles/__idf_wpa_supplicant.dir/src/eap_peer/chap.c.obj
[59/1705] Building C object esp-idf/wpa_supplicant/CMakeFiles/__idf_wpa_supplicant.dir/src/eap_peer/eap_peap_common.c.obj
[60/1705] Building C object esp-idf/wpa_supplicant/CMakeFiles/__idf_wpa_supplicant.dir/src/eap_peer/mschapv2.c.obj
[61/1705] Building C object esp-idf/wpa_supplicant/CMakeFiles/__idf_wpa_supplicant.dir/src/eap_peer/eap_common.c.obj
[62/1705] Building C object esp-idf/wpa_supplicant/CMakeFiles/__idf_wpa_supplicant.dir/src/eap_peer/eap_tls.c.obj
[63/1705] Building C object esp-idf/wpa_supplicant/CMakeFiles/__idf_wpa_supplicant.dir/src/common/ieee802_11_common.c.obj
[64/1705] Building C object esp-idf/wpa_supplicant/CMakeFiles/__idf_wpa_supplicant.dir/src/utils/uuid.c.obj
[65/1705] Building C object esp-idf/wpa_supplicant/CMakeFiles/__idf_wpa_supplicant.dir/src/eap_peer/eap_fast_common.c.obj
[66/1705] Building C object esp-idf/wpa_supplicant/CMakeFiles/__idf_wpa_supplicant.dir/src/utils/base64.c.obj
[67/1705] Building C object esp-idf/wpa_supplicant/CMakeFiles/__idf_wpa_supplicant.dir/src/rsn_supp/wpa_ie.c.obj
[68/1705] Building C object esp-idf/wpa_supplicant/CMakeFiles/__idf_wpa_supplicant.dir/src/utils/ext_password.c.obj
[69/1705] Building C object esp-idf/wpa_supplicant/CMakeFiles/__idf_wpa_supplicant.dir/src/common/wpa_common.c.obj
[70/1705] Building C object esp-idf/wpa_supplicant/CMakeFiles/__idf_wpa_supplicant.dir/src/eap_peer/eap_tls_common.c.obj
[71/1705] Building C object esp-idf/wpa_supplicant/CMakeFiles/__idf_wpa_supplicant.dir/src/utils/wpa_debug.c.obj
[72/1705] Building C object esp-idf/wpa_supplicant/CMakeFiles/__idf_wpa_supplicant.dir/src/eap_peer/eap_mschapv2.c.obj
[73/1705] Building C object esp-idf/wpa_supplicant/CMakeFiles/__idf_wpa_supplicant.dir/src/utils/wpabuf.c.obj
[74/1705] Building C object esp-idf/wpa_supplicant/CMakeFiles/__idf_wpa_supplicant.dir/src/rsn_supp/pmksa_cache.c.obj
[75/1705] Building C object esp-idf/wpa_supplicant/CMakeFiles/__idf_wpa_supplicant.dir/src/eap_peer/eap_fast_pac.c.obj
[76/1705] Building C object esp-idf/wpa_supplicant/CMakeFiles/__idf_wpa_supplicant.dir/src/eap_peer/eap.c.obj
[77/1705] Building C object esp-idf/wpa_supplicant/CMakeFiles/__idf_wpa_supplicant.dir/src/ap/wpa_auth.c.obj
[78/1705] Building C object esp-idf/wpa_supplicant/CMakeFiles/__idf_wpa_supplicant.dir/esp_supplicant/src/esp_wpa3.c.obj
[79/1705] Building C object esp-idf/wpa_supplicant/CMakeFiles/__idf_wpa_supplicant.dir/esp_supplicant/src/esp_wpa2_api_port.c.obj
[80/1705] Building C object esp-idf/wpa_supplicant/CMakeFiles/__idf_wpa_supplicant.dir/src/wps/wps_attr_process.c.obj
[81/1705] Building C object esp-idf/wpa_supplicant/CMakeFiles/__idf_wpa_supplicant.dir/esp_supplicant/src/esp_owe.c.obj
[82/1705] Building C object esp-idf/wpa_supplicant/CMakeFiles/__idf_wpa_supplicant.dir/src/wps/wps.c.obj
[83/1705] Building C object esp-idf/wpa_supplicant/CMakeFiles/__idf_wpa_supplicant.dir/src/wps/wps_attr_build.c.obj
[84/1705] Building C object esp-idf/wpa_supplicant/CMakeFiles/__idf_wpa_supplicant.dir/src/wps/wps_attr_parse.c.obj
[85/1705] Building C object esp-idf/wpa_supplicant/CMakeFiles/__idf_wpa_supplicant.dir/esp_supplicant/src/esp_wpas_glue.c.obj
[86/1705] Building C object esp-idf/wpa_supplicant/CMakeFiles/__idf_wpa_supplicant.dir/src/utils/common.c.obj
[87/1705] Building C object esp-idf/wpa_supplicant/CMakeFiles/__idf_wpa_supplicant.dir/src/eap_peer/eap_peap.c.obj
[88/1705] Building C object esp-idf/wpa_supplicant/CMakeFiles/__idf_wpa_supplicant.dir/esp_supplicant/src/esp_common.c.obj
[89/1705] Building C object esp-idf/wpa_supplicant/CMakeFiles/__idf_wpa_supplicant.dir/src/wps/wps_common.c.obj
[90/1705] Building C object esp-idf/wpa_supplicant/CMakeFiles/__idf_wpa_supplicant.dir/src/utils/json.c.obj
[91/1705] Building C object esp-idf/wpa_supplicant/CMakeFiles/__idf_wpa_supplicant.dir/src/eap_peer/eap_ttls.c.obj
[92/1705] Building C object esp-idf/wpa_supplicant/CMakeFiles/__idf_wpa_supplicant.dir/src/wps/wps_dev_attr.c.obj
[93/1705] Building C object esp-idf/wpa_supplicant/CMakeFiles/__idf_wpa_supplicant.dir/src/tls/pkcs1.c.obj
[94/1705] Building C object esp-idf/wpa_supplicant/CMakeFiles/__idf_wpa_supplicant.dir/esp_supplicant/src/esp_wpa_main.c.obj
[95/1705] Building C object esp-idf/wpa_supplicant/CMakeFiles/__idf_wpa_supplicant.dir/src/tls/pkcs8.c.obj
[96/1705] Building C object esp-idf/wpa_supplicant/CMakeFiles/__idf_wpa_supplicant.dir/esp_supplicant/src/esp_hostap.c.obj
[97/1705] Building C object esp-idf/wpa_supplicant/CMakeFiles/__idf_wpa_supplicant.dir/src/wps/wps_enrollee.c.obj
[98/1705] Building C object esp-idf/wpa_supplicant/CMakeFiles/__idf_wpa_supplicant.dir/src/tls/asn1.c.obj
[99/1705] Building C object esp-idf/wpa_supplicant/CMakeFiles/__idf_wpa_supplicant.dir/src/tls/tlsv1_common.c.obj
[100/1705] Building C object esp-idf/wpa_supplicant/CMakeFiles/__idf_wpa_supplicant.dir/src/tls/rsa.c.obj
[101/1705] Building C object esp-idf/wpa_supplicant/CMakeFiles/__idf_wpa_supplicant.dir/src/eap_peer/eap_fast.c.obj
[102/1705] Building C object esp-idf/wpa_supplicant/CMakeFiles/__idf_wpa_supplicant.dir/esp_supplicant/src/esp_eap_client.c.obj
[103/1705] Building C object esp-idf/wpa_supplicant/CMakeFiles/__idf_wpa_supplicant.dir/src/tls/pkcs5.c.obj
[104/1705] Building C object esp-idf/wpa_supplicant/CMakeFiles/__idf_wpa_supplicant.dir/src/crypto/tls_internal.c.obj
[105/1705] Building C object esp-idf/wpa_supplicant/CMakeFiles/__idf_wpa_supplicant.dir/src/tls/tlsv1_cred.c.obj
[106/1705] Building C object esp-idf/wpa_supplicant/CMakeFiles/__idf_wpa_supplicant.dir/src/tls/tlsv1_record.c.obj
[107/1705] Building C object esp-idf/wpa_supplicant/CMakeFiles/__idf_wpa_supplicant.dir/esp_supplicant/src/crypto/fastpsk.c.obj
[108/1705] Building C object esp-idf/wpa_supplicant/CMakeFiles/__idf_wpa_supplicant.dir/src/crypto/rc4.c.obj
[109/1705] Building C object esp-idf/wpa_supplicant/CMakeFiles/__idf_wpa_supplicant.dir/src/tls/tlsv1_client.c.obj
[110/1705] Building C object esp-idf/wpa_supplicant/CMakeFiles/__idf_wpa_supplicant.dir/src/tls/tlsv1_client_write.c.obj
[111/1705] Building C object esp-idf/esp_netif/CMakeFiles/__idf_esp_netif.dir/esp_netif_defaults.c.obj
[112/1705] Building C object esp-idf/wpa_supplicant/CMakeFiles/__idf_wpa_supplicant.dir/src/crypto/aes-unwrap.c.obj
[113/1705] Linking C static library esp-idf/esp_coex/libesp_coex.a
[114/1705] Building C object esp-idf/wpa_supplicant/CMakeFiles/__idf_wpa_supplicant.dir/src/crypto/aes-wrap.c.obj
[115/1705] Building C object esp-idf/wpa_supplicant/CMakeFiles/__idf_wpa_supplicant.dir/src/rsn_supp/wpa.c.obj
[116/1705] Building C object esp-idf/esp_netif/CMakeFiles/__idf_esp_netif.dir/esp_netif_objects.c.obj
[117/1705] Building C object esp-idf/wpa_supplicant/CMakeFiles/__idf_wpa_supplicant.dir/esp_supplicant/src/crypto/crypto_mbedtls-rsa.c.obj
[118/1705] Building C object esp-idf/wpa_supplicant/CMakeFiles/__idf_wpa_supplicant.dir/src/tls/tlsv1_client_ocsp.c.obj
[119/1705] Building C object esp-idf/wpa_supplicant/CMakeFiles/__idf_wpa_supplicant.dir/src/crypto/des-internal.c.obj
[120/1705] Building C object esp-idf/esp_netif/CMakeFiles/__idf_esp_netif.dir/esp_netif_handlers.c.obj
[121/1705] Building C object esp-idf/esp_phy/CMakeFiles/__idf_esp_phy.dir/src/lib_printf.c.obj
[122/1705] Building C object esp-idf/wpa_supplicant/CMakeFiles/__idf_wpa_supplicant.dir/esp_supplicant/src/esp_wps.c.obj
[123/1705] Building C object esp-idf/esp_netif/CMakeFiles/__idf_esp_netif.dir/lwip/netif/esp_pbuf_ref.c.obj
[124/1705] Building C object esp-idf/esp_phy/CMakeFiles/__idf_esp_phy.dir/src/phy_override.c.obj
[125/1705] Building C object esp-idf/esp_phy/CMakeFiles/__idf_esp_phy.dir/esp32s3/phy_init_data.c.obj
[126/1705] Building C object esp-idf/wpa_supplicant/CMakeFiles/__idf_wpa_supplicant.dir/src/tls/tlsv1_client_read.c.obj
[127/1705] Building C object esp-idf/esp_netif/CMakeFiles/__idf_esp_netif.dir/lwip/esp_netif_lwip_defaults.c.obj
[128/1705] Building C object esp-idf/wpa_supplicant/CMakeFiles/__idf_wpa_supplicant.dir/src/crypto/aes-ccm.c.obj
[129/1705] Building C object esp-idf/esp_phy/CMakeFiles/__idf_esp_phy.dir/src/btbb_init.c.obj
[130/1705] Building C object esp-idf/esp_netif/CMakeFiles/__idf_esp_netif.dir/lwip/esp_netif_sntp.c.obj
[131/1705] Building C object esp-idf/esp_netif/CMakeFiles/__idf_esp_netif.dir/lwip/netif/ethernetif.c.obj
[132/1705] Building C object esp-idf/esp_phy/CMakeFiles/__idf_esp_phy.dir/src/phy_common.c.obj
[133/1705] Building C object esp-idf/esp_netif/CMakeFiles/__idf_esp_netif.dir/lwip/netif/wlanif.c.obj
[134/1705] Building C object esp-idf/wpa_supplicant/CMakeFiles/__idf_wpa_supplicant.dir/esp_supplicant/src/crypto/crypto_mbedtls.c.obj
[135/1705] Building C object esp-idf/wpa_supplicant/CMakeFiles/__idf_wpa_supplicant.dir/esp_supplicant/src/crypto/crypto_mbedtls-bignum.c.obj
[136/1705] Building C object esp-idf/lwip/CMakeFiles/__idf_lwip.dir/lwip/src/api/netbuf.c.obj
[137/1705] Building C object esp-idf/wpa_supplicant/CMakeFiles/__idf_wpa_supplicant.dir/src/tls/bignum.c.obj
[138/1705] Building C object esp-idf/esp_phy/CMakeFiles/__idf_esp_phy.dir/src/phy_init.c.obj
[139/1705] Building C object esp-idf/lwip/CMakeFiles/__idf_lwip.dir/lwip/src/api/err.c.obj
[140/1705] Building C object esp-idf/esp_http_server/CMakeFiles/__idf_esp_http_server.dir/src/util/ctrl_sock.c.obj
[141/1705] Building C object esp-idf/esp_http_server/CMakeFiles/__idf_esp_http_server.dir/src/httpd_uri.c.obj
[142/1705] Building C object esp-idf/lwip/CMakeFiles/__idf_lwip.dir/apps/sntp/sntp.c.obj
[143/1705] Building C object esp-idf/lwip/CMakeFiles/__idf_lwip.dir/lwip/src/api/if_api.c.obj
[144/1705] Building C object esp-idf/lwip/CMakeFiles/__idf_lwip.dir/lwip/src/api/netifapi.c.obj
[145/1705] Building C object esp-idf/esp_http_server/CMakeFiles/__idf_esp_http_server.dir/src/httpd_sess.c.obj
[146/1705] Building C object esp-idf/lwip/CMakeFiles/__idf_lwip.dir/lwip/src/api/tcpip.c.obj
[147/1705] Building C object esp-idf/esp_http_server/CMakeFiles/__idf_esp_http_server.dir/src/httpd_main.c.obj
[148/1705] Building C object esp-idf/lwip/CMakeFiles/__idf_lwip.dir/lwip/src/apps/netbiosns/netbiosns.c.obj
[149/1705] Building C object esp-idf/wpa_supplicant/CMakeFiles/__idf_wpa_supplicant.dir/src/tls/x509v3.c.obj
[150/1705] Building C object esp-idf/lwip/CMakeFiles/__idf_lwip.dir/lwip/src/api/netdb.c.obj
[151/1705] Building C object esp-idf/lwip/CMakeFiles/__idf_lwip.dir/lwip/src/core/def.c.obj
[152/1705] Building C object esp-idf/lwip/CMakeFiles/__idf_lwip.dir/lwip/src/api/api_lib.c.obj
[153/1705] Building C object esp-idf/lwip/CMakeFiles/__idf_lwip.dir/lwip/src/core/init.c.obj
[154/1705] Building C object esp-idf/lwip/CMakeFiles/__idf_lwip.dir/lwip/src/core/ip.c.obj
[155/1705] Building C object esp-idf/lwip/CMakeFiles/__idf_lwip.dir/lwip/src/apps/sntp/sntp.c.obj
[156/1705] Building C object esp-idf/esp_http_server/CMakeFiles/__idf_esp_http_server.dir/src/httpd_parse.c.obj
[157/1705] Building C object esp-idf/lwip/CMakeFiles/__idf_lwip.dir/lwip/src/core/stats.c.obj
[158/1705] Building C object esp-idf/esp_http_server/CMakeFiles/__idf_esp_http_server.dir/src/httpd_ws.c.obj
[159/1705] Building C object esp-idf/lwip/CMakeFiles/__idf_lwip.dir/lwip/src/core/inet_chksum.c.obj
[160/1705] Building C object esp-idf/lwip/CMakeFiles/__idf_lwip.dir/lwip/src/core/mem.c.obj
[161/1705] Building C object esp-idf/esp_http_server/CMakeFiles/__idf_esp_http_server.dir/src/httpd_txrx.c.obj
[162/1705] Building C object esp-idf/lwip/CMakeFiles/__idf_lwip.dir/lwip/src/core/ipv4/autoip.c.obj
[163/1705] Building C object esp-idf/lwip/CMakeFiles/__idf_lwip.dir/lwip/src/core/memp.c.obj
[164/1705] Building C object esp-idf/lwip/CMakeFiles/__idf_lwip.dir/lwip/src/core/sys.c.obj
[165/1705] Building C object esp-idf/lwip/CMakeFiles/__idf_lwip.dir/lwip/src/core/timeouts.c.obj
[166/1705] Building C object esp-idf/lwip/CMakeFiles/__idf_lwip.dir/lwip/src/core/ipv4/icmp.c.obj
[167/1705] Building C object esp-idf/lwip/CMakeFiles/__idf_lwip.dir/lwip/src/core/ipv4/ip4_napt.c.obj
[168/1705] Building C object esp-idf/lwip/CMakeFiles/__idf_lwip.dir/lwip/src/core/raw.c.obj
[169/1705] Building C object esp-idf/lwip/CMakeFiles/__idf_lwip.dir/lwip/src/core/ipv6/dhcp6.c.obj
[170/1705] Building C object esp-idf/lwip/CMakeFiles/__idf_lwip.dir/lwip/src/core/ipv6/inet6.c.obj
[171/1705] Building C object esp-idf/lwip/CMakeFiles/__idf_lwip.dir/lwip/src/core/ipv4/ip4_frag.c.obj
[172/1705] Building C object esp-idf/lwip/CMakeFiles/__idf_lwip.dir/lwip/src/core/ipv4/igmp.c.obj
[173/1705] Building C object esp-idf/lwip/CMakeFiles/__idf_lwip.dir/lwip/src/core/pbuf.c.obj
[174/1705] Building C object esp-idf/lwip/CMakeFiles/__idf_lwip.dir/lwip/src/core/ipv4/ip4.c.obj
[175/1705] Building C object esp-idf/lwip/CMakeFiles/__idf_lwip.dir/lwip/src/core/ipv6/ethip6.c.obj
[176/1705] Building C object esp-idf/lwip/CMakeFiles/__idf_lwip.dir/lwip/src/core/ipv6/icmp6.c.obj
[177/1705] Building C object esp-idf/lwip/CMakeFiles/__idf_lwip.dir/lwip/src/core/ipv4/etharp.c.obj
[178/1705] Building C object esp-idf/lwip/CMakeFiles/__idf_lwip.dir/lwip/src/core/dns.c.obj
[179/1705] Building C object esp-idf/lwip/CMakeFiles/__idf_lwip.dir/lwip/src/core/udp.c.obj
[180/1705] Building C object esp-idf/lwip/CMakeFiles/__idf_lwip.dir/lwip/src/core/ipv6/ip6_frag.c.obj
[181/1705] Building C object esp-idf/lwip/CMakeFiles/__idf_lwip.dir/lwip/src/netif/bridgeif.c.obj
[182/1705] Building C object esp-idf/lwip/CMakeFiles/__idf_lwip.dir/lwip/src/core/ipv6/ip6_addr.c.obj
[183/1705] Building C object esp-idf/lwip/CMakeFiles/__idf_lwip.dir/lwip/src/netif/ppp/ccp.c.obj
[184/1705] Building C object esp-idf/lwip/CMakeFiles/__idf_lwip.dir/lwip/src/netif/ethernet.c.obj
[185/1705] Building C object esp-idf/lwip/CMakeFiles/__idf_lwip.dir/lwip/src/netif/slipif.c.obj
[186/1705] Building C object esp-idf/esp_netif/CMakeFiles/__idf_esp_netif.dir/lwip/esp_netif_lwip.c.obj
[187/1705] Building C object esp-idf/lwip/CMakeFiles/__idf_lwip.dir/lwip/src/core/netif.c.obj
[188/1705] Building C object esp-idf/lwip/CMakeFiles/__idf_lwip.dir/lwip/src/netif/ppp/auth.c.obj
[189/1705] Building C object esp-idf/lwip/CMakeFiles/__idf_lwip.dir/lwip/src/core/ipv4/ip4_addr.c.obj
[190/1705] Building C object esp-idf/lwip/CMakeFiles/__idf_lwip.dir/lwip/src/netif/bridgeif_fdb.c.obj
[191/1705] Building C object esp-idf/wpa_supplicant/CMakeFiles/__idf_wpa_supplicant.dir/esp_supplicant/src/crypto/crypto_mbedtls-ec.c.obj
[192/1705] Building C object esp-idf/lwip/CMakeFiles/__idf_lwip.dir/lwip/src/netif/ppp/chap-md5.c.obj
[193/1705] Building C object esp-idf/lwip/CMakeFiles/__idf_lwip.dir/lwip/src/netif/ppp/demand.c.obj
[194/1705] Building C object esp-idf/lwip/CMakeFiles/__idf_lwip.dir/lwip/src/netif/ppp/eap.c.obj
[195/1705] Building C object esp-idf/lwip/CMakeFiles/__idf_lwip.dir/lwip/src/netif/ppp/chap-new.c.obj
[196/1705] Building C object esp-idf/lwip/CMakeFiles/__idf_lwip.dir/lwip/src/netif/ppp/chap_ms.c.obj
[197/1705] Building C object esp-idf/lwip/CMakeFiles/__idf_lwip.dir/lwip/src/api/api_msg.c.obj
[198/1705] Building C object esp-idf/lwip/CMakeFiles/__idf_lwip.dir/lwip/src/netif/ppp/eui64.c.obj
[199/1705] Building C object esp-idf/lwip/CMakeFiles/__idf_lwip.dir/lwip/src/netif/ppp/ipcp.c.obj
[200/1705] Building C object esp-idf/lwip/CMakeFiles/__idf_lwip.dir/lwip/src/netif/ppp/ecp.c.obj
[201/1705] Building C object esp-idf/lwip/CMakeFiles/__idf_lwip.dir/lwip/src/core/ipv6/mld6.c.obj
[202/1705] Building C object esp-idf/lwip/CMakeFiles/__idf_lwip.dir/lwip/src/netif/ppp/fsm.c.obj
[203/1705] Building C object esp-idf/lwip/CMakeFiles/__idf_lwip.dir/lwip/src/core/tcp_out.c.obj
[204/1705] Linking C static library esp-idf/wpa_supplicant/libwpa_supplicant.a
[205/1705] Building C object esp-idf/lwip/CMakeFiles/__idf_lwip.dir/lwip/src/netif/ppp/mppe.c.obj
[206/1705] Building C object esp-idf/lwip/CMakeFiles/__idf_lwip.dir/lwip/src/netif/ppp/magic.c.obj
[207/1705] Building C object esp-idf/lwip/CMakeFiles/__idf_lwip.dir/lwip/src/netif/ppp/lcp.c.obj
[208/1705] Building C object esp-idf/lwip/CMakeFiles/__idf_lwip.dir/lwip/src/netif/ppp/multilink.c.obj
[209/1705] Building C object esp-idf/lwip/CMakeFiles/__idf_lwip.dir/lwip/src/netif/ppp/pppapi.c.obj
[210/1705] Building C object esp-idf/lwip/CMakeFiles/__idf_lwip.dir/lwip/src/netif/ppp/pppcrypt.c.obj
[211/1705] Building C object esp-idf/lwip/CMakeFiles/__idf_lwip.dir/lwip/src/core/ipv6/ip6.c.obj
[212/1705] Linking C static library esp-idf/esp_netif/libesp_netif.a
[213/1705] Building C object esp-idf/lwip/CMakeFiles/__idf_lwip.dir/lwip/src/netif/ppp/pppoe.c.obj
[214/1705] Building C object esp-idf/lwip/CMakeFiles/__idf_lwip.dir/lwip/src/netif/ppp/ipv6cp.c.obj
[215/1705] Linking C static library esp-idf/esp_phy/libesp_phy.a
[216/1705] Building C object esp-idf/lwip/CMakeFiles/__idf_lwip.dir/lwip/src/netif/ppp/ppp.c.obj
[217/1705] Building C object esp-idf/lwip/CMakeFiles/__idf_lwip.dir/lwip/src/netif/ppp/utils.c.obj
[218/1705] Building C object esp-idf/lwip/CMakeFiles/__idf_lwip.dir/lwip/src/core/tcp.c.obj
[219/1705] Building C object esp-idf/lwip/CMakeFiles/__idf_lwip.dir/lwip/src/netif/ppp/upap.c.obj
[220/1705] Building C object esp-idf/lwip/CMakeFiles/__idf_lwip.dir/lwip/src/core/tcp_in.c.obj
[221/1705] Building C object esp-idf/lwip/CMakeFiles/__idf_lwip.dir/lwip/src/netif/ppp/pppol2tp.c.obj
[222/1705] Building C object esp-idf/lwip/CMakeFiles/__idf_lwip.dir/lwip/src/netif/ppp/pppos.c.obj
[223/1705] Building C object esp-idf/lwip/CMakeFiles/__idf_lwip.dir/lwip/src/core/ipv4/dhcp.c.obj
[224/1705] Building C object esp-idf/lwip/CMakeFiles/__idf_lwip.dir/port/hooks/tcp_isn_default.c.obj
[225/1705] Linking C static library esp-idf/esp_http_server/libesp_http_server.a
[226/1705] Building C object esp-idf/lwip/CMakeFiles/__idf_lwip.dir/port/if_index.c.obj
[227/1705] Building C object esp-idf/lwip/CMakeFiles/__idf_lwip.dir/lwip/src/netif/ppp/vj.c.obj
[228/1705] Building C object esp-idf/lwip/CMakeFiles/__idf_lwip.dir/lwip/src/netif/ppp/polarssl/arc4.c.obj
[229/1705] Building C object esp-idf/lwip/CMakeFiles/__idf_lwip.dir/lwip/src/netif/ppp/polarssl/md4.c.obj
[230/1705] Building C object esp-idf/lwip/CMakeFiles/__idf_lwip.dir/port/sockets_ext.c.obj
[231/1705] Building C object esp-idf/lwip/CMakeFiles/__idf_lwip.dir/port/acd_dhcp_check.c.obj
[232/1705] Building C object esp-idf/lwip/CMakeFiles/__idf_lwip.dir/port/hooks/lwip_default_hooks.c.obj
[233/1705] Building C object esp-idf/lwip/CMakeFiles/__idf_lwip.dir/port/debug/lwip_debug.c.obj
[234/1705] Building C object esp-idf/lwip/CMakeFiles/__idf_lwip.dir/lwip/src/netif/ppp/polarssl/des.c.obj
[235/1705] Building C object esp-idf/lwip/CMakeFiles/__idf_lwip.dir/lwip/src/netif/ppp/polarssl/md5.c.obj
[236/1705] Building C object esp-idf/lwip/CMakeFiles/__idf_lwip.dir/lwip/src/netif/ppp/polarssl/sha1.c.obj
[237/1705] Building C object esp-idf/lwip/CMakeFiles/__idf_lwip.dir/port/freertos/sys_arch.c.obj
[238/1705] Building C object esp-idf/lwip/CMakeFiles/__idf_lwip.dir/port/esp32xx/vfs_lwip.c.obj
[239/1705] Building C object esp-idf/esp_driver_uart/CMakeFiles/__idf_esp_driver_uart.dir/src/uart_wakeup.c.obj
[240/1705] Building C object esp-idf/esp_event/CMakeFiles/__idf_esp_event.dir/esp_event_private.c.obj
[241/1705] Building C object esp-idf/esp_driver_usb_serial_jtag/CMakeFiles/__idf_esp_driver_usb_serial_jtag.dir/src/usb_serial_jtag_connection_monitor.c.obj
[242/1705] Building C object esp-idf/esp_event/CMakeFiles/__idf_esp_event.dir/default_event_loop.c.obj
[243/1705] Building C object esp-idf/esp_driver_usb_serial_jtag/CMakeFiles/__idf_esp_driver_usb_serial_jtag.dir/src/usb_serial_jtag.c.obj
[244/1705] Building C object esp-idf/esp_driver_usb_serial_jtag/CMakeFiles/__idf_esp_driver_usb_serial_jtag.dir/src/usb_serial_jtag_vfs.c.obj
[245/1705] Building C object esp-idf/vfs/CMakeFiles/__idf_vfs.dir/vfs_semihost.c.obj
[246/1705] Building C object esp-idf/vfs/CMakeFiles/__idf_vfs.dir/nullfs.c.obj
[247/1705] Building C object esp-idf/vfs/CMakeFiles/__idf_vfs.dir/vfs_eventfd.c.obj
[248/1705] Building C object esp-idf/lwip/CMakeFiles/__idf_lwip.dir/apps/ping/ping_sock.c.obj
[249/1705] Building C object esp-idf/lwip/CMakeFiles/__idf_lwip.dir/lwip/src/api/sockets.c.obj
[250/1705] Building C object esp-idf/vfs/CMakeFiles/__idf_vfs.dir/vfs.c.obj
[251/1705] Building C object esp-idf/lwip/CMakeFiles/__idf_lwip.dir/lwip/src/core/ipv6/nd6.c.obj
[252/1705] Building CXX object esp-idf/nvs_flash/CMakeFiles/__idf_nvs_flash.dir/src/nvs_platform.cpp.obj
[253/1705] Building C object esp-idf/esp_event/CMakeFiles/__idf_esp_event.dir/esp_event.c.obj
[254/1705] Building C object esp-idf/lwip/CMakeFiles/__idf_lwip.dir/apps/dhcpserver/dhcpserver.c.obj
[255/1705] Building C object esp-idf/nvs_flash/CMakeFiles/__idf_nvs_flash.dir/src/nvs_bootloader_aes.c.obj
[256/1705] Building C object esp-idf/vfs/CMakeFiles/__idf_vfs.dir/vfs_calls.c.obj
[257/1705] Building C object esp-idf/esp_driver_uart/CMakeFiles/__idf_esp_driver_uart.dir/src/uhci.c.obj
[258/1705] Building C object esp-idf/esp_driver_uart/CMakeFiles/__idf_esp_driver_uart.dir/src/uart_vfs.c.obj
[259/1705] Building C object esp-idf/nvs_flash/CMakeFiles/__idf_nvs_flash.dir/src/nvs_bootloader_xts_aes.c.obj
[260/1705] Building C object esp-idf/esp_psram/CMakeFiles/__idf_esp_psram.dir/system_layer/esp_psram_mspi.c.obj
[261/1705] Linking C static library esp-idf/lwip/liblwip.a
[262/1705] Building C object esp-idf/nvs_sec_provider/CMakeFiles/__idf_nvs_sec_provider.dir/nvs_sec_provider.c.obj
[263/1705] Building C object esp-idf/esp_psram/CMakeFiles/__idf_esp_psram.dir/xip_impl/mmu_psram_flash.c.obj
[264/1705] Linking C static library esp-idf/vfs/libvfs.a
[265/1705] Building CXX object esp-idf/nvs_flash/CMakeFiles/__idf_nvs_flash.dir/src/nvs_partition_lookup.cpp.obj
[266/1705] Building C object esp-idf/nvs_flash/CMakeFiles/__idf_nvs_flash.dir/src/nvs_bootloader.c.obj
[267/1705] Linking C static library esp-idf/esp_driver_usb_serial_jtag/libesp_driver_usb_serial_jtag.a
[268/1705] Building C object esp-idf/esp_psram/CMakeFiles/__idf_esp_psram.dir/esp32s3/esp_psram_impl_octal.c.obj
[269/1705] Building CXX object esp-idf/cxx/CMakeFiles/__idf_cxx.dir/cxx_init.cpp.obj
[270/1705] Building CXX object esp-idf/nvs_flash/CMakeFiles/__idf_nvs_flash.dir/src/nvs_partition.cpp.obj
[271/1705] Building C object esp-idf/esp_psram/CMakeFiles/__idf_esp_psram.dir/system_layer/esp_psram.c.obj
[272/1705] Building C object esp-idf/pthread/CMakeFiles/__idf_pthread.dir/pthread_cond_var.c.obj
[273/1705] Building CXX object esp-idf/cxx/CMakeFiles/__idf_cxx.dir/cxx_exception_stubs.cpp.obj
[274/1705] Building C object esp-idf/pthread/CMakeFiles/__idf_pthread.dir/pthread_semaphore.c.obj
[275/1705] Building C object esp-idf/esp_libc/CMakeFiles/__idf_esp_libc.dir/src/init.c.obj
[276/1705] Building C object esp-idf/esp_libc/CMakeFiles/__idf_esp_libc.dir/src/abort.c.obj
[277/1705] Building C object esp-idf/pthread/CMakeFiles/__idf_pthread.dir/pthread_rwlock.c.obj
[278/1705] Building C object esp-idf/esp_libc/CMakeFiles/__idf_esp_libc.dir/src/assert.c.obj
[279/1705] Building C object esp-idf/esp_libc/CMakeFiles/__idf_esp_libc.dir/src/heap.c.obj
[280/1705] Building C object esp-idf/esp_libc/CMakeFiles/__idf_esp_libc.dir/src/pthread.c.obj
[281/1705] Building C object esp-idf/esp_libc/CMakeFiles/__idf_esp_libc.dir/src/poll.c.obj
[282/1705] Building C object esp-idf/pthread/CMakeFiles/__idf_pthread.dir/pthread_local_storage.c.obj
[283/1705] Building C object esp-idf/esp_libc/CMakeFiles/__idf_esp_libc.dir/src/termios.c.obj
[284/1705] Building C object esp-idf/http_parser/CMakeFiles/__idf_http_parser.dir/http_parser.c.obj
[285/1705] Building C object esp-idf/esp_libc/CMakeFiles/__idf_esp_libc.dir/src/getentropy.c.obj
[286/1705] Building C object esp-idf/esp_libc/CMakeFiles/__idf_esp_libc.dir/src/random.c.obj
[287/1705] Building C object esp-idf/esp_libc/CMakeFiles/__idf_esp_libc.dir/src/locks.c.obj
[288/1705] Building C object esp-idf/pthread/CMakeFiles/__idf_pthread.dir/pthread.c.obj
[289/1705] Building C object esp-idf/esp_libc/CMakeFiles/__idf_esp_libc.dir/src/realpath.c.obj
[290/1705] Building C object esp-idf/esp_libc/CMakeFiles/__idf_esp_libc.dir/src/sysconf.c.obj
[291/1705] Building C object esp-idf/esp_libc/CMakeFiles/__idf_esp_libc.dir/src/scandir.c.obj
[292/1705] Building C object esp-idf/esp_libc/CMakeFiles/__idf_esp_libc.dir/src/syscalls.c.obj
[293/1705] Building C object esp-idf/esp_libc/CMakeFiles/__idf_esp_libc.dir/src/port/esp_time_impl.c.obj
[294/1705] Building C object esp-idf/esp_libc/CMakeFiles/__idf_esp_libc.dir/src/time.c.obj
[295/1705] Building C object esp-idf/esp_libc/CMakeFiles/__idf_esp_libc.dir/src/reent_syscalls.c.obj
[296/1705] Building C object esp-idf/esp_driver_uart/CMakeFiles/__idf_esp_driver_uart.dir/src/uart.c.obj
[297/1705] Building C object esp-idf/app_update/CMakeFiles/__idf_app_update.dir/esp_ota_ops.c.obj
[298/1705] Building C object esp-idf/esp_libc/CMakeFiles/__idf_esp_libc.dir/src/picolibc/errno.c.obj
[299/1705] Linking C static library esp-idf/esp_driver_uart/libesp_driver_uart.a
[300/1705] Building C object esp-idf/esp_libc/CMakeFiles/__idf_esp_libc.dir/src/picolibc/picolibc_init.c.obj
[301/1705] Building C object esp-idf/esp_libc/CMakeFiles/__idf_esp_libc.dir/src/picolibc/rand.c.obj
[302/1705] Building CXX object esp-idf/nvs_flash/CMakeFiles/__idf_nvs_flash.dir/src/nvs_cxx_api.cpp.obj
[303/1705] Building C object esp-idf/esp_libc/CMakeFiles/__idf_esp_libc.dir/src/picolibc/bufio_setvbuf.c.obj
[304/1705] Building C object esp-idf/esp_libc/CMakeFiles/__idf_esp_libc.dir/src/picolibc/open_memstream.c.obj
[305/1705] Linking C static library esp-idf/esp_event/libesp_event.a
[306/1705] Building C object esp-idf/esp_libc/CMakeFiles/__idf_esp_libc.dir/src/picolibc/getreent.c.obj
[307/1705] Building C object esp-idf/esp_libc/CMakeFiles/__idf_esp_libc.dir/src/picolibc/fopencookie.c.obj
[308/1705] Building CXX object esp-idf/nvs_flash/CMakeFiles/__idf_nvs_flash.dir/src/nvs_types.cpp.obj
[309/1705] Building C object esp-idf/freertos/CMakeFiles/__idf_freertos.dir/heap_idf.c.obj
[310/1705] Linking C static library esp-idf/http_parser/libhttp_parser.a
[311/1705] Building C object esp-idf/freertos/CMakeFiles/__idf_freertos.dir/port_common.c.obj
[312/1705] Building C object esp-idf/freertos/CMakeFiles/__idf_freertos.dir/FreeRTOS-Kernel/list.c.obj
[313/1705] Building C object esp-idf/esp_libc/CMakeFiles/__idf_esp_libc.dir/src/port/xtensa/stdatomic_s32c1i.c.obj
[314/1705] Building C object esp-idf/freertos/CMakeFiles/__idf_freertos.dir/app_startup.c.obj
[315/1705] Building ASM object esp-idf/freertos/CMakeFiles/__idf_freertos.dir/FreeRTOS-Kernel/portable/xtensa/portasm.S.obj
[316/1705] Building C object esp-idf/freertos/CMakeFiles/__idf_freertos.dir/port_systick.c.obj
[317/1705] Building C object esp-idf/esp_ringbuf/CMakeFiles/__idf_esp_ringbuf.dir/ringbuf.c.obj
[318/1705] Building C object esp-idf/freertos/CMakeFiles/__idf_freertos.dir/FreeRTOS-Kernel/portable/xtensa/xtensa_init.c.obj
[319/1705] Building C object esp-idf/freertos/CMakeFiles/__idf_freertos.dir/FreeRTOS-Kernel/portable/xtensa/xtensa_overlay_os_hook.c.obj
[320/1705] Building C object esp-idf/freertos/CMakeFiles/__idf_freertos.dir/esp_additions/idf_additions_event_groups.c.obj
[321/1705] Building C object esp-idf/freertos/CMakeFiles/__idf_freertos.dir/FreeRTOS-Kernel/event_groups.c.obj
[322/1705] Building C object esp-idf/esp_hw_support/CMakeFiles/__idf_esp_hw_support.dir/port/esp32s3/cpu_region_protect.c.obj
[323/1705] Building CXX object esp-idf/cxx/CMakeFiles/__idf_cxx.dir/cxx_guards.cpp.obj
[324/1705] Building C object esp-idf/esp_hw_support/CMakeFiles/__idf_esp_hw_support.dir/port/esp32s3/esp_cpu_intr.c.obj
[325/1705] Building C object esp-idf/esp_hw_support/CMakeFiles/__idf_esp_hw_support.dir/cpu.c.obj
[326/1705] Building C object esp-idf/freertos/CMakeFiles/__idf_freertos.dir/FreeRTOS-Kernel/timers.c.obj
[327/1705] Building C object esp-idf/esp_hw_support/CMakeFiles/__idf_esp_hw_support.dir/esp_memory_utils.c.obj
[328/1705] Building C object esp-idf/esp_hw_support/CMakeFiles/__idf_esp_hw_support.dir/clk_ctrl_os.c.obj
[329/1705] Building C object esp-idf/freertos/CMakeFiles/__idf_freertos.dir/esp_additions/idf_additions.c.obj
[330/1705] Building CXX object esp-idf/nvs_flash/CMakeFiles/__idf_nvs_flash.dir/src/nvs_handle_simple.cpp.obj
[331/1705] Building C object esp-idf/esp_hw_support/CMakeFiles/__idf_esp_hw_support.dir/revision.c.obj
[332/1705] Building C object esp-idf/freertos/CMakeFiles/__idf_freertos.dir/FreeRTOS-Kernel/portable/xtensa/port.c.obj
[333/1705] Building CXX object esp-idf/nvs_flash/CMakeFiles/__idf_nvs_flash.dir/src/nvs_encrypted_partition.cpp.obj
[334/1705] Building CXX object esp-idf/nvs_flash/CMakeFiles/__idf_nvs_flash.dir/src/nvs_partition_manager.cpp.obj
[335/1705] Building C object esp-idf/esp_hw_support/CMakeFiles/__idf_esp_hw_support.dir/hw_random.c.obj
[336/1705] Building C object esp-idf/freertos/CMakeFiles/__idf_freertos.dir/FreeRTOS-Kernel/stream_buffer.c.obj
[337/1705] Building C object esp-idf/esp_hw_support/CMakeFiles/__idf_esp_hw_support.dir/esp_clk.c.obj
[338/1705] Building C object esp-idf/freertos/CMakeFiles/__idf_freertos.dir/FreeRTOS-Kernel/queue.c.obj
[339/1705] Building C object esp-idf/esp_hw_support/CMakeFiles/__idf_esp_hw_support.dir/esp_gpio_reserve.c.obj
[340/1705] Building C object esp-idf/esp_hw_support/CMakeFiles/__idf_esp_hw_support.dir/regi2c_ctrl.c.obj
[341/1705] Building C object esp-idf/esp_hw_support/CMakeFiles/__idf_esp_hw_support.dir/mac_addr.c.obj
[342/1705] Building C object esp-idf/esp_hw_support/CMakeFiles/__idf_esp_hw_support.dir/rtc_module.c.obj
[343/1705] Building C object esp-idf/esp_hw_support/CMakeFiles/__idf_esp_hw_support.dir/sar_tsens_ctrl.c.obj
[344/1705] Building CXX object esp-idf/nvs_flash/CMakeFiles/__idf_nvs_flash.dir/src/nvs_item_hash_list.cpp.obj
[345/1705] Building CXX object esp-idf/nvs_flash/CMakeFiles/__idf_nvs_flash.dir/src/nvs_pagemanager.cpp.obj
[346/1705] Building C object esp-idf/esp_hw_support/CMakeFiles/__idf_esp_hw_support.dir/heap_align_hw.c.obj
[347/1705] Building C object esp-idf/esp_hw_support/CMakeFiles/__idf_esp_hw_support.dir/port/esp32s3/io_mux.c.obj
[348/1705] Building C object esp-idf/esp_hw_support/CMakeFiles/__idf_esp_hw_support.dir/port/esp32s3/esp_clk_tree.c.obj
[349/1705] Building C object esp-idf/esp_hw_support/CMakeFiles/__idf_esp_hw_support.dir/clk_utils.c.obj
[350/1705] Building C object esp-idf/esp_hw_support/CMakeFiles/__idf_esp_hw_support.dir/port/esp_clk_tree_common.c.obj
[351/1705] Building C object esp-idf/esp_hw_support/CMakeFiles/__idf_esp_hw_support.dir/sleep_mspi.c.obj
[352/1705] Building C object esp-idf/esp_hw_support/CMakeFiles/__idf_esp_hw_support.dir/periph_ctrl.c.obj
[353/1705] Building C object esp-idf/esp_hw_support/CMakeFiles/__idf_esp_hw_support.dir/sleep_modem.c.obj
[354/1705] Building C object esp-idf/esp_hw_support/CMakeFiles/__idf_esp_hw_support.dir/port/esp32s3/systimer.c.obj
[355/1705] Building C object esp-idf/esp_libc/CMakeFiles/__idf_esp_libc.dir/src/stdatomic.c.obj
[356/1705] Building C object esp-idf/esp_hw_support/CMakeFiles/__idf_esp_hw_support.dir/sleep_usb.c.obj
[357/1705] Building CXX object esp-idf/nvs_flash/CMakeFiles/__idf_nvs_flash.dir/src/nvs_handle_locked.cpp.obj
[358/1705] Building C object esp-idf/esp_hw_support/CMakeFiles/__idf_esp_hw_support.dir/spi_share_hw_ctrl.c.obj
[359/1705] Building C object esp-idf/esp_hw_support/CMakeFiles/__idf_esp_hw_support.dir/sleep_event.c.obj
[360/1705] Building C object esp-idf/esp_hw_support/CMakeFiles/__idf_esp_hw_support.dir/sleep_console.c.obj
[361/1705] Building C object esp-idf/esp_hw_support/CMakeFiles/__idf_esp_hw_support.dir/sleep_uart.c.obj
[362/1705] Building C object esp-idf/esp_hw_support/CMakeFiles/__idf_esp_hw_support.dir/port/esp32s3/chip_info.c.obj
[363/1705] Building C object esp-idf/esp_hw_support/CMakeFiles/__idf_esp_hw_support.dir/port/esp32s3/rtc_clk_init.c.obj
[364/1705] Building C object esp-idf/esp_hw_support/CMakeFiles/__idf_esp_hw_support.dir/mspi_timing_tuning/mspi_timing_tuning.c.obj
[365/1705] Building C object esp-idf/esp_hw_support/CMakeFiles/__idf_esp_hw_support.dir/adc_share_hw_ctrl.c.obj
[366/1705] Building C object esp-idf/esp_hw_support/CMakeFiles/__idf_esp_hw_support.dir/spi_bus_lock.c.obj
[367/1705] Building C object esp-idf/esp_hw_support/CMakeFiles/__idf_esp_hw_support.dir/power_supply/brownout.c.obj
[368/1705] Building C object esp-idf/esp_hw_support/CMakeFiles/__idf_esp_hw_support.dir/intr_alloc.c.obj
[369/1705] Building C object esp-idf/esp_hw_support/CMakeFiles/__idf_esp_hw_support.dir/usb_phy/usb_phy.c.obj
[370/1705] Building C object esp-idf/esp_hw_support/CMakeFiles/__idf_esp_hw_support.dir/esp_clock_output.c.obj
[371/1705] Building CXX object esp-idf/nvs_flash/CMakeFiles/__idf_nvs_flash.dir/src/nvs_storage.cpp.obj
[372/1705] Building C object esp-idf/esp_hw_support/CMakeFiles/__idf_esp_hw_support.dir/mspi_timing_tuning/port/esp32s3/mspi_timing_config.c.obj
[373/1705] Building C object esp-idf/esp_hw_support/CMakeFiles/__idf_esp_hw_support.dir/sleep_wake_stub.c.obj
[374/1705] Building C object esp-idf/esp_hw_support/CMakeFiles/__idf_esp_hw_support.dir/port/esp_memprot_conv.c.obj
[375/1705] Building C object esp-idf/esp_hw_support/CMakeFiles/__idf_esp_hw_support.dir/sleep_gpio.c.obj
[376/1705] Building C object esp-idf/esp_hal_touch_sens/CMakeFiles/__idf_esp_hal_touch_sens.dir/esp32s3/touch_sensor_periph.c.obj
[377/1705] Building C object esp-idf/esp_hal_usb/CMakeFiles/__idf_esp_hal_usb.dir/esp32s3/usb_dwc_periph.c.obj
[378/1705] Building C object esp-idf/esp_hal_i2s/CMakeFiles/__idf_esp_hal_i2s.dir/esp32s3/i2s_periph.c.obj
[379/1705] Building C object esp-idf/esp_hw_support/CMakeFiles/__idf_esp_hw_support.dir/port/esp32s3/rtc_init.c.obj
[380/1705] Building C object esp-idf/esp_hw_support/CMakeFiles/__idf_esp_hw_support.dir/port/esp32s3/sar_periph_ctrl.c.obj
[381/1705] Building C object esp-idf/esp_hal_pmu/CMakeFiles/__idf_esp_hal_pmu.dir/brownout_hal.c.obj
[382/1705] Building C object esp-idf/esp_hal_gpio/CMakeFiles/__idf_esp_hal_gpio.dir/esp32s3/dedic_gpio_periph.c.obj
[383/1705] Building C object esp-idf/esp_hw_support/CMakeFiles/__idf_esp_hw_support.dir/lowpower/port/esp32s3/sleep_cpu.c.obj
[384/1705] Building C object esp-idf/esp_hw_support/CMakeFiles/__idf_esp_hw_support.dir/port/esp32s3/rtc_time.c.obj
[385/1705] Building C object esp-idf/esp_hal_gpio/CMakeFiles/__idf_esp_hal_gpio.dir/esp32s3/rtc_io_periph.c.obj
[386/1705] Building C object esp-idf/esp_hal_touch_sens/CMakeFiles/__idf_esp_hal_touch_sens.dir/touch_sens_hal.c.obj
[387/1705] Building C object esp-idf/esp_hal_usb/CMakeFiles/__idf_esp_hal_usb.dir/usb_serial_jtag_hal.c.obj
[388/1705] Building C object esp-idf/esp_hal_gpio/CMakeFiles/__idf_esp_hal_gpio.dir/esp32s3/sdm_periph.c.obj
[389/1705] Building C object esp-idf/esp_hal_pmu/CMakeFiles/__idf_esp_hal_pmu.dir/esp32s3/rtc_cntl_hal.c.obj
[390/1705] Building C object esp-idf/esp_hal_usb/CMakeFiles/__idf_esp_hal_usb.dir/usb_wrap_hal.c.obj
[391/1705] Building C object esp-idf/esp_hal_touch_sens/CMakeFiles/__idf_esp_hal_touch_sens.dir/touch_sensor_legacy_hal.c.obj
[392/1705] Building C object esp-idf/soc/CMakeFiles/__idf_soc.dir/esp32s3/interrupts.c.obj
[393/1705] Building C object esp-idf/esp_hal_gpio/CMakeFiles/__idf_esp_hal_gpio.dir/sdm_hal.c.obj
[394/1705] Building C object esp-idf/soc/CMakeFiles/__idf_soc.dir/esp32s3/mpi_periph.c.obj
[395/1705] Building C object esp-idf/soc/CMakeFiles/__idf_soc.dir/lldesc.c.obj
[396/1705] Building C object esp-idf/soc/CMakeFiles/__idf_soc.dir/dport_access_common.c.obj
[397/1705] Building C object esp-idf/esp_hw_support/CMakeFiles/__idf_esp_hw_support.dir/port/esp32s3/rtc_sleep.c.obj
[398/1705] Building C object esp-idf/esp_hal_gpio/CMakeFiles/__idf_esp_hal_gpio.dir/gpio_hal.c.obj
[399/1705] Building C object esp-idf/soc/CMakeFiles/__idf_soc.dir/esp32s3/gpio_periph.c.obj
[400/1705] Building CXX object esp-idf/nvs_flash/CMakeFiles/__idf_nvs_flash.dir/src/nvs_page.cpp.obj
[401/1705] Building C object esp-idf/soc/CMakeFiles/__idf_soc.dir/esp32s3/power_supply_periph.c.obj
[402/1705] Building C object esp-idf/esp_hal_touch_sens/CMakeFiles/__idf_esp_hal_touch_sens.dir/esp32s3/touch_sensor_legacy_hal.c.obj
[403/1705] Building C object esp-idf/heap/CMakeFiles/__idf_heap.dir/port/esp32s3/memory_layout.c.obj
[404/1705] Building C object esp-idf/esp_hw_support/CMakeFiles/__idf_esp_hw_support.dir/port/esp32s3/rtc_clk.c.obj
[405/1705] Building C object esp-idf/esp_hal_gpio/CMakeFiles/__idf_esp_hal_gpio.dir/rtc_io_hal.c.obj
[406/1705] Building C object esp-idf/log/CMakeFiles/__idf_log.dir/src/os/log_timestamp.c.obj
[407/1705] Building C object esp-idf/esp_hw_support/CMakeFiles/__idf_esp_hw_support.dir/mspi_timing_tuning/port/esp32s3/mspi_timing_by_mspi_delay.c.obj
[408/1705] Building C object esp-idf/log/CMakeFiles/__idf_log.dir/src/util.c.obj
[409/1705] Building C object esp-idf/esp_hal_i2s/CMakeFiles/__idf_esp_hal_i2s.dir/i2s_hal.c.obj
[410/1705] Building C object esp-idf/log/CMakeFiles/__idf_log.dir/src/os/util.c.obj
[411/1705] Building C object esp-idf/heap/CMakeFiles/__idf_heap.dir/port/memory_layout_utils.c.obj
[412/1705] Building C object esp-idf/heap/CMakeFiles/__idf_heap.dir/heap_caps_base.c.obj
[413/1705] Building C object esp-idf/log/CMakeFiles/__idf_log.dir/src/os/log_lock.c.obj
[414/1705] Building C object esp-idf/freertos/CMakeFiles/__idf_freertos.dir/FreeRTOS-Kernel/tasks.c.obj
[415/1705] Building C object esp-idf/log/CMakeFiles/__idf_log.dir/src/log_print.c.obj
[416/1705] Building C object esp-idf/esp_hal_usb/CMakeFiles/__idf_esp_hal_usb.dir/usb_dwc_hal.c.obj
[417/1705] Building C object esp-idf/log/CMakeFiles/__idf_log.dir/src/buffer/log_buffers.c.obj
[418/1705] Building C object esp-idf/log/CMakeFiles/__idf_log.dir/src/log_level/log_level.c.obj
[419/1705] Building C object esp-idf/log/CMakeFiles/__idf_log.dir/src/log.c.obj
[420/1705] Building C object esp-idf/log/CMakeFiles/__idf_log.dir/src/log_timestamp_common.c.obj
[421/1705] Building C object esp-idf/log/CMakeFiles/__idf_log.dir/src/os/log_write.c.obj
[422/1705] Building C object esp-idf/log/CMakeFiles/__idf_log.dir/src/log_level/tag_log_level/tag_log_level.c.obj
[423/1705] Building CXX object esp-idf/nvs_flash/CMakeFiles/__idf_nvs_flash.dir/src/nvs_api.cpp.obj
[424/1705] Building C object esp-idf/log/CMakeFiles/__idf_log.dir/src/log_level/tag_log_level/linked_list/log_linked_list.c.obj
[425/1705] Building C object esp-idf/esp_rom/CMakeFiles/__idf_esp_rom.dir/patches/esp_rom_crc.c.obj
[426/1705] Building C object esp-idf/log/CMakeFiles/__idf_log.dir/src/log_format_text.c.obj
[427/1705] Building C object esp-idf/hal/CMakeFiles/__idf_hal.dir/color_hal.c.obj
[428/1705] Building C object esp-idf/esp_rom/CMakeFiles/__idf_esp_rom.dir/patches/esp_rom_sys.c.obj
[429/1705] Building C object esp-idf/heap/CMakeFiles/__idf_heap.dir/multi_heap.c.obj
[430/1705] Building C object esp-idf/hal/CMakeFiles/__idf_hal.dir/efuse_hal.c.obj
[431/1705] Building C object esp-idf/log/CMakeFiles/__idf_log.dir/src/log_level/tag_log_level/cache/log_binary_heap.c.obj
[432/1705] Linking C static library esp-idf/nvs_flash/libnvs_flash.a
[433/1705] Building ASM object esp-idf/esp_rom/CMakeFiles/__idf_esp_rom.dir/patches/esp_rom_longjmp.S.obj
[434/1705] Building C object esp-idf/esp_rom/CMakeFiles/__idf_esp_rom.dir/patches/esp_rom_gpio.c.obj
[435/1705] Building ASM object esp-idf/esp_rom/CMakeFiles/__idf_esp_rom.dir/patches/esp_rom_cache_writeback_esp32s3.S.obj
[436/1705] Building C object esp-idf/hal/CMakeFiles/__idf_hal.dir/hal_utils.c.obj
[437/1705] Building C object esp-idf/heap/CMakeFiles/__idf_heap.dir/heap_caps_init.c.obj
[438/1705] Linking C static library esp-idf/nvs_sec_provider/libnvs_sec_provider.a
[439/1705] Building C object esp-idf/esp_rom/CMakeFiles/__idf_esp_rom.dir/patches/esp_rom_efuse.c.obj
[440/1705] Building C object esp-idf/esp_rom/CMakeFiles/__idf_esp_rom.dir/patches/esp_rom_spiflash.c.obj
[441/1705] Building C object esp-idf/esp_rom/CMakeFiles/__idf_esp_rom.dir/patches/esp_rom_serial_output.c.obj
[442/1705] Building C object esp-idf/esp_rom/CMakeFiles/__idf_esp_rom.dir/patches/esp_rom_systimer.c.obj
[443/1705] Building C object esp-idf/hal/CMakeFiles/__idf_hal.dir/esp32s3/efuse_hal.c.obj
[444/1705] Building C object esp-idf/hal/CMakeFiles/__idf_hal.dir/mmu_hal.c.obj
[445/1705] Building C object esp-idf/esp_hw_support/CMakeFiles/__idf_esp_hw_support.dir/sleep_modes.c.obj
[446/1705] Linking C static library esp-idf/esp_psram/libesp_psram.a
[447/1705] Building C object esp-idf/esp_rom/CMakeFiles/__idf_esp_rom.dir/patches/esp_rom_cache_esp32s2_esp32s3.c.obj
[448/1705] Building C object esp-idf/hal/CMakeFiles/__idf_hal.dir/cache_hal.c.obj
[449/1705] Building C object esp-idf/esp_system/CMakeFiles/__idf_esp_system.dir/esp_err.c.obj
[450/1705] Linking C static library esp-idf/esp_ringbuf/libesp_ringbuf.a
[451/1705] Building C object esp-idf/esp_system/CMakeFiles/__idf_esp_system.dir/stack_check.c.obj
[452/1705] Building C object esp-idf/esp_system/CMakeFiles/__idf_esp_system.dir/esp_system.c.obj
[453/1705] Building C object esp-idf/hal/CMakeFiles/__idf_hal.dir/systimer_hal.c.obj
[454/1705] Linking C static library esp-idf/app_update/libapp_update.a
[455/1705] Building C object esp-idf/esp_system/CMakeFiles/__idf_esp_system.dir/crosscore_int.c.obj
[456/1705] Building C object esp-idf/heap/CMakeFiles/__idf_heap.dir/heap_caps.c.obj
[457/1705] Building C object esp-idf/esp_system/CMakeFiles/__idf_esp_system.dir/startup.c.obj
[458/1705] Building C object esp-idf/esp_system/CMakeFiles/__idf_esp_system.dir/system_time.c.obj
[459/1705] Linking C static library esp-idf/cxx/libcxx.a
[460/1705] Building C object esp-idf/esp_system/CMakeFiles/__idf_esp_system.dir/freertos_hooks.c.obj
[461/1705] Building C object esp-idf/esp_system/CMakeFiles/__idf_esp_system.dir/ubsan.c.obj
[462/1705] Building C object esp-idf/esp_system/CMakeFiles/__idf_esp_system.dir/int_wdt.c.obj
[463/1705] Building ASM object esp-idf/esp_system/CMakeFiles/__idf_esp_system.dir/port/arch/xtensa/esp_ipc_isr_handler.S.obj
[464/1705] Building ASM object esp-idf/esp_system/CMakeFiles/__idf_esp_system.dir/port/arch/xtensa/esp_ipc_isr_routines.S.obj
[465/1705] Linking C static library esp-idf/pthread/libpthread.a
[466/1705] Building C object esp-idf/esp_common/CMakeFiles/__idf_esp_common.dir/src/esp_err_to_name.c.obj
[467/1705] Building C object esp-idf/esp_system/CMakeFiles/__idf_esp_system.dir/esp_ipc.c.obj
[468/1705] Building ASM object esp-idf/esp_system/CMakeFiles/__idf_esp_system.dir/port/arch/xtensa/panic_handler_asm.S.obj
[469/1705] Building C object esp-idf/esp_rom/CMakeFiles/__idf_esp_rom.dir/patches/esp_rom_print.c.obj
[470/1705] Building C object esp-idf/esp_system/CMakeFiles/__idf_esp_system.dir/xt_wdt.c.obj
[471/1705] Building ASM object esp-idf/esp_system/CMakeFiles/__idf_esp_system.dir/port/arch/xtensa/expression_with_stack_asm.S.obj
[472/1705] Building C object esp-idf/esp_system/CMakeFiles/__idf_esp_system.dir/startup_funcs.c.obj
[473/1705] Building C object esp-idf/esp_system/CMakeFiles/__idf_esp_system.dir/port/arch/xtensa/esp_ipc_isr_port.c.obj
[474/1705] Building ASM object esp-idf/esp_system/CMakeFiles/__idf_esp_system.dir/port/arch/xtensa/debug_helpers_asm.S.obj
[475/1705] Building C object esp-idf/esp_system/CMakeFiles/__idf_esp_system.dir/port/esp_system_chip.c.obj
[476/1705] Building C object esp-idf/esp_system/CMakeFiles/__idf_esp_system.dir/task_wdt/task_wdt_impl_timergroup.c.obj
[477/1705] Linking C static library esp-idf/esp_libc/libesp_libc.a
[478/1705] Building ASM object esp-idf/esp_system/CMakeFiles/__idf_esp_system.dir/port/soc/esp32s3/highint_hdl.S.obj
[479/1705] Building C object esp-idf/esp_system/CMakeFiles/__idf_esp_system.dir/port/panic_handler.c.obj
[480/1705] Building C object esp-idf/esp_system/CMakeFiles/__idf_esp_system.dir/port/arch/xtensa/debug_stubs.c.obj
[481/1705] Building C object esp-idf/esp_system/CMakeFiles/__idf_esp_system.dir/port/image_process.c.obj
[482/1705] Building C object esp-idf/spi_flash/CMakeFiles/__idf_spi_flash.dir/flash_brownout_hook.c.obj
[483/1705] Building C object esp-idf/esp_system/CMakeFiles/__idf_esp_system.dir/panic.c.obj
[484/1705] Building C object esp-idf/esp_system/CMakeFiles/__idf_esp_system.dir/port/soc/esp32s3/reset_reason.c.obj
[485/1705] Building C object esp-idf/esp_system/CMakeFiles/__idf_esp_system.dir/port/arch/xtensa/expression_with_stack.c.obj
[486/1705] Building C object esp-idf/esp_system/CMakeFiles/__idf_esp_system.dir/port/esp_ipc_isr.c.obj
[487/1705] Linking C static library esp-idf/freertos/libfreertos.a
[488/1705] Building C object esp-idf/spi_flash/CMakeFiles/__idf_spi_flash.dir/spi_flash_chip_drivers.c.obj
[489/1705] Building C object esp-idf/esp_system/CMakeFiles/__idf_esp_system.dir/port/arch/xtensa/panic_arch.c.obj
[490/1705] Building C object esp-idf/spi_flash/CMakeFiles/__idf_spi_flash.dir/spi_flash_hpm_enable.c.obj
[491/1705] Building C object esp-idf/esp_system/CMakeFiles/__idf_esp_system.dir/port/soc/esp32s3/apb_backup_dma.c.obj
[492/1705] Building C object esp-idf/esp_system/CMakeFiles/__idf_esp_system.dir/port/arch/xtensa/trax.c.obj
[493/1705] Building C object esp-idf/spi_flash/CMakeFiles/__idf_spi_flash.dir/spi_flash_chip_issi.c.obj
[494/1705] Building C object esp-idf/spi_flash/CMakeFiles/__idf_spi_flash.dir/spi_flash_chip_boya.c.obj
[495/1705] Building C object esp-idf/spi_flash/CMakeFiles/__idf_spi_flash.dir/esp32s3/spi_flash_oct_flash_init.c.obj
[496/1705] Building C object esp-idf/spi_flash/CMakeFiles/__idf_spi_flash.dir/spi_flash_chip_mxic.c.obj
[497/1705] Building C object esp-idf/esp_hw_support/CMakeFiles/__idf_esp_hw_support.dir/port/esp32s3/esp_memprot.c.obj
[498/1705] Building C object esp-idf/spi_flash/CMakeFiles/__idf_spi_flash.dir/spi_flash_chip_gd.c.obj
[499/1705] Building C object esp-idf/esp_system/CMakeFiles/__idf_esp_system.dir/port/soc/esp32s3/clk.c.obj
[500/1705] Building C object esp-idf/esp_system/CMakeFiles/__idf_esp_system.dir/port/arch/xtensa/debug_helpers.c.obj
[501/1705] Building C object esp-idf/spi_flash/CMakeFiles/__idf_spi_flash.dir/spi_flash_blockdev.c.obj
[502/1705] Linking C static library esp-idf/esp_hw_support/libesp_hw_support.a
[503/1705] Building C object esp-idf/esp_system/CMakeFiles/__idf_esp_system.dir/port/soc/esp32s3/cache_err_int.c.obj
[504/1705] Building C object esp-idf/spi_flash/CMakeFiles/__idf_spi_flash.dir/spi_flash_chip_th.c.obj
[505/1705] Building C object esp-idf/spi_flash/CMakeFiles/__idf_spi_flash.dir/spi_flash_os_func_noos.c.obj
[506/1705] Linking C static library esp-idf/esp_hal_i2s/libesp_hal_i2s.a
[507/1705] Building C object esp-idf/esp_system/CMakeFiles/__idf_esp_system.dir/port/cpu_start.c.obj
[508/1705] Building C object esp-idf/spi_flash/CMakeFiles/__idf_spi_flash.dir/spi_flash_chip_winbond.c.obj
[509/1705] Building C object esp-idf/bootloader_support/CMakeFiles/__idf_bootloader_support.dir/src/bootloader_clock_init.c.obj
[510/1705] Linking C static library esp-idf/esp_hal_touch_sens/libesp_hal_touch_sens.a
[511/1705] Building C object esp-idf/bootloader_support/CMakeFiles/__idf_bootloader_support.dir/src/bootloader_mem.c.obj
[512/1705] Building C object esp-idf/esp_system/CMakeFiles/__idf_esp_system.dir/port/soc/esp32s3/system_internal.c.obj
[513/1705] Linking C static library esp-idf/esp_hal_pmu/libesp_hal_pmu.a
[514/1705] Building C object esp-idf/spi_flash/CMakeFiles/__idf_spi_flash.dir/flash_ops.c.obj
[515/1705] Building C object esp-idf/spi_flash/CMakeFiles/__idf_spi_flash.dir/spi_flash_wrap.c.obj
[516/1705] Building C object esp-idf/spi_flash/CMakeFiles/__idf_spi_flash.dir/spi_flash_chip_mxic_opi.c.obj
[517/1705] Building C object esp-idf/spi_flash/CMakeFiles/__idf_spi_flash.dir/memspi_host_driver.c.obj
[518/1705] Linking C static library esp-idf/esp_hal_usb/libesp_hal_usb.a
[519/1705] Building C object esp-idf/spi_flash/CMakeFiles/__idf_spi_flash.dir/flash_mmap.c.obj
[520/1705] Building C object esp-idf/bootloader_support/CMakeFiles/__idf_bootloader_support.dir/src/bootloader_efuse.c.obj
[521/1705] Linking C static library esp-idf/esp_hal_gpio/libesp_hal_gpio.a
[522/1705] Building C object esp-idf/esp_system/CMakeFiles/__idf_esp_system.dir/task_wdt/task_wdt.c.obj
[523/1705] Building C object esp-idf/bootloader_support/CMakeFiles/__idf_bootloader_support.dir/src/bootloader_random.c.obj
[524/1705] Building C object esp-idf/bootloader_support/CMakeFiles/__idf_bootloader_support.dir/src/bootloader_common.c.obj
[525/1705] Building C object esp-idf/spi_flash/CMakeFiles/__idf_spi_flash.dir/cache_utils.c.obj
[526/1705] Linking C static library esp-idf/soc/libsoc.a
[527/1705] Building C object esp-idf/spi_flash/CMakeFiles/__idf_spi_flash.dir/spi_flash_os_func_app.c.obj
[528/1705] Building C object esp-idf/bootloader_support/CMakeFiles/__idf_bootloader_support.dir/src/flash_encrypt.c.obj
[529/1705] Building C object esp-idf/bootloader_support/CMakeFiles/__idf_bootloader_support.dir/src/flash_partitions.c.obj
[530/1705] Building C object esp-idf/spi_flash/CMakeFiles/__idf_spi_flash.dir/spi_flash_chip_generic.c.obj
[531/1705] Building C object esp-idf/esp_hal_wdt/CMakeFiles/__idf_esp_hal_wdt.dir/esp32s3/mwdt_periph.c.obj
[532/1705] Building C object esp-idf/esp_hal_ana_conv/CMakeFiles/__idf_esp_hal_ana_conv.dir/esp32s3/adc_periph.c.obj
[533/1705] Building C object esp-idf/bootloader_support/CMakeFiles/__idf_bootloader_support.dir/bootloader_flash/src/flash_qio_mode.c.obj
[534/1705] Building C object esp-idf/bootloader_support/CMakeFiles/__idf_bootloader_support.dir/src/secure_boot.c.obj
[535/1705] Building C object esp-idf/bootloader_support/CMakeFiles/__idf_bootloader_support.dir/src/bootloader_random_esp32s3.c.obj
[536/1705] Building C object esp-idf/esp_hal_ana_conv/CMakeFiles/__idf_esp_hal_ana_conv.dir/esp32s3/temperature_sensor_periph.c.obj
[537/1705] Building C object esp-idf/bootloader_support/CMakeFiles/__idf_bootloader_support.dir/src/bootloader_common_loader.c.obj
[538/1705] Building C object esp-idf/bootloader_support/CMakeFiles/__idf_bootloader_support.dir/src/esp32s3/secure_boot_secure_features.c.obj
[539/1705] Building C object esp-idf/esp_bootloader_format/CMakeFiles/__idf_esp_bootloader_format.dir/esp_bootloader_desc.c.obj
[540/1705] Building C object esp-idf/mbedtls/mbedtls/tf-psa-crypto/drivers/everest/CMakeFiles/everest.dir/library/x25519.c.obj
[541/1705] Building C object esp-idf/mbedtls/mbedtls/tf-psa-crypto/drivers/everest/CMakeFiles/everest.dir/library/Hacl_Curve25519_joined.c.obj
[542/1705] Building C object esp-idf/mbedtls/mbedtls/tf-psa-crypto/drivers/builtin/CMakeFiles/builtin.dir/src/aesce.c.obj
[543/1705] Building C object esp-idf/bootloader_support/CMakeFiles/__idf_bootloader_support.dir/bootloader_flash/src/bootloader_flash_config_esp32s3.c.obj
[544/1705] Building C object esp-idf/mbedtls/mbedtls/tf-psa-crypto/drivers/builtin/CMakeFiles/builtin.dir/src/aesni.c.obj
[545/1705] Building C object esp-idf/esp_hal_wdt/CMakeFiles/__idf_esp_hal_wdt.dir/rom_patch.c.obj
[546/1705] Building C object esp-idf/mbedtls/mbedtls/tf-psa-crypto/drivers/p256-m/CMakeFiles/p256-m.dir/p256-m/p256-m.c.obj
[547/1705] Building C object esp-idf/esp_hal_ana_conv/CMakeFiles/__idf_esp_hal_ana_conv.dir/temperature_sensor_hal.c.obj
[548/1705] Building C object esp-idf/esp_hal_wdt/CMakeFiles/__idf_esp_hal_wdt.dir/xt_wdt_hal.c.obj
[549/1705] Building C object esp-idf/mbedtls/mbedtls/tf-psa-crypto/drivers/builtin/CMakeFiles/builtin.dir/src/aria.c.obj
[550/1705] Building C object esp-idf/esp_hal_ana_conv/CMakeFiles/__idf_esp_hal_ana_conv.dir/adc_oneshot_hal.c.obj
[551/1705] Building C object esp-idf/mbedtls/mbedtls/tf-psa-crypto/drivers/builtin/CMakeFiles/builtin.dir/src/block_cipher.c.obj
[552/1705] Building C object esp-idf/mbedtls/mbedtls/tf-psa-crypto/drivers/builtin/CMakeFiles/builtin.dir/src/bignum_mod.c.obj
[553/1705] Building C object esp-idf/mbedtls/mbedtls/tf-psa-crypto/drivers/p256-m/CMakeFiles/p256-m.dir/p256-m_driver_entrypoints.c.obj
[554/1705] Building C object esp-idf/heap/CMakeFiles/__idf_heap.dir/tlsf/tlsf.c.obj
[555/1705] Building C object esp-idf/mbedtls/mbedtls/tf-psa-crypto/drivers/builtin/CMakeFiles/builtin.dir/src/chacha20_neon.c.obj
[556/1705] Building C object esp-idf/bootloader_support/CMakeFiles/__idf_bootloader_support.dir/src/bootloader_sha.c.obj
[557/1705] Building C object esp-idf/spi_flash/CMakeFiles/__idf_spi_flash.dir/esp_flash_spi_init.c.obj
[558/1705] Building C object esp-idf/mbedtls/mbedtls/tf-psa-crypto/drivers/builtin/CMakeFiles/builtin.dir/src/bignum_mod_raw.c.obj
[559/1705] Building C object esp-idf/mbedtls/mbedtls/tf-psa-crypto/drivers/builtin/CMakeFiles/builtin.dir/src/chachapoly.c.obj
[560/1705] Building C object esp-idf/mbedtls/mbedtls/tf-psa-crypto/drivers/builtin/CMakeFiles/builtin.dir/src/camellia.c.obj
[561/1705] Building C object esp-idf/mbedtls/mbedtls/tf-psa-crypto/drivers/builtin/CMakeFiles/builtin.dir/src/chacha20.c.obj
[562/1705] Linking C static library esp-idf/heap/libheap.a
[563/1705] Building C object esp-idf/mbedtls/mbedtls/tf-psa-crypto/drivers/builtin/CMakeFiles/builtin.dir/src/entropy.c.obj
[564/1705] Building C object esp-idf/esp_hal_ana_conv/CMakeFiles/__idf_esp_hal_ana_conv.dir/adc_hal_common.c.obj
[565/1705] Building C object esp-idf/mbedtls/mbedtls/tf-psa-crypto/drivers/builtin/CMakeFiles/builtin.dir/src/ecp_curves_new.c.obj
[566/1705] Linking C static library esp-idf/log/liblog.a
[567/1705] Building C object esp-idf/bootloader_support/CMakeFiles/__idf_bootloader_support.dir/bootloader_flash/src/bootloader_flash.c.obj
[568/1705] Building C object esp-idf/mbedtls/mbedtls/tf-psa-crypto/drivers/builtin/CMakeFiles/builtin.dir/src/entropy_poll.c.obj
[569/1705] Linking C static library esp-idf/hal/libhal.a
[570/1705] Building C object esp-idf/mbedtls/mbedtls/tf-psa-crypto/drivers/builtin/CMakeFiles/builtin.dir/src/md5.c.obj
[571/1705] Building C object esp-idf/bootloader_support/CMakeFiles/__idf_bootloader_support.dir/src/esp_image_format.c.obj
[572/1705] Linking C static library esp-idf/esp_rom/libesp_rom.a
[573/1705] Building C object esp-idf/esp_hal_ana_conv/CMakeFiles/__idf_esp_hal_ana_conv.dir/adc_hal.c.obj
[574/1705] Building C object esp-idf/spi_flash/CMakeFiles/__idf_spi_flash.dir/esp_flash_api.c.obj
[575/1705] Building C object esp-idf/mbedtls/mbedtls/tf-psa-crypto/drivers/builtin/CMakeFiles/builtin.dir/src/ecjpake.c.obj
[576/1705] Building C object esp-idf/bootloader_support/CMakeFiles/__idf_bootloader_support.dir/src/bootloader_utility.c.obj
[577/1705] Building C object esp-idf/mbedtls/mbedtls/tf-psa-crypto/drivers/builtin/CMakeFiles/builtin.dir/src/cipher_wrap.c.obj
[578/1705] Linking C static library esp-idf/esp_common/libesp_common.a
[579/1705] Building C object esp-idf/mbedtls/mbedtls/tf-psa-crypto/drivers/builtin/CMakeFiles/builtin.dir/src/poly1305.c.obj
[580/1705] Linking C static library esp-idf/esp_system/libesp_system.a
[581/1705] Building C object esp-idf/mbedtls/mbedtls/tf-psa-crypto/drivers/builtin/CMakeFiles/builtin.dir/src/ccm.c.obj
[582/1705] Linking C static library esp-idf/spi_flash/libspi_flash.a
[583/1705] Building C object esp-idf/mbedtls/mbedtls/tf-psa-crypto/drivers/builtin/CMakeFiles/builtin.dir/src/hmac_drbg.c.obj
[584/1705] Building C object esp-idf/mbedtls/mbedtls/tf-psa-crypto/drivers/builtin/CMakeFiles/builtin.dir/src/psa_crypto_xof.c.obj
[585/1705] Building C object esp-idf/mbedtls/mbedtls/tf-psa-crypto/drivers/builtin/CMakeFiles/builtin.dir/src/psa_crypto_hash.c.obj
[586/1705] Building C object esp-idf/mbedtls/mbedtls/tf-psa-crypto/drivers/builtin/CMakeFiles/builtin.dir/src/ecdsa.c.obj
[587/1705] Linking C static library esp-idf/bootloader_support/libbootloader_support.a
[588/1705] Building C object esp-idf/mbedtls/mbedtls/tf-psa-crypto/drivers/builtin/CMakeFiles/builtin.dir/src/ripemd160.c.obj
[589/1705] Building C object esp-idf/mbedtls/mbedtls/tf-psa-crypto/drivers/builtin/CMakeFiles/builtin.dir/src/psa_crypto_pake.c.obj
[590/1705] Building C object esp-idf/mbedtls/mbedtls/tf-psa-crypto/drivers/builtin/CMakeFiles/builtin.dir/src/psa_crypto_mac.c.obj
[591/1705] Building C object esp-idf/mbedtls/mbedtls/tf-psa-crypto/drivers/builtin/CMakeFiles/builtin.dir/src/psa_crypto_ffdh.c.obj
[592/1705] Building C object esp-idf/mbedtls/mbedtls/tf-psa-crypto/drivers/builtin/CMakeFiles/builtin.dir/src/sha1.c.obj
[593/1705] Building C object esp-idf/mbedtls/mbedtls/tf-psa-crypto/drivers/builtin/CMakeFiles/builtin.dir/src/psa_crypto_aead.c.obj
[594/1705] Linking C static library esp-idf/esp_hal_ana_conv/libesp_hal_ana_conv.a
[595/1705] Building C object esp-idf/mbedtls/mbedtls/tf-psa-crypto/drivers/builtin/CMakeFiles/builtin.dir/src/psa_util_internal.c.obj
[596/1705] Building C object esp-idf/mbedtls/mbedtls/tf-psa-crypto/drivers/builtin/CMakeFiles/builtin.dir/src/psa_crypto_ecp.c.obj
[597/1705] Building C object esp-idf/mbedtls/mbedtls/tf-psa-crypto/drivers/pqcp/CMakeFiles/pqcp.dir/src/wrap_mldsa_native.c.obj
[598/1705] Building C object esp-idf/mbedtls/mbedtls/tf-psa-crypto/drivers/builtin/CMakeFiles/builtin.dir/src/sha512.c.obj
[599/1705] Linking C static library esp-idf/esp_hal_wdt/libesp_hal_wdt.a
[600/1705] Building C object esp-idf/mbedtls/mbedtls/tf-psa-crypto/extras/CMakeFiles/extras.dir/lmots.c.obj
[601/1705] Building C object esp-idf/mbedtls/mbedtls/tf-psa-crypto/extras/CMakeFiles/extras.dir/nist_kw.c.obj
[602/1705] Building C object esp-idf/mbedtls/mbedtls/tf-psa-crypto/drivers/pqcp/CMakeFiles/pqcp.dir/src/psa_crypto_mldsa.c.obj
[603/1705] Linking C static library esp-idf/esp_bootloader_format/libesp_bootloader_format.a
[604/1705] Building C object esp-idf/mbedtls/mbedtls/tf-psa-crypto/drivers/builtin/CMakeFiles/builtin.dir/src/cmac.c.obj
[605/1705] Building C object esp-idf/mbedtls/mbedtls/tf-psa-crypto/drivers/builtin/CMakeFiles/builtin.dir/src/psa_crypto_cipher.c.obj
[606/1705] Linking CXX static library esp-idf/mbedtls/mbedtls/tf-psa-crypto/drivers/everest/libeverest.a
[607/1705] Building C object esp-idf/mbedtls/mbedtls/tf-psa-crypto/drivers/builtin/CMakeFiles/builtin.dir/src/rsa_alt_helpers.c.obj
[608/1705] Building C object esp-idf/mbedtls/mbedtls/tf-psa-crypto/extras/CMakeFiles/extras.dir/lms.c.obj
[609/1705] Building C object esp-idf/mbedtls/mbedtls/tf-psa-crypto/drivers/builtin/CMakeFiles/builtin.dir/src/psa_crypto_rsa.c.obj
[610/1705] Linking CXX static library esp-idf/mbedtls/mbedtls/tf-psa-crypto/drivers/p256-m/libp256-m.a
[611/1705] Building C object esp-idf/mbedtls/mbedtls/tf-psa-crypto/drivers/builtin/CMakeFiles/builtin.dir/src/bignum_core.c.obj
[612/1705] Building C object esp-idf/mbedtls/mbedtls/tf-psa-crypto/platform/CMakeFiles/platform.dir/memory_buffer_alloc.c.obj
[613/1705] Building C object esp-idf/mbedtls/mbedtls/tf-psa-crypto/drivers/builtin/CMakeFiles/builtin.dir/src/ctr_drbg.c.obj
[614/1705] Building C object esp-idf/mbedtls/mbedtls/tf-psa-crypto/drivers/builtin/CMakeFiles/builtin.dir/src/cipher.c.obj
[615/1705] Building C object esp-idf/mbedtls/mbedtls/tf-psa-crypto/extras/CMakeFiles/extras.dir/pk_rsa.c.obj
[616/1705] Building C object esp-idf/mbedtls/mbedtls/tf-psa-crypto/drivers/builtin/CMakeFiles/builtin.dir/src/gcm.c.obj
[617/1705] Building C object esp-idf/mbedtls/mbedtls/tf-psa-crypto/extras/CMakeFiles/extras.dir/pk_ecc.c.obj
[618/1705] Building C object esp-idf/mbedtls/mbedtls/tf-psa-crypto/platform/CMakeFiles/platform.dir/platform.c.obj
[619/1705] Building C object esp-idf/mbedtls/mbedtls/tf-psa-crypto/extras/CMakeFiles/extras.dir/pk_wrap.c.obj
[620/1705] Building C object esp-idf/mbedtls/mbedtls/tf-psa-crypto/platform/CMakeFiles/platform.dir/threading.c.obj
[621/1705] Building C object esp-idf/mbedtls/mbedtls/tf-psa-crypto/drivers/builtin/CMakeFiles/builtin.dir/src/aes.c.obj
[622/1705] Building C object esp-idf/mbedtls/mbedtls/tf-psa-crypto/drivers/builtin/CMakeFiles/builtin.dir/src/sha256.c.obj
[623/1705] Building C object esp-idf/mbedtls/mbedtls/tf-psa-crypto/drivers/builtin/CMakeFiles/builtin.dir/src/ecp_curves.c.obj
[624/1705] Building C object esp-idf/mbedtls/mbedtls/tf-psa-crypto/extras/CMakeFiles/extras.dir/md.c.obj
[625/1705] Building C object esp-idf/mbedtls/mbedtls/tf-psa-crypto/utilities/CMakeFiles/utilities.dir/constant_time.c.obj
[626/1705] Building C object esp-idf/mbedtls/mbedtls/tf-psa-crypto/platform/CMakeFiles/platform.dir/platform_util.c.obj
[627/1705] Building C object esp-idf/mbedtls/mbedtls/tf-psa-crypto/drivers/builtin/CMakeFiles/builtin.dir/src/sha3.c.obj
[628/1705] Building C object esp-idf/mbedtls/mbedtls/tf-psa-crypto/core/CMakeFiles/tfpsacrypto.dir/psa_its_file.c.obj
[629/1705] Building C object esp-idf/mbedtls/mbedtls/tf-psa-crypto/core/CMakeFiles/tfpsacrypto.dir/psa_crypto_random.c.obj
[630/1705] Building C object esp-idf/mbedtls/mbedtls/tf-psa-crypto/utilities/CMakeFiles/utilities.dir/asn1parse.c.obj
[631/1705] Building C object esp-idf/mbedtls/mbedtls/tf-psa-crypto/core/CMakeFiles/tfpsacrypto.dir/psa_crypto_client.c.obj
[632/1705] Building C object esp-idf/mbedtls/mbedtls/tf-psa-crypto/core/CMakeFiles/tfpsacrypto.dir/tf_psa_crypto_config.c.obj
[633/1705] Building C object esp-idf/mbedtls/mbedtls/tf-psa-crypto/core/CMakeFiles/tfpsacrypto.dir/tf_psa_crypto_version.c.obj
[634/1705] Building C object esp-idf/mbedtls/mbedtls/tf-psa-crypto/utilities/CMakeFiles/utilities.dir/asn1write.c.obj
[635/1705] Building C object esp-idf/mbedtls/mbedtls/tf-psa-crypto/utilities/CMakeFiles/utilities.dir/base64.c.obj
[636/1705] Building C object esp-idf/mbedtls/mbedtls/tf-psa-crypto/utilities/CMakeFiles/utilities.dir/oid.c.obj
[637/1705] Building C object esp-idf/mbedtls/mbedtls/tf-psa-crypto/extras/CMakeFiles/extras.dir/pkwrite.c.obj
[638/1705] Building C object esp-idf/mbedtls/mbedtls/tf-psa-crypto/utilities/CMakeFiles/utilities.dir/pkcs5.c.obj
[639/1705] Building C object esp-idf/mbedtls/mbedtls/tf-psa-crypto/core/CMakeFiles/tfpsacrypto.dir/vol1/1000/toolchains/esp-idf-v6.0.2/components/mbedtls/port/sha/core/esp_sha_gdma_impl.c.obj
[640/1705] Building C object esp-idf/mbedtls/mbedtls/tf-psa-crypto/core/CMakeFiles/tfpsacrypto.dir/psa_crypto_driver_wrappers_no_static.c.obj
[641/1705] Building C object esp-idf/mbedtls/mbedtls/tf-psa-crypto/core/CMakeFiles/tfpsacrypto.dir/psa_util.c.obj
[642/1705] Building C object esp-idf/mbedtls/mbedtls/tf-psa-crypto/core/CMakeFiles/tfpsacrypto.dir/vol1/1000/toolchains/esp-idf-v6.0.2/components/mbedtls/port/aes/dma/esp_aes_gdma_impl.c.obj
[643/1705] Building C object esp-idf/mbedtls/mbedtls/tf-psa-crypto/utilities/CMakeFiles/utilities.dir/pem.c.obj
[644/1705] Building C object esp-idf/mbedtls/mbedtls/tf-psa-crypto/core/CMakeFiles/tfpsacrypto.dir/psa_crypto_storage.c.obj
[645/1705] Building C object esp-idf/mbedtls/mbedtls/tf-psa-crypto/core/CMakeFiles/tfpsacrypto.dir/vol1/1000/toolchains/esp-idf-v6.0.2/components/mbedtls/port/esp_hardware.c.obj
[646/1705] Building C object esp-idf/mbedtls/mbedtls/tf-psa-crypto/extras/CMakeFiles/extras.dir/pkparse.c.obj
[647/1705] Building C object esp-idf/mbedtls/mbedtls/tf-psa-crypto/core/CMakeFiles/tfpsacrypto.dir/vol1/1000/toolchains/esp-idf-v6.0.2/components/mbedtls/port/aes/esp_aes_xts.c.obj
[648/1705] Building C object esp-idf/mbedtls/mbedtls/tf-psa-crypto/core/CMakeFiles/tfpsacrypto.dir/vol1/1000/toolchains/esp-idf-v6.0.2/components/mbedtls/port/crypto_shared_gdma/esp_crypto_shared_gdma.c.obj
[649/1705] Building C object esp-idf/mbedtls/mbedtls/tf-psa-crypto/drivers/builtin/CMakeFiles/builtin.dir/src/bignum.c.obj
[650/1705] Building C object esp-idf/mbedtls/mbedtls/tf-psa-crypto/core/CMakeFiles/tfpsacrypto.dir/psa_crypto_slot_management.c.obj
[651/1705] Building C object esp-idf/mbedtls/mbedtls/tf-psa-crypto/core/CMakeFiles/tfpsacrypto.dir/vol1/1000/toolchains/esp-idf-v6.0.2/components/mbedtls/port/psa_crypto_storage/esp_psa_its.c.obj
[652/1705] Building C object esp-idf/mbedtls/mbedtls/tf-psa-crypto/core/CMakeFiles/tfpsacrypto.dir/vol1/1000/toolchains/esp-idf-v6.0.2/components/mbedtls/port/aes/esp_aes_common.c.obj
[653/1705] Building C object esp-idf/mbedtls/mbedtls/tf-psa-crypto/extras/CMakeFiles/extras.dir/pk.c.obj
[654/1705] Building C object esp-idf/mbedtls/mbedtls/tf-psa-crypto/core/CMakeFiles/tfpsacrypto.dir/vol1/1000/toolchains/esp-idf-v6.0.2/components/mbedtls/port/psa_driver/esp_sha/psa_crypto_driver_esp_sha.c.obj
[655/1705] Building C object esp-idf/mbedtls/mbedtls/tf-psa-crypto/core/CMakeFiles/tfpsacrypto.dir/vol1/1000/toolchains/esp-idf-v6.0.2/components/mbedtls/port/sha/esp_sha.c.obj
[656/1705] Building C object esp-idf/mbedtls/mbedtls/tf-psa-crypto/core/CMakeFiles/tfpsacrypto.dir/vol1/1000/toolchains/esp-idf-v6.0.2/components/mbedtls/port/psa_driver/esp_md/psa_crypto_driver_esp_md5.c.obj
[657/1705] Building C object esp-idf/mbedtls/mbedtls/tf-psa-crypto/core/CMakeFiles/tfpsacrypto.dir/vol1/1000/toolchains/esp-idf-v6.0.2/components/mbedtls/port/psa_driver/esp_sha/core/psa_crypto_driver_esp_sha1.c.obj
[658/1705] Building C object esp-idf/mbedtls/mbedtls/tf-psa-crypto/core/CMakeFiles/tfpsacrypto.dir/vol1/1000/toolchains/esp-idf-v6.0.2/components/mbedtls/port/esp_hmac_pbkdf2.c.obj
[659/1705] Building C object esp-idf/mbedtls/mbedtls/tf-psa-crypto/core/CMakeFiles/tfpsacrypto.dir/vol1/1000/toolchains/esp-idf-v6.0.2/components/mbedtls/port/aes/dma/esp_aes_dma_core.c.obj
[660/1705] Building C object esp-idf/mbedtls/mbedtls/tf-psa-crypto/core/CMakeFiles/tfpsacrypto.dir/vol1/1000/toolchains/esp-idf-v6.0.2/components/mbedtls/port/psa_driver/esp_sha/core/psa_crypto_driver_esp_sha256.c.obj
[661/1705] Building C object esp-idf/mbedtls/mbedtls/library/CMakeFiles/mbedtls.dir/debug.c.obj
[662/1705] Building C object esp-idf/mbedtls/mbedtls/tf-psa-crypto/core/CMakeFiles/tfpsacrypto.dir/vol1/1000/toolchains/esp-idf-v6.0.2/components/mbedtls/port/psa_driver/esp_mac/psa_crypto_driver_esp_hmac_transparent.c.obj
[663/1705] Building C object esp-idf/mbedtls/mbedtls/tf-psa-crypto/core/CMakeFiles/tfpsacrypto.dir/vol1/1000/toolchains/esp-idf-v6.0.2/components/mbedtls/port/bignum/bignum_alt.c.obj
[664/1705] Building C object esp-idf/mbedtls/mbedtls/tf-psa-crypto/core/CMakeFiles/tfpsacrypto.dir/vol1/1000/toolchains/esp-idf-v6.0.2/components/mbedtls/port/psa_driver/esp_mac/psa_crypto_driver_esp_cmac.c.obj
[665/1705] Building C object esp-idf/mbedtls/mbedtls/library/CMakeFiles/mbedtls.dir/mps_trace.c.obj
[666/1705] Building C object esp-idf/mbedtls/mbedtls/tf-psa-crypto/core/CMakeFiles/tfpsacrypto.dir/vol1/1000/toolchains/esp-idf-v6.0.2/components/mbedtls/port/psa_driver/esp_mac/psa_crypto_driver_esp_hmac_opaque.c.obj
[667/1705] Building C object esp-idf/mbedtls/mbedtls/library/CMakeFiles/mbedtls.dir/mps_reader.c.obj
[668/1705] Building C object esp-idf/mbedtls/mbedtls/tf-psa-crypto/core/CMakeFiles/tfpsacrypto.dir/vol1/1000/toolchains/esp-idf-v6.0.2/components/mbedtls/port/psa_driver/esp_sha/core/psa_crypto_driver_esp_sha512.c.obj
[669/1705] Building C object esp-idf/mbedtls/mbedtls/tf-psa-crypto/core/CMakeFiles/tfpsacrypto.dir/vol1/1000/toolchains/esp-idf-v6.0.2/components/mbedtls/port/sha/core/sha.c.obj
[670/1705] Building C object esp-idf/mbedtls/mbedtls/tf-psa-crypto/drivers/builtin/CMakeFiles/builtin.dir/src/ecp.c.obj
[671/1705] Building C object esp-idf/mbedtls/mbedtls/library/CMakeFiles/mbedtls.dir/ssl_cookie.c.obj
[672/1705] Building C object esp-idf/mbedtls/mbedtls/tf-psa-crypto/core/CMakeFiles/tfpsacrypto.dir/vol1/1000/toolchains/esp-idf-v6.0.2/components/mbedtls/port/aes/esp_aes.c.obj
[673/1705] Building C object esp-idf/mbedtls/mbedtls/tf-psa-crypto/drivers/builtin/CMakeFiles/builtin.dir/src/rsa.c.obj
[674/1705] Building C object esp-idf/mbedtls/mbedtls/tf-psa-crypto/core/CMakeFiles/tfpsacrypto.dir/vol1/1000/toolchains/esp-idf-v6.0.2/components/mbedtls/port/aes/esp_aes_gcm.c.obj
[675/1705] Building C object esp-idf/mbedtls/mbedtls/tf-psa-crypto/core/CMakeFiles/tfpsacrypto.dir/vol1/1000/toolchains/esp-idf-v6.0.2/components/mbedtls/port/psa_driver/esp_aes/psa_crypto_driver_esp_aes_gcm.c.obj
[676/1705] Building C object esp-idf/mbedtls/mbedtls/tf-psa-crypto/core/CMakeFiles/tfpsacrypto.dir/vol1/1000/toolchains/esp-idf-v6.0.2/components/mbedtls/port/bignum/esp_bignum.c.obj
[677/1705] Building C object esp-idf/mbedtls/mbedtls/library/CMakeFiles/mbedtls.dir/ssl_ciphersuites.c.obj
[678/1705] Building C object esp-idf/mbedtls/mbedtls/library/CMakeFiles/mbedtls.dir/ssl_debug_helpers_generated.c.obj
[679/1705] Building C object esp-idf/mbedtls/mbedtls/library/CMakeFiles/mbedtls.dir/ssl_tls13_server.c.obj
[680/1705] Building C object esp-idf/mbedtls/mbedtls/library/CMakeFiles/mbedtls.dir/version_features.c.obj
[681/1705] Building C object esp-idf/mbedtls/mbedtls/library/CMakeFiles/mbedtls.dir/ssl_tls13_client.c.obj
[682/1705] Building C object esp-idf/mbedtls/mbedtls/library/CMakeFiles/mbedtls.dir/ssl_tls13_keys.c.obj
[683/1705] Building C object esp-idf/mbedtls/mbedtls/library/CMakeFiles/mbedtls.dir/vol1/1000/toolchains/esp-idf-v6.0.2/components/mbedtls/port/esp_platform_time.c.obj
[684/1705] Building C object esp-idf/mbedtls/mbedtls/tf-psa-crypto/core/CMakeFiles/tfpsacrypto.dir/vol1/1000/toolchains/esp-idf-v6.0.2/components/mbedtls/port/psa_driver/esp_aes/psa_crypto_driver_esp_aes.c.obj
[685/1705] Building C object esp-idf/mbedtls/mbedtls/library/CMakeFiles/mbedtls.dir/ssl_tls13_generic.c.obj
[686/1705] Building C object esp-idf/mbedtls/mbedtls/library/CMakeFiles/mbedtls.dir/ssl_cache.c.obj
[687/1705] Linking CXX static library esp-idf/mbedtls/mbedtls/tf-psa-crypto/drivers/builtin/libmbed-builtin.a
[688/1705] Building C object esp-idf/mbedtls/mbedtls/library/CMakeFiles/mbedtls.dir/timing.c.obj
[689/1705] Building C object esp-idf/mbedtls/mbedtls/library/CMakeFiles/mbedtls.dir/vol1/1000/toolchains/esp-idf-v6.0.2/components/mbedtls/port/mbedtls_debug.c.obj
[690/1705] Building C object esp-idf/mbedtls/mbedtls/library/CMakeFiles/mbedx509.dir/mbedtls_config.c.obj
[691/1705] Building C object esp-idf/mbedtls/mbedtls/library/CMakeFiles/mbedtls.dir/vol1/1000/toolchains/esp-idf-v6.0.2/components/mbedtls/port/esp_timing.c.obj
[692/1705] Linking CXX static library esp-idf/mbedtls/mbedtls/tf-psa-crypto/drivers/pqcp/libpqcp.a
[693/1705] Building C object esp-idf/mbedtls/mbedtls/library/CMakeFiles/mbedtls.dir/ssl_client.c.obj
[694/1705] Building C object esp-idf/mbedtls/mbedtls/library/CMakeFiles/mbedx509.dir/x509_create.c.obj
[695/1705] Building C object esp-idf/mbedtls/mbedtls/library/CMakeFiles/mbedtls.dir/version.c.obj
[696/1705] Linking CXX static library esp-idf/mbedtls/mbedtls/tf-psa-crypto/extras/libextras.a
[697/1705] Creating directories for 'bootloader'
[698/1705] Building C object esp-idf/mbedtls/mbedtls/library/CMakeFiles/mbedtls.dir/vol1/1000/toolchains/esp-idf-v6.0.2/components/mbedtls/port/esp_psa_crypto_init.c.obj
[699/1705] Linking CXX static library esp-idf/mbedtls/mbedtls/tf-psa-crypto/platform/libplatform.a
[700/1705] No download step for 'bootloader'
[701/1705] Building C object esp-idf/mbedtls/mbedtls/library/CMakeFiles/mbedx509.dir/x509write_csr.c.obj
[702/1705] Linking CXX static library esp-idf/mbedtls/mbedtls/tf-psa-crypto/utilities/libutilities.a
[703/1705] No update step for 'bootloader'
[704/1705] Building C object esp-idf/mbedtls/mbedtls/library/CMakeFiles/mbedx509.dir/x509write.c.obj
[705/1705] Building C object esp-idf/mbedtls/mbedtls/library/CMakeFiles/mbedtls.dir/ssl_ticket.c.obj
[706/1705] Building C object esp-idf/mbedtls/mbedtls/library/CMakeFiles/mbedx509.dir/x509write_crt.c.obj
[707/1705] No patch step for 'bootloader'
[708/1705] Building C object esp-idf/mbedtls/mbedtls/library/CMakeFiles/mbedx509.dir/error.c.obj
[709/1705] Building C object esp-idf/mbedtls/mbedtls/library/CMakeFiles/mbedx509.dir/x509_oid.c.obj
[710/1705] Building C object esp-idf/mbedtls/mbedtls/library/CMakeFiles/mbedtls.dir/vol1/1000/toolchains/esp-idf-v6.0.2/components/mbedtls/port/net_sockets.c.obj
[711/1705] Building C object esp-idf/mbedtls/mbedtls/library/CMakeFiles/mbedx509.dir/x509_crl.c.obj
[712/1705] Building C object esp-idf/mbedtls/mbedtls/library/CMakeFiles/mbedx509.dir/pkcs7.c.obj
[713/1705] Building C object esp-idf/mbedtls/mbedtls/library/CMakeFiles/mbedx509.dir/x509_csr.c.obj
[714/1705] Building C object esp-idf/mbedtls/mbedtls/library/CMakeFiles/mbedtls.dir/ssl_tls12_client.c.obj
[715/1705] Building C object esp-idf/mbedtls/mbedtls/library/CMakeFiles/mbedtls.dir/ssl_msg.c.obj
[716/1705] Building C object esp-idf/mbedtls/mbedtls/library/CMakeFiles/mbedx509.dir/x509.c.obj
[717/1705] Building C object esp-idf/mbedtls/mbedtls/library/CMakeFiles/mbedtls.dir/ssl_tls12_server.c.obj
[718/1705] Building C object esp-idf/mbedtls/mbedtls/library/CMakeFiles/mbedx509.dir/x509_crt.c.obj
[719/1705] Building C object esp-idf/mbedtls/mbedtls/library/CMakeFiles/mbedtls.dir/ssl_tls.c.obj
[720/1705] Building C object esp-idf/mbedtls/mbedtls/tf-psa-crypto/core/CMakeFiles/tfpsacrypto.dir/psa_crypto.c.obj
[721/1705] Linking CXX static library esp-idf/mbedtls/mbedtls/tf-psa-crypto/core/libtfpsacrypto.a
[722/1705] Linking CXX static library esp-idf/mbedtls/mbedtls/library/libmbedtls.a
[723/1705] Linking CXX static library esp-idf/mbedtls/mbedtls/library/libmbedx509.a
[724/1705] Generating x509_crt_bundle
[725/1705] Generating ../../x509_crt_bundle.S
[726/1705] Building ASM object esp-idf/mbedtls/CMakeFiles/__idf_mbedtls.dir/__/__/x509_crt_bundle.S.obj
[727/1705] Building C object esp-idf/mbedtls/CMakeFiles/__idf_mbedtls.dir/port/esp_mem.c.obj
[728/1705] Building C object esp-idf/esp_hal_uart/CMakeFiles/__idf_esp_hal_uart.dir/esp32s3/uart_periph.c.obj
[729/1705] Building C object esp-idf/esp_mm/CMakeFiles/__idf_esp_mm.dir/port/esp32s3/ext_mem_layout.c.obj
[730/1705] Building C object esp-idf/esp_pm/CMakeFiles/__idf_esp_pm.dir/pm_trace.c.obj
[731/1705] Building C object esp-idf/esp_driver_dma/CMakeFiles/__idf_esp_driver_dma.dir/src/esp_async_memcpy.c.obj
[732/1705] Building C object esp-idf/esp_driver_gpio/CMakeFiles/__idf_esp_driver_gpio.dir/src/gpio_glitch_filter_ops.c.obj
[733/1705] Building C object esp-idf/esp_hal_uart/CMakeFiles/__idf_esp_hal_uart.dir/uart_hal_iram.c.obj
[734/1705] Building C object esp-idf/esp_mm/CMakeFiles/__idf_esp_mm.dir/esp_cache_utils.c.obj
[735/1705] Building C object esp-idf/esp_hal_uart/CMakeFiles/__idf_esp_hal_uart.dir/uhci_hal.c.obj
[736/1705] Building C object esp-idf/esp_pm/CMakeFiles/__idf_esp_pm.dir/pm_locks.c.obj
[737/1705] Building C object esp-idf/esp_driver_dma/CMakeFiles/__idf_esp_driver_dma.dir/src/esp_dma_utils.c.obj
[738/1705] Building C object esp-idf/esp_security/CMakeFiles/__idf_esp_security.dir/src/init.c.obj
[739/1705] Building C object esp-idf/esp_hal_uart/CMakeFiles/__idf_esp_hal_uart.dir/uart_hal.c.obj
[740/1705] Building C object esp-idf/esp_security/CMakeFiles/__idf_esp_security.dir/src/esp_crypto_lock.c.obj
[741/1705] Building C object esp-idf/esp_mm/CMakeFiles/__idf_esp_mm.dir/esp_cache_msync.c.obj
[742/1705] Building C object esp-idf/esp_timer/CMakeFiles/__idf_esp_timer.dir/src/esp_timer_init.c.obj
[743/1705] Building C object esp-idf/esp_security/CMakeFiles/__idf_esp_security.dir/src/esp_hmac.c.obj
[744/1705] Building C object esp-idf/esp_timer/CMakeFiles/__idf_esp_timer.dir/src/system_time.c.obj
[745/1705] Building C object esp-idf/esp_driver_gpio/CMakeFiles/__idf_esp_driver_gpio.dir/src/gpio_pin_glitch_filter.c.obj
[746/1705] Building C object esp-idf/esp_timer/CMakeFiles/__idf_esp_timer.dir/src/esp_timer_impl_common.c.obj
[747/1705] Building C object esp-idf/esp_security/CMakeFiles/__idf_esp_security.dir/src/esp_ds.c.obj
[748/1705] Building C object esp-idf/esp_timer/CMakeFiles/__idf_esp_timer.dir/src/ets_timer_legacy.c.obj
[749/1705] Building C object esp-idf/esp_driver_dma/CMakeFiles/__idf_esp_driver_dma.dir/src/async_memcpy_gdma.c.obj
[750/1705] Building C object esp-idf/mbedtls/CMakeFiles/__idf_mbedtls.dir/esp_crt_bundle/esp_crt_bundle.c.obj
[751/1705] Building C object esp-idf/esp_security/CMakeFiles/__idf_esp_security.dir/src/esp_crypto_periph_clk.c.obj
[752/1705] Building C object esp-idf/esp_hal_timg/CMakeFiles/__idf_esp_hal_timg.dir/esp32s3/timer_periph.c.obj
[753/1705] Building C object esp-idf/esp_hal_timg/CMakeFiles/__idf_esp_hal_timg.dir/timer_hal.c.obj
[754/1705] Building C object esp-idf/esp_pm/CMakeFiles/__idf_esp_pm.dir/pm_impl.c.obj
[755/1705] Building C object esp-idf/esp_driver_dma/CMakeFiles/__idf_esp_driver_dma.dir/src/gdma_link.c.obj
[756/1705] Building C object esp-idf/efuse/CMakeFiles/__idf_efuse.dir/esp32s3/esp_efuse_table.c.obj
[757/1705] Building C object esp-idf/esp_driver_gpio/CMakeFiles/__idf_esp_driver_gpio.dir/src/dedic_gpio.c.obj
[758/1705] Building C object esp-idf/efuse/CMakeFiles/__idf_efuse.dir/esp32s3/esp_efuse_fields.c.obj
[759/1705] Linking C static library esp-idf/mbedtls/libmbedtls.a
[760/1705] Building C object esp-idf/efuse/CMakeFiles/__idf_efuse.dir/esp32s3/esp_efuse_rtc_calib.c.obj
[761/1705] Building C object esp-idf/esp_driver_gpio/CMakeFiles/__idf_esp_driver_gpio.dir/src/rtc_io.c.obj
[762/1705] Building C object esp-idf/efuse/CMakeFiles/__idf_efuse.dir/src/esp_efuse_fields.c.obj
[763/1705] Building C object esp-idf/efuse/CMakeFiles/__idf_efuse.dir/src/esp_efuse_startup.c.obj
[764/1705] Building C object esp-idf/esp_hal_security/CMakeFiles/__idf_esp_hal_security.dir/mpu_hal.c.obj
[765/1705] Building C object esp-idf/esp_hal_security/CMakeFiles/__idf_esp_hal_security.dir/ds_hal.c.obj
[766/1705] Building C object esp-idf/esp_timer/CMakeFiles/__idf_esp_timer.dir/src/esp_timer.c.obj
[767/1705] Building C object esp-idf/esp_hal_security/CMakeFiles/__idf_esp_hal_security.dir/mpi_hal.c.obj
[768/1705] Building C object esp-idf/esp_timer/CMakeFiles/__idf_esp_timer.dir/src/esp_timer_impl_systimer.c.obj
[769/1705] Building C object esp-idf/efuse/CMakeFiles/__idf_efuse.dir/esp32s3/esp_efuse_utility.c.obj
[770/1705] Building C object esp-idf/esp_mm/CMakeFiles/__idf_esp_mm.dir/esp_mmu_map.c.obj
[771/1705] Building C object esp-idf/esp_hal_security/CMakeFiles/__idf_esp_hal_security.dir/hmac_hal.c.obj
[772/1705] Building C object esp-idf/esp_hal_gpspi/CMakeFiles/__idf_esp_hal_gpspi.dir/esp32s3/spi_periph.c.obj
[773/1705] Building C object esp-idf/esp_app_format/CMakeFiles/__idf_esp_app_format.dir/esp_app_desc.c.obj
[774/1705] Building C object esp-idf/esp_hal_security/CMakeFiles/__idf_esp_hal_security.dir/sha_hal.c.obj
[775/1705] Building C object esp-idf/esp_partition/CMakeFiles/__idf_esp_partition.dir/partition_target.c.obj
[776/1705] Building C object esp-idf/esp_hal_mspi/CMakeFiles/__idf_esp_hal_mspi.dir/spi_flash_encrypt_hal_iram.c.obj
[777/1705] Building C object esp-idf/esp_driver_dma/CMakeFiles/__idf_esp_driver_dma.dir/src/gdma.c.obj
[778/1705] Building C object esp-idf/efuse/CMakeFiles/__idf_efuse.dir/src/efuse_controller/keys/with_key_purposes/esp_efuse_api_key.c.obj
[779/1705] Building C object esp-idf/esp_hal_mspi/CMakeFiles/__idf_esp_hal_mspi.dir/spi_flash_hal.c.obj
[780/1705] Building C object esp-idf/efuse/CMakeFiles/__idf_efuse.dir/src/esp_efuse_api.c.obj
[781/1705] Building C object esp-idf/esp_hal_security/CMakeFiles/__idf_esp_hal_security.dir/aes_hal.c.obj
[782/1705] Linking C static library esp-idf/esp_driver_dma/libesp_driver_dma.a
[783/1705] Building C object esp-idf/esp_stdio/CMakeFiles/__idf_esp_stdio.dir/stdio_simple.c.obj
[784/1705] Building C object esp-idf/esp_hal_gpspi/CMakeFiles/__idf_esp_hal_gpspi.dir/spi_slave_hal.c.obj
[785/1705] Building C object esp-idf/esp_hal_dma/CMakeFiles/__idf_esp_hal_dma.dir/esp32s3/gdma_periph.c.obj
[786/1705] Linking C static library esp-idf/esp_mm/libesp_mm.a
[787/1705] Building C object esp-idf/esp_hal_clock/CMakeFiles/__idf_esp_hal_clock.dir/esp32s3/clk_tree_hal.c.obj
[788/1705] Building C object esp-idf/esp_hal_dma/CMakeFiles/__idf_esp_hal_dma.dir/gdma_hal_top.c.obj
[789/1705] Building ASM object esp-idf/xtensa/CMakeFiles/__idf_xtensa.dir/xtensa_intr_asm.S.obj
[790/1705] Building C object esp-idf/xtensa/CMakeFiles/__idf_xtensa.dir/eri.c.obj
[791/1705] Building ASM object esp-idf/xtensa/CMakeFiles/__idf_xtensa.dir/xtensa_context.S.obj
[792/1705] Linking C static library esp-idf/esp_pm/libesp_pm.a
[793/1705] Building C object esp-idf/esp_hal_gpspi/CMakeFiles/__idf_esp_hal_gpspi.dir/spi_hal.c.obj
[794/1705] Building C object esp-idf/esp_stdio/CMakeFiles/__idf_esp_stdio.dir/stdio_syscalls_simple.c.obj
[795/1705] Building ASM object esp-idf/xtensa/CMakeFiles/__idf_xtensa.dir/xtensa_vectors.S.obj
[796/1705] Building C object esp-idf/xtensa/CMakeFiles/__idf_xtensa.dir/xt_trax.c.obj
[797/1705] Building C object esp-idf/esp_hal_i2c/CMakeFiles/__idf_esp_hal_i2c.dir/esp32s3/i2c_periph.c.obj
[798/1705] Linking C static library esp-idf/esp_hal_uart/libesp_hal_uart.a
[799/1705] Building C object esp-idf/efuse/CMakeFiles/__idf_efuse.dir/src/esp_efuse_utility.c.obj
[800/1705] Building C object esp-idf/esp_hal_twai/CMakeFiles/__idf_esp_hal_twai.dir/esp32s3/twai_periph.c.obj
[801/1705] Building C object esp-idf/esp_hal_gpspi/CMakeFiles/__idf_esp_hal_gpspi.dir/spi_slave_hal_iram.c.obj
[802/1705] Building C object esp-idf/xtensa/CMakeFiles/__idf_xtensa.dir/xtensa_intr.c.obj
[803/1705] Building C object esp-idf/esp_hal_mspi/CMakeFiles/__idf_esp_hal_mspi.dir/spi_flash_hal_gpspi.c.obj
[804/1705] Building C object esp-idf/esp_hal_dma/CMakeFiles/__idf_esp_hal_dma.dir/gdma_hal_ahb_v1.c.obj
[805/1705] Building C object esp-idf/esp_stdio/CMakeFiles/__idf_esp_stdio.dir/stdio_vfs.c.obj
[806/1705] Building C object esp-idf/esp_hal_lcd/CMakeFiles/__idf_esp_hal_lcd.dir/lcd_hal.c.obj
[807/1705] Building C object esp-idf/esp_hal_i2c/CMakeFiles/__idf_esp_hal_i2c.dir/i2c_hal_iram.c.obj
[808/1705] Building C object esp-idf/esp_hal_lcd/CMakeFiles/__idf_esp_hal_lcd.dir/esp32s3/lcd_periph.c.obj
[809/1705] Building C object esp-idf/esp_partition/CMakeFiles/__idf_esp_partition.dir/partition.c.obj
[810/1705] Building C object esp-idf/esp_hal_i2c/CMakeFiles/__idf_esp_hal_i2c.dir/i2c_hal.c.obj
[811/1705] Building C object esp-idf/esp_hal_mspi/CMakeFiles/__idf_esp_hal_mspi.dir/spi_flash_hal_iram.c.obj
[812/1705] Building C object esp-idf/esp_hal_gpspi/CMakeFiles/__idf_esp_hal_gpspi.dir/spi_slave_hd_hal.c.obj
[813/1705] Building C object esp-idf/esp_driver_i2c/CMakeFiles/__idf_esp_driver_i2c.dir/i2c_common.c.obj
[814/1705] Building C object esp-idf/espressif__zlib/CMakeFiles/__idf_espressif__zlib.dir/zlib/compress.c.obj
[815/1705] Building C object esp-idf/esp_hal_gpspi/CMakeFiles/__idf_esp_hal_gpspi.dir/spi_hal_iram.c.obj
[816/1705] Building C object esp-idf/esp_driver_i2s/CMakeFiles/__idf_esp_driver_i2s.dir/i2s_platform.c.obj
[817/1705] Building C object esp-idf/espressif__zlib/CMakeFiles/__idf_espressif__zlib.dir/zlib/adler32.c.obj
[818/1705] Building C object esp-idf/espressif__zlib/CMakeFiles/__idf_espressif__zlib.dir/zlib/gzclose.c.obj
[819/1705] Building C object esp-idf/esp_driver_gpio/CMakeFiles/__idf_esp_driver_gpio.dir/src/gpio.c.obj
[820/1705] Building C object esp-idf/esp_hal_twai/CMakeFiles/__idf_esp_hal_twai.dir/twai_hal_v1.c.obj
[821/1705] Building C object esp-idf/espressif__zlib/CMakeFiles/__idf_espressif__zlib.dir/zlib/crc32.c.obj
[822/1705] Building C object esp-idf/esp_driver_i2c/CMakeFiles/__idf_esp_driver_i2c.dir/i2c_slave.c.obj
[823/1705] Building C object esp-idf/esp_driver_i2s/CMakeFiles/__idf_esp_driver_i2s.dir/i2s_tdm.c.obj
[824/1705] Linking C static library esp-idf/esp_driver_gpio/libesp_driver_gpio.a
[825/1705] Linking C static library esp-idf/esp_security/libesp_security.a
[826/1705] Building C object esp-idf/espressif__zlib/CMakeFiles/__idf_espressif__zlib.dir/zlib/inffast.c.obj
[827/1705] Building C object esp-idf/espressif__zlib/CMakeFiles/__idf_espressif__zlib.dir/zlib/gzlib.c.obj
[828/1705] Building C object esp-idf/esp_driver_i2s/CMakeFiles/__idf_esp_driver_i2s.dir/i2s_std.c.obj
[829/1705] Linking C static library esp-idf/esp_timer/libesp_timer.a
[830/1705] Building C object esp-idf/espressif__zlib/CMakeFiles/__idf_espressif__zlib.dir/zlib/uncompr.c.obj
[831/1705] Linking C static library esp-idf/esp_hal_timg/libesp_hal_timg.a
[832/1705] Building C object esp-idf/esp_driver_spi/CMakeFiles/__idf_esp_driver_spi.dir/src/gpspi/spi_slave.c.obj
[833/1705] Building C object esp-idf/esp_driver_spi/CMakeFiles/__idf_esp_driver_spi.dir/src/gpspi/spi_slave_hd.c.obj
[834/1705] Building C object esp-idf/espressif__zlib/CMakeFiles/__idf_espressif__zlib.dir/zlib/gzwrite.c.obj
[835/1705] Building C object esp-idf/espressif__zlib/CMakeFiles/__idf_espressif__zlib.dir/zlib/zutil.c.obj
[836/1705] Building C object esp-idf/espressif__zlib/CMakeFiles/__idf_espressif__zlib.dir/zlib/inftrees.c.obj
[837/1705] Linking C static library esp-idf/efuse/libefuse.a
[838/1705] Building C object esp-idf/espressif__zlib/CMakeFiles/__idf_espressif__zlib.dir/zlib/gzread.c.obj
[839/1705] Linking C static library esp-idf/esp_app_format/libesp_app_format.a
[840/1705] Linking C static library esp-idf/esp_partition/libesp_partition.a
[841/1705] Building C object esp-idf/esp_lcd/CMakeFiles/__idf_esp_lcd.dir/src/esp_lcd_common.c.obj
[842/1705] Building C object esp-idf/esp_driver_i2s/CMakeFiles/__idf_esp_driver_i2s.dir/i2s_common.c.obj
[843/1705] Linking C static library esp-idf/esp_hal_security/libesp_hal_security.a
[844/1705] Building C object esp-idf/esp_lcd/CMakeFiles/__idf_esp_lcd.dir/src/esp_lcd_panel_io.c.obj
[845/1705] Building C object esp-idf/espressif__zlib/CMakeFiles/__idf_espressif__zlib.dir/zlib/infback.c.obj
[846/1705] Linking C static library esp-idf/esp_hal_mspi/libesp_hal_mspi.a
[847/1705] Building C object esp-idf/driver/CMakeFiles/__idf_driver.dir/touch_sensor/touch_sensor_common.c.obj
[848/1705] Linking C static library esp-idf/esp_hal_clock/libesp_hal_clock.a
[849/1705] Building C object esp-idf/esp_lcd/CMakeFiles/__idf_esp_lcd.dir/src/esp_lcd_panel_ops.c.obj
[850/1705] Building C object esp-idf/esp_lcd/CMakeFiles/__idf_esp_lcd.dir/i2c/esp_lcd_panel_io_i2c.c.obj
[851/1705] Linking C static library esp-idf/esp_hal_gpspi/libesp_hal_gpspi.a
[852/1705] Building C object esp-idf/esp_lcd/CMakeFiles/__idf_esp_lcd.dir/src/esp_lcd_panel_ssd1306.c.obj
[853/1705] Linking C static library esp-idf/esp_hal_dma/libesp_hal_dma.a
[854/1705] Building C object esp-idf/esp_driver_i2s/CMakeFiles/__idf_esp_driver_i2s.dir/i2s_pdm.c.obj
[855/1705] Building C object esp-idf/esp_lcd/CMakeFiles/__idf_esp_lcd.dir/src/esp_lcd_panel_st7789.c.obj
[856/1705] Linking C static library esp-idf/esp_stdio/libesp_stdio.a
[857/1705] Building C object esp-idf/esp_driver_spi/CMakeFiles/__idf_esp_driver_spi.dir/src/gpspi/spi_common.c.obj
[858/1705] Linking C static library esp-idf/xtensa/libxtensa.a
[859/1705] Linking C static library esp-idf/esp_hal_i2c/libesp_hal_i2c.a
[860/1705] Building C object esp-idf/esp_driver_spi/CMakeFiles/__idf_esp_driver_spi.dir/src/gpspi/spi_master.c.obj
[861/1705] Linking C static library esp-idf/esp_hal_twai/libesp_hal_twai.a
[862/1705] Building C object esp-idf/lvgl__lvgl/CMakeFiles/__idf_lvgl__lvgl.dir/src/core/lv_obj_property.c.obj
[863/1705] Building C object esp-idf/esp_driver_i2c/CMakeFiles/__idf_esp_driver_i2c.dir/i2c_master.c.obj
[864/1705] Building C object esp-idf/lvgl__lvgl/CMakeFiles/__idf_lvgl__lvgl.dir/src/core/lv_obj_id_builtin.c.obj
[865/1705] Building C object esp-idf/espressif__zlib/CMakeFiles/__idf_espressif__zlib.dir/zlib/trees.c.obj
[866/1705] Linking C static library esp-idf/esp_hal_lcd/libesp_hal_lcd.a
[867/1705] Linking C static library esp-idf/esp_driver_i2s/libesp_driver_i2s.a
[868/1705] Linking C static library esp-idf/esp_driver_i2c/libesp_driver_i2c.a
[869/1705] Linking C static library esp-idf/esp_driver_spi/libesp_driver_spi.a
[870/1705] Building C object esp-idf/lvgl__lvgl/CMakeFiles/__idf_lvgl__lvgl.dir/src/core/lv_obj_class.c.obj
[871/1705] Building C object esp-idf/driver/CMakeFiles/__idf_driver.dir/twai/twai.c.obj
[872/1705] Building C object esp-idf/lvgl__lvgl/CMakeFiles/__idf_lvgl__lvgl.dir/src/core/lv_obj_event.c.obj
[873/1705] Building C object esp-idf/lvgl__lvgl/CMakeFiles/__idf_lvgl__lvgl.dir/src/debugging/test/lv_test_display.c.obj
[874/1705] Building C object esp-idf/lvgl__lvgl/CMakeFiles/__idf_lvgl__lvgl.dir/src/debugging/test/lv_test_fs.c.obj
[875/1705] Building C object esp-idf/esp_lcd/CMakeFiles/__idf_esp_lcd.dir/spi/esp_lcd_panel_io_spi.c.obj
[876/1705] Building C object esp-idf/lvgl__lvgl/CMakeFiles/__idf_lvgl__lvgl.dir/src/debugging/monkey/lv_monkey.c.obj
[877/1705] Building C object esp-idf/lvgl__lvgl/CMakeFiles/__idf_lvgl__lvgl.dir/src/debugging/test/lv_test_helpers.c.obj
[878/1705] Building C object esp-idf/lvgl__lvgl/CMakeFiles/__idf_lvgl__lvgl.dir/src/debugging/test/lv_test_indev.c.obj
[879/1705] Building C object esp-idf/lvgl__lvgl/CMakeFiles/__idf_lvgl__lvgl.dir/src/debugging/sysmon/lv_sysmon.c.obj
[880/1705] Building C object esp-idf/lvgl__lvgl/CMakeFiles/__idf_lvgl__lvgl.dir/src/core/lv_group.c.obj
[881/1705] Building C object esp-idf/lvgl__lvgl/CMakeFiles/__idf_lvgl__lvgl.dir/src/debugging/test/lv_test_indev_gesture.c.obj
[882/1705] Building C object esp-idf/driver/CMakeFiles/__idf_driver.dir/touch_sensor/esp32s3/touch_sensor.c.obj
[883/1705] Building C object esp-idf/lvgl__lvgl/CMakeFiles/__idf_lvgl__lvgl.dir/src/debugging/vg_lite_tvg/vg_lite_matrix.c.obj
[884/1705] Building CXX object esp-idf/lvgl__lvgl/CMakeFiles/__idf_lvgl__lvgl.dir/src/debugging/vg_lite_tvg/vg_lite_tvg.cpp.obj
[885/1705] Building C object esp-idf/lvgl__lvgl/CMakeFiles/__idf_lvgl__lvgl.dir/src/debugging/test/lv_test_screenshot_compare.c.obj
[886/1705] Building C object esp-idf/lvgl__lvgl/CMakeFiles/__idf_lvgl__lvgl.dir/src/draw/convert/helium/lv_draw_buf_convert_helium.c.obj
[887/1705] Building C object esp-idf/espressif__zlib/CMakeFiles/__idf_espressif__zlib.dir/zlib/deflate.c.obj
[888/1705] Building C object esp-idf/espressif__zlib/CMakeFiles/__idf_espressif__zlib.dir/zlib/inflate.c.obj
[889/1705] Building C object esp-idf/lvgl__lvgl/CMakeFiles/__idf_lvgl__lvgl.dir/src/draw/espressif/ppa/lv_draw_ppa.c.obj
[890/1705] Building C object esp-idf/lvgl__lvgl/CMakeFiles/__idf_lvgl__lvgl.dir/src/draw/dma2d/lv_draw_dma2d_img.c.obj
[891/1705] Building C object esp-idf/lvgl__lvgl/CMakeFiles/__idf_lvgl__lvgl.dir/src/draw/espressif/ppa/lv_draw_ppa_buf.c.obj
[892/1705] Building C object esp-idf/lvgl__lvgl/CMakeFiles/__idf_lvgl__lvgl.dir/src/draw/convert/neon/lv_draw_buf_convert_neon.c.obj
[893/1705] Building C object esp-idf/lvgl__lvgl/CMakeFiles/__idf_lvgl__lvgl.dir/src/draw/dma2d/lv_draw_dma2d.c.obj
[894/1705] Building C object esp-idf/lvgl__lvgl/CMakeFiles/__idf_lvgl__lvgl.dir/src/draw/dma2d/lv_draw_dma2d_fill.c.obj
[895/1705] Building C object esp-idf/lvgl__lvgl/CMakeFiles/__idf_lvgl__lvgl.dir/src/draw/eve/lv_draw_eve.c.obj
[896/1705] Building C object esp-idf/lvgl__lvgl/CMakeFiles/__idf_lvgl__lvgl.dir/src/core/lv_obj_draw.c.obj
[897/1705] Building C object esp-idf/lvgl__lvgl/CMakeFiles/__idf_lvgl__lvgl.dir/src/draw/convert/lv_draw_buf_convert.c.obj
[898/1705] Building C object esp-idf/lvgl__lvgl/CMakeFiles/__idf_lvgl__lvgl.dir/src/draw/espressif/ppa/lv_draw_ppa_img.c.obj
[899/1705] Building C object esp-idf/lvgl__lvgl/CMakeFiles/__idf_lvgl__lvgl.dir/src/draw/espressif/ppa/lv_draw_ppa_fill.c.obj
[900/1705] Building C object esp-idf/lvgl__lvgl/CMakeFiles/__idf_lvgl__lvgl.dir/src/core/lv_obj.c.obj
[901/1705] Building C object esp-idf/lvgl__lvgl/CMakeFiles/__idf_lvgl__lvgl.dir/src/draw/eve/lv_draw_eve_fill.c.obj
[902/1705] Building C object esp-idf/lvgl__lvgl/CMakeFiles/__idf_lvgl__lvgl.dir/src/draw/eve/lv_draw_eve_arc.c.obj
[903/1705] Building C object esp-idf/lvgl__lvgl/CMakeFiles/__idf_lvgl__lvgl.dir/src/draw/eve/lv_draw_eve_image.c.obj
[904/1705] Building C object esp-idf/lvgl__lvgl/CMakeFiles/__idf_lvgl__lvgl.dir/src/draw/eve/lv_draw_eve_letter.c.obj
[905/1705] Building C object esp-idf/lvgl__lvgl/CMakeFiles/__idf_lvgl__lvgl.dir/src/draw/eve/lv_draw_eve_ram_g.c.obj
[906/1705] Building C object esp-idf/lvgl__lvgl/CMakeFiles/__idf_lvgl__lvgl.dir/src/draw/eve/lv_draw_eve_line.c.obj
[907/1705] Building C object esp-idf/lvgl__lvgl/CMakeFiles/__idf_lvgl__lvgl.dir/src/draw/eve/lv_draw_eve_triangle.c.obj
[908/1705] Building C object esp-idf/lvgl__lvgl/CMakeFiles/__idf_lvgl__lvgl.dir/src/draw/eve/lv_eve.c.obj
[909/1705] Building C object esp-idf/lvgl__lvgl/CMakeFiles/__idf_lvgl__lvgl.dir/src/draw/lv_draw_3d.c.obj
[910/1705] Building C object esp-idf/esp_lcd/CMakeFiles/__idf_esp_lcd.dir/i80/esp_lcd_panel_io_i80.c.obj
[911/1705] Building C object esp-idf/lvgl__lvgl/CMakeFiles/__idf_lvgl__lvgl.dir/src/core/lv_obj_style_gen.c.obj
[912/1705] Building C object esp-idf/lvgl__lvgl/CMakeFiles/__idf_lvgl__lvgl.dir/src/core/lv_obj_scroll.c.obj
[913/1705] Building C object esp-idf/lvgl__lvgl/CMakeFiles/__idf_lvgl__lvgl.dir/src/core/lv_obj_tree.c.obj
[914/1705] Building C object esp-idf/lvgl__lvgl/CMakeFiles/__idf_lvgl__lvgl.dir/src/draw/lv_draw_triangle.c.obj
[915/1705] Building C object esp-idf/lvgl__lvgl/CMakeFiles/__idf_lvgl__lvgl.dir/src/draw/nanovg/lv_draw_nanovg.c.obj
[916/1705] Building C object esp-idf/lvgl__lvgl/CMakeFiles/__idf_lvgl__lvgl.dir/src/draw/nanovg/lv_draw_nanovg_3d.c.obj
[917/1705] Building C object esp-idf/lvgl__lvgl/CMakeFiles/__idf_lvgl__lvgl.dir/src/draw/nanovg/lv_draw_nanovg_arc.c.obj
[918/1705] Building C object esp-idf/lvgl__lvgl/CMakeFiles/__idf_lvgl__lvgl.dir/src/draw/lv_draw_arc.c.obj
[919/1705] Building C object esp-idf/lvgl__lvgl/CMakeFiles/__idf_lvgl__lvgl.dir/src/draw/nanovg/lv_draw_nanovg_border.c.obj
[920/1705] Building C object esp-idf/lvgl__lvgl/CMakeFiles/__idf_lvgl__lvgl.dir/src/draw/nanovg/lv_draw_nanovg_box_shadow.c.obj
[921/1705] Building C object esp-idf/lvgl__lvgl/CMakeFiles/__idf_lvgl__lvgl.dir/src/draw/lv_draw_vector.c.obj
[922/1705] Building C object esp-idf/lvgl__lvgl/CMakeFiles/__idf_lvgl__lvgl.dir/src/core/lv_observer.c.obj
[923/1705] Building C object esp-idf/lvgl__lvgl/CMakeFiles/__idf_lvgl__lvgl.dir/src/draw/lv_draw_blur.c.obj
[924/1705] Building C object esp-idf/lvgl__lvgl/CMakeFiles/__idf_lvgl__lvgl.dir/src/draw/lv_draw_line.c.obj
[925/1705] Building C object esp-idf/lvgl__lvgl/CMakeFiles/__idf_lvgl__lvgl.dir/src/draw/nanovg/lv_draw_nanovg_grad.c.obj
[926/1705] Building C object esp-idf/lvgl__lvgl/CMakeFiles/__idf_lvgl__lvgl.dir/src/draw/nanovg/lv_draw_nanovg_fill.c.obj
[927/1705] Building C object esp-idf/lvgl__lvgl/CMakeFiles/__idf_lvgl__lvgl.dir/src/draw/nanovg/lv_draw_nanovg_label.c.obj
[928/1705] Building C object esp-idf/lvgl__lvgl/CMakeFiles/__idf_lvgl__lvgl.dir/src/draw/nanovg/lv_draw_nanovg_image.c.obj
[929/1705] Building C object esp-idf/lvgl__lvgl/CMakeFiles/__idf_lvgl__lvgl.dir/src/draw/lv_draw_rect.c.obj
[930/1705] Building C object esp-idf/lvgl__lvgl/CMakeFiles/__idf_lvgl__lvgl.dir/src/draw/nanovg/lv_draw_nanovg_layer.c.obj
[931/1705] Building C object esp-idf/lvgl__lvgl/CMakeFiles/__idf_lvgl__lvgl.dir/src/draw/nanovg/lv_draw_nanovg_line.c.obj
[932/1705] Building C object esp-idf/lvgl__lvgl/CMakeFiles/__idf_lvgl__lvgl.dir/src/draw/nanovg/lv_draw_nanovg_mask_rect.c.obj
[933/1705] Building C object esp-idf/lvgl__lvgl/CMakeFiles/__idf_lvgl__lvgl.dir/src/draw/nanovg/lv_draw_nanovg_triangle.c.obj
[934/1705] Building C object esp-idf/lvgl__lvgl/CMakeFiles/__idf_lvgl__lvgl.dir/src/draw/nanovg/lv_draw_nanovg_vector.c.obj
[935/1705] Building C object esp-idf/lvgl__lvgl/CMakeFiles/__idf_lvgl__lvgl.dir/src/draw/nanovg/lv_nanovg_utils.c.obj
[936/1705] Building C object esp-idf/lvgl__lvgl/CMakeFiles/__idf_lvgl__lvgl.dir/src/draw/lv_draw_image.c.obj
[937/1705] Building C object esp-idf/lvgl__lvgl/CMakeFiles/__idf_lvgl__lvgl.dir/src/draw/nanovg/lv_nanovg_fbo_cache.c.obj
[938/1705] Building C object esp-idf/lvgl__lvgl/CMakeFiles/__idf_lvgl__lvgl.dir/src/draw/nanovg/lv_nanovg_image_cache.c.obj
[939/1705] Building C object esp-idf/lvgl__lvgl/CMakeFiles/__idf_lvgl__lvgl.dir/src/draw/lv_draw_mask.c.obj
[940/1705] Building C object esp-idf/lvgl__lvgl/CMakeFiles/__idf_lvgl__lvgl.dir/src/draw/nema_gfx/lv_draw_nema_gfx_label.c.obj
[941/1705] Building C object esp-idf/lvgl__lvgl/CMakeFiles/__idf_lvgl__lvgl.dir/src/draw/nema_gfx/lv_draw_nema_gfx_triangle.c.obj
[942/1705] Building C object esp-idf/lvgl__lvgl/CMakeFiles/__idf_lvgl__lvgl.dir/src/draw/nema_gfx/lv_draw_nema_gfx_arc.c.obj
[943/1705] Building C object esp-idf/lvgl__lvgl/CMakeFiles/__idf_lvgl__lvgl.dir/src/draw/nema_gfx/lv_draw_nema_gfx_border.c.obj
[944/1705] Building C object esp-idf/lvgl__lvgl/CMakeFiles/__idf_lvgl__lvgl.dir/src/draw/nema_gfx/lv_draw_nema_gfx_img.c.obj
[945/1705] Building C object esp-idf/lvgl__lvgl/CMakeFiles/__idf_lvgl__lvgl.dir/src/draw/nema_gfx/lv_draw_nema_gfx_stm32_hal.c.obj
[946/1705] Building C object esp-idf/lvgl__lvgl/CMakeFiles/__idf_lvgl__lvgl.dir/src/draw/nema_gfx/lv_draw_nema_gfx_fill.c.obj
[947/1705] Building C object esp-idf/lvgl__lvgl/CMakeFiles/__idf_lvgl__lvgl.dir/src/draw/nema_gfx/lv_draw_nema_gfx_layer.c.obj
[948/1705] Building C object esp-idf/lvgl__lvgl/CMakeFiles/__idf_lvgl__lvgl.dir/src/draw/nema_gfx/lv_draw_nema_gfx_utils.c.obj
[949/1705] Building C object esp-idf/lvgl__lvgl/CMakeFiles/__idf_lvgl__lvgl.dir/src/draw/nema_gfx/lv_draw_nema_gfx_line.c.obj
[950/1705] Building C object esp-idf/lvgl__lvgl/CMakeFiles/__idf_lvgl__lvgl.dir/src/draw/lv_image_decoder.c.obj
[951/1705] Building C object esp-idf/lvgl__lvgl/CMakeFiles/__idf_lvgl__lvgl.dir/src/draw/nxp/g2d/lv_draw_g2d.c.obj
[952/1705] Building C object esp-idf/lvgl__lvgl/CMakeFiles/__idf_lvgl__lvgl.dir/src/draw/nema_gfx/lv_draw_nema_gfx.c.obj
[953/1705] Building C object esp-idf/lvgl__lvgl/CMakeFiles/__idf_lvgl__lvgl.dir/src/draw/nema_gfx/lv_draw_nema_gfx_vector.c.obj
[954/1705] Building C object esp-idf/lvgl__lvgl/CMakeFiles/__idf_lvgl__lvgl.dir/src/draw/nxp/g2d/lv_g2d_utils.c.obj
[955/1705] Building C object esp-idf/driver/CMakeFiles/__idf_driver.dir/i2c/i2c.c.obj
[956/1705] Building C object esp-idf/lvgl__lvgl/CMakeFiles/__idf_lvgl__lvgl.dir/src/draw/nxp/g2d/lv_g2d_buf_map.c.obj
[957/1705] Building C object esp-idf/lvgl__lvgl/CMakeFiles/__idf_lvgl__lvgl.dir/src/draw/nxp/pxp/lv_draw_buf_pxp.c.obj
[958/1705] Building C object esp-idf/lvgl__lvgl/CMakeFiles/__idf_lvgl__lvgl.dir/src/draw/nxp/pxp/lv_draw_pxp_fill.c.obj
[959/1705] Building C object esp-idf/lvgl__lvgl/CMakeFiles/__idf_lvgl__lvgl.dir/src/draw/nxp/g2d/lv_draw_g2d_img.c.obj
[960/1705] Building C object esp-idf/lvgl__lvgl/CMakeFiles/__idf_lvgl__lvgl.dir/src/draw/nxp/g2d/lv_draw_buf_g2d.c.obj
[961/1705] Building C object esp-idf/lvgl__lvgl/CMakeFiles/__idf_lvgl__lvgl.dir/src/draw/nxp/g2d/lv_draw_g2d_fill.c.obj
[962/1705] Building C object esp-idf/lvgl__lvgl/CMakeFiles/__idf_lvgl__lvgl.dir/src/draw/nxp/pxp/lv_draw_pxp.c.obj
[963/1705] Building C object esp-idf/lvgl__lvgl/CMakeFiles/__idf_lvgl__lvgl.dir/src/draw/nxp/pxp/lv_pxp_osa.c.obj
[964/1705] Building C object esp-idf/lvgl__lvgl/CMakeFiles/__idf_lvgl__lvgl.dir/src/draw/nxp/pxp/lv_draw_pxp_img.c.obj
[965/1705] Building C object esp-idf/lvgl__lvgl/CMakeFiles/__idf_lvgl__lvgl.dir/src/draw/nxp/pxp/lv_pxp_utils.c.obj
[966/1705] Building C object esp-idf/lvgl__lvgl/CMakeFiles/__idf_lvgl__lvgl.dir/src/draw/nxp/pxp/lv_pxp_cfg.c.obj
[967/1705] Building C object esp-idf/lvgl__lvgl/CMakeFiles/__idf_lvgl__lvgl.dir/src/draw/nxp/pxp/lv_draw_pxp_layer.c.obj
[968/1705] Building C object esp-idf/lvgl__lvgl/CMakeFiles/__idf_lvgl__lvgl.dir/src/draw/opengles/lv_draw_opengles.c.obj
[969/1705] Building C object esp-idf/lvgl__lvgl/CMakeFiles/__idf_lvgl__lvgl.dir/src/draw/renesas/dave2d/lv_draw_dave2d.c.obj
[970/1705] Building C object esp-idf/lvgl__lvgl/CMakeFiles/__idf_lvgl__lvgl.dir/src/draw/nema_gfx/lv_nema_gfx_path.c.obj
[971/1705] Building C object esp-idf/lvgl__lvgl/CMakeFiles/__idf_lvgl__lvgl.dir/src/draw/renesas/dave2d/lv_draw_dave2d_fill.c.obj
[972/1705] Building C object esp-idf/lvgl__lvgl/CMakeFiles/__idf_lvgl__lvgl.dir/src/draw/renesas/dave2d/lv_draw_dave2d_arc.c.obj
[973/1705] Building C object esp-idf/lvgl__lvgl/CMakeFiles/__idf_lvgl__lvgl.dir/src/draw/renesas/dave2d/lv_draw_dave2d_label.c.obj
[974/1705] Building C object esp-idf/lvgl__lvgl/CMakeFiles/__idf_lvgl__lvgl.dir/src/draw/renesas/dave2d/lv_draw_dave2d_image.c.obj
[975/1705] Building C object esp-idf/lvgl__lvgl/CMakeFiles/__idf_lvgl__lvgl.dir/src/draw/renesas/dave2d/lv_draw_dave2d_border.c.obj
[976/1705] Building C object esp-idf/lvgl__lvgl/CMakeFiles/__idf_lvgl__lvgl.dir/src/draw/renesas/dave2d/lv_draw_dave2d_line.c.obj
[977/1705] Building C object esp-idf/lvgl__lvgl/CMakeFiles/__idf_lvgl__lvgl.dir/src/draw/renesas/dave2d/lv_draw_dave2d_mask_rectangle.c.obj
[978/1705] Building C object esp-idf/lvgl__lvgl/CMakeFiles/__idf_lvgl__lvgl.dir/src/draw/renesas/dave2d/lv_draw_dave2d_utils.c.obj
[979/1705] Building C object esp-idf/lvgl__lvgl/CMakeFiles/__idf_lvgl__lvgl.dir/src/draw/renesas/dave2d/lv_draw_dave2d_triangle.c.obj
[980/1705] Building C object esp-idf/lvgl__lvgl/CMakeFiles/__idf_lvgl__lvgl.dir/src/core/lv_obj_style.c.obj
[981/1705] Building C object esp-idf/lvgl__lvgl/CMakeFiles/__idf_lvgl__lvgl.dir/src/draw/lv_draw_buf.c.obj
[982/1705] Building C object esp-idf/lvgl__lvgl/CMakeFiles/__idf_lvgl__lvgl.dir/src/draw/lv_draw.c.obj
[983/1705] Building C object esp-idf/lvgl__lvgl/CMakeFiles/__idf_lvgl__lvgl.dir/src/core/lv_refr.c.obj
[984/1705] Building C object esp-idf/lvgl__lvgl/CMakeFiles/__idf_lvgl__lvgl.dir/src/draw/sw/blend/riscv_v/lv_draw_sw_blend_riscv_v_to_rgb888.c.obj
[985/1705] Building C object esp-idf/lvgl__lvgl/CMakeFiles/__idf_lvgl__lvgl.dir/src/draw/sw/blend/lv_draw_sw_blend_to_al88.c.obj
[986/1705] Building C object esp-idf/lvgl__lvgl/CMakeFiles/__idf_lvgl__lvgl.dir/src/draw/sw/blend/lv_draw_sw_blend_to_argb8888_premultiplied.c.obj
[987/1705] Building C object esp-idf/lvgl__lvgl/CMakeFiles/__idf_lvgl__lvgl.dir/src/draw/sw/blend/neon/lv_draw_sw_blend_neon_to_rgb888.c.obj
[988/1705] Building C object esp-idf/lvgl__lvgl/CMakeFiles/__idf_lvgl__lvgl.dir/src/draw/sw/blend/lv_draw_sw_blend_to_l8.c.obj
[989/1705] Building C object esp-idf/lvgl__lvgl/CMakeFiles/__idf_lvgl__lvgl.dir/src/draw/sw/blend/lv_draw_sw_blend_to_rgb888.c.obj
[990/1705] Building C object esp-idf/lvgl__lvgl/CMakeFiles/__idf_lvgl__lvgl.dir/src/draw/lv_draw_label.c.obj
[991/1705] Building C object esp-idf/lvgl__lvgl/CMakeFiles/__idf_lvgl__lvgl.dir/src/draw/sw/blend/neon/lv_draw_sw_blend_neon_to_rgb565.c.obj
[992/1705] Building C object esp-idf/lvgl__lvgl/CMakeFiles/__idf_lvgl__lvgl.dir/src/display/lv_display.c.obj
[993/1705] Building C object esp-idf/lvgl__lvgl/CMakeFiles/__idf_lvgl__lvgl.dir/src/draw/sdl/lv_draw_sdl.c.obj
[994/1705] Building C object esp-idf/lvgl__lvgl/CMakeFiles/__idf_lvgl__lvgl.dir/src/draw/sw/blend/lv_draw_sw_blend.c.obj
[995/1705] Building C object esp-idf/lvgl__lvgl/CMakeFiles/__idf_lvgl__lvgl.dir/src/draw/snapshot/lv_snapshot.c.obj
[996/1705] Building C object esp-idf/lvgl__lvgl/CMakeFiles/__idf_lvgl__lvgl.dir/src/draw/sw/lv_draw_sw_grad.c.obj
[997/1705] Building C object esp-idf/lvgl__lvgl/CMakeFiles/__idf_lvgl__lvgl.dir/src/draw/sw/lv_draw_sw_border.c.obj
[998/1705] Building C object esp-idf/lvgl__lvgl/CMakeFiles/__idf_lvgl__lvgl.dir/src/draw/sw/lv_draw_sw.c.obj
[999/1705] Building C object esp-idf/lvgl__lvgl/CMakeFiles/__idf_lvgl__lvgl.dir/src/draw/sw/blend/lv_draw_sw_blend_to_a8.c.obj
[1000/1705] Building C object esp-idf/lvgl__lvgl/CMakeFiles/__idf_lvgl__lvgl.dir/src/core/lv_obj_pos.c.obj
[1001/1705] Building C object esp-idf/lvgl__lvgl/CMakeFiles/__idf_lvgl__lvgl.dir/src/draw/sw/lv_draw_sw_fill.c.obj
[1002/1705] Building C object esp-idf/lvgl__lvgl/CMakeFiles/__idf_lvgl__lvgl.dir/src/draw/sw/lv_draw_sw_mask_rect.c.obj
[1003/1705] Building C object esp-idf/lvgl__lvgl/CMakeFiles/__idf_lvgl__lvgl.dir/src/draw/sw/lv_draw_sw_arc.c.obj
[1004/1705] Building C object esp-idf/lvgl__lvgl/CMakeFiles/__idf_lvgl__lvgl.dir/src/draw/vg_lite/lv_draw_buf_vg_lite.c.obj
[1005/1705] Building C object esp-idf/lvgl__lvgl/CMakeFiles/__idf_lvgl__lvgl.dir/src/draw/sw/lv_draw_sw_letter.c.obj
[1006/1705] Building C object esp-idf/lvgl__lvgl/CMakeFiles/__idf_lvgl__lvgl.dir/src/draw/vg_lite/lv_draw_vg_lite_arc.c.obj
[1007/1705] Building C object esp-idf/lvgl__lvgl/CMakeFiles/__idf_lvgl__lvgl.dir/src/draw/sw/lv_draw_sw_line.c.obj
[1008/1705] Building C object esp-idf/lvgl__lvgl/CMakeFiles/__idf_lvgl__lvgl.dir/src/draw/vg_lite/lv_draw_vg_lite.c.obj
[1009/1705] Building C object esp-idf/lvgl__lvgl/CMakeFiles/__idf_lvgl__lvgl.dir/src/draw/vg_lite/lv_draw_vg_lite_border.c.obj
[1010/1705] Building C object esp-idf/lvgl__lvgl/CMakeFiles/__idf_lvgl__lvgl.dir/src/draw/vg_lite/lv_draw_vg_lite_fill.c.obj
[1011/1705] Building C object esp-idf/lvgl__lvgl/CMakeFiles/__idf_lvgl__lvgl.dir/src/draw/vg_lite/lv_draw_vg_lite_box_shadow.c.obj
[1012/1705] Building C object esp-idf/lvgl__lvgl/CMakeFiles/__idf_lvgl__lvgl.dir/src/draw/vg_lite/lv_draw_vg_lite_img.c.obj
[1013/1705] Building C object esp-idf/lvgl__lvgl/CMakeFiles/__idf_lvgl__lvgl.dir/src/draw/vg_lite/lv_draw_vg_lite_label.c.obj
[1014/1705] Building C object esp-idf/lvgl__lvgl/CMakeFiles/__idf_lvgl__lvgl.dir/src/draw/vg_lite/lv_draw_vg_lite_mask_rect.c.obj
[1015/1705] Building C object esp-idf/lvgl__lvgl/CMakeFiles/__idf_lvgl__lvgl.dir/src/draw/vg_lite/lv_draw_vg_lite_line.c.obj
[1016/1705] Building C object esp-idf/lvgl__lvgl/CMakeFiles/__idf_lvgl__lvgl.dir/src/draw/sw/lv_draw_sw_blur.c.obj
[1017/1705] Building C object esp-idf/lvgl__lvgl/CMakeFiles/__idf_lvgl__lvgl.dir/src/draw/vg_lite/lv_draw_vg_lite_layer.c.obj
[1018/1705] Building C object esp-idf/lvgl__lvgl/CMakeFiles/__idf_lvgl__lvgl.dir/src/draw/vg_lite/lv_vg_lite_decoder.c.obj
[1019/1705] Building C object esp-idf/lvgl__lvgl/CMakeFiles/__idf_lvgl__lvgl.dir/src/draw/vg_lite/lv_vg_lite_math.c.obj
[1020/1705] Building C object esp-idf/lvgl__lvgl/CMakeFiles/__idf_lvgl__lvgl.dir/src/draw/vg_lite/lv_vg_lite_grad.c.obj
[1021/1705] Building C object esp-idf/lvgl__lvgl/CMakeFiles/__idf_lvgl__lvgl.dir/src/draw/vg_lite/lv_vg_lite_bitmap_font_cache.c.obj
[1022/1705] Building C object esp-idf/lvgl__lvgl/CMakeFiles/__idf_lvgl__lvgl.dir/src/draw/vg_lite/lv_draw_vg_lite_vector.c.obj
[1023/1705] Building C object esp-idf/esp_lcd/CMakeFiles/__idf_esp_lcd.dir/rgb/esp_lcd_panel_rgb.c.obj
[1024/1705] Building C object esp-idf/lvgl__lvgl/CMakeFiles/__idf_lvgl__lvgl.dir/src/draw/vg_lite/lv_draw_vg_lite_triangle.c.obj
[1025/1705] Building C object esp-idf/lvgl__lvgl/CMakeFiles/__idf_lvgl__lvgl.dir/src/draw/sw/lv_draw_sw_vector.c.obj
[1026/1705] Building C object esp-idf/lvgl__lvgl/CMakeFiles/__idf_lvgl__lvgl.dir/src/draw/vg_lite/lv_vg_lite_stroke.c.obj
[1027/1705] Building C object esp-idf/lvgl__lvgl/CMakeFiles/__idf_lvgl__lvgl.dir/src/draw/vg_lite/lv_vg_lite_path.c.obj
[1028/1705] Building C object esp-idf/lvgl__lvgl/CMakeFiles/__idf_lvgl__lvgl.dir/src/draw/vg_lite/lv_vg_lite_pending.c.obj
[1029/1705] Building C object esp-idf/lvgl__lvgl/CMakeFiles/__idf_lvgl__lvgl.dir/src/draw/vg_lite/lv_vg_lite_utils.c.obj
[1030/1705] Building C object esp-idf/lvgl__lvgl/CMakeFiles/__idf_lvgl__lvgl.dir/src/drivers/display/drm/lv_linux_drm.c.obj
[1031/1705] Building C object esp-idf/lvgl__lvgl/CMakeFiles/__idf_lvgl__lvgl.dir/src/draw/sw/lv_draw_sw_box_shadow.c.obj
[1032/1705] Building C object esp-idf/lvgl__lvgl/CMakeFiles/__idf_lvgl__lvgl.dir/src/drivers/display/fb/lv_linux_fbdev.c.obj
[1033/1705] Building C object esp-idf/lvgl__lvgl/CMakeFiles/__idf_lvgl__lvgl.dir/src/drivers/display/ft81x/lv_ft81x.c.obj
[1034/1705] Building C object esp-idf/lvgl__lvgl/CMakeFiles/__idf_lvgl__lvgl.dir/src/drivers/display/ili9341/lv_ili9341.c.obj
[1035/1705] Building C object esp-idf/lvgl__lvgl/CMakeFiles/__idf_lvgl__lvgl.dir/src/drivers/display/drm/lv_linux_drm_egl.c.obj
[1036/1705] Building C object esp-idf/lvgl__lvgl/CMakeFiles/__idf_lvgl__lvgl.dir/src/drivers/display/nv3007/lv_nv3007.c.obj
[1037/1705] Building C object esp-idf/lvgl__lvgl/CMakeFiles/__idf_lvgl__lvgl.dir/src/drivers/display/lcd/lv_lcd_generic_mipi.c.obj
[1038/1705] Building CXX object esp-idf/lvgl__lvgl/CMakeFiles/__idf_lvgl__lvgl.dir/src/drivers/display/lovyan_gfx/lv_lovyan_gfx.cpp.obj
[1039/1705] Building C object esp-idf/lvgl__lvgl/CMakeFiles/__idf_lvgl__lvgl.dir/src/draw/sw/lv_draw_sw_utils.c.obj
[1040/1705] Building C object esp-idf/lvgl__lvgl/CMakeFiles/__idf_lvgl__lvgl.dir/src/drivers/display/st_ltdc/lv_st_ltdc.c.obj
[1041/1705] Building C object esp-idf/lvgl__lvgl/CMakeFiles/__idf_lvgl__lvgl.dir/src/drivers/display/drm/lv_linux_drm_common.c.obj
[1042/1705] Building C object esp-idf/lvgl__lvgl/CMakeFiles/__idf_lvgl__lvgl.dir/src/drivers/display/renesas_glcdc/lv_renesas_glcdc.c.obj
[1043/1705] Building C object esp-idf/lvgl__lvgl/CMakeFiles/__idf_lvgl__lvgl.dir/src/drivers/display/st7789/lv_st7789.c.obj
[1044/1705] Building C object esp-idf/lvgl__lvgl/CMakeFiles/__idf_lvgl__lvgl.dir/src/draw/sw/blend/lv_draw_sw_blend_to_i1.c.obj
[1045/1705] Building C object esp-idf/lvgl__lvgl/CMakeFiles/__idf_lvgl__lvgl.dir/src/draw/sw/blend/lv_draw_sw_blend_to_argb8888.c.obj
[1046/1705] Building C object esp-idf/lvgl__lvgl/CMakeFiles/__idf_lvgl__lvgl.dir/src/drivers/display/st7735/lv_st7735.c.obj
[1047/1705] Building C object esp-idf/lvgl__lvgl/CMakeFiles/__idf_lvgl__lvgl.dir/src/draw/sw/lv_draw_sw_triangle.c.obj
[1048/1705] Building C object esp-idf/lvgl__lvgl/CMakeFiles/__idf_lvgl__lvgl.dir/src/drivers/libinput/lv_xkb.c.obj
[1049/1705] Building C object esp-idf/lvgl__lvgl/CMakeFiles/__idf_lvgl__lvgl.dir/src/drivers/draw/eve/lv_draw_eve_display.c.obj
[1050/1705] Building CXX object esp-idf/lvgl__lvgl/CMakeFiles/__idf_lvgl__lvgl.dir/src/drivers/display/tft_espi/lv_tft_espi.cpp.obj
[1051/1705] Building C object esp-idf/lvgl__lvgl/CMakeFiles/__idf_lvgl__lvgl.dir/src/drivers/evdev/lv_evdev.c.obj
[1052/1705] Building C object esp-idf/lvgl__lvgl/CMakeFiles/__idf_lvgl__lvgl.dir/src/draw/sw/lv_draw_sw_transform.c.obj
[1053/1705] Building C object esp-idf/lvgl__lvgl/CMakeFiles/__idf_lvgl__lvgl.dir/src/drivers/display/st7796/lv_st7796.c.obj
[1054/1705] Building C object esp-idf/lvgl__lvgl/CMakeFiles/__idf_lvgl__lvgl.dir/src/draw/sw/blend/lv_draw_sw_blend_to_rgb565.c.obj
[1055/1705] Building C object esp-idf/lvgl__lvgl/CMakeFiles/__idf_lvgl__lvgl.dir/src/drivers/nuttx/lv_nuttx_profiler.c.obj
[1056/1705] Building C object esp-idf/lvgl__lvgl/CMakeFiles/__idf_lvgl__lvgl.dir/src/drivers/nuttx/lv_nuttx_entry.c.obj
[1057/1705] Building C object esp-idf/lvgl__lvgl/CMakeFiles/__idf_lvgl__lvgl.dir/src/drivers/nuttx/lv_nuttx_lcd.c.obj
[1058/1705] Building C object esp-idf/lvgl__lvgl/CMakeFiles/__idf_lvgl__lvgl.dir/src/drivers/nuttx/lv_nuttx_fbdev.c.obj
[1059/1705] Building C object esp-idf/lvgl__lvgl/CMakeFiles/__idf_lvgl__lvgl.dir/src/drivers/nuttx/lv_nuttx_mouse.c.obj
[1060/1705] Building C object esp-idf/lvgl__lvgl/CMakeFiles/__idf_lvgl__lvgl.dir/src/drivers/nuttx/lv_nuttx_touchscreen.c.obj
[1061/1705] Building C object esp-idf/lvgl__lvgl/CMakeFiles/__idf_lvgl__lvgl.dir/src/drivers/opengles/assets/lv_opengles_shader.c.obj
[1062/1705] Building C object esp-idf/lvgl__lvgl/CMakeFiles/__idf_lvgl__lvgl.dir/src/drivers/opengles/glad/src/egl.c.obj
[1063/1705] Building C object esp-idf/lvgl__lvgl/CMakeFiles/__idf_lvgl__lvgl.dir/src/drivers/libinput/lv_libinput.c.obj
[1064/1705] Building C object esp-idf/lvgl__lvgl/CMakeFiles/__idf_lvgl__lvgl.dir/src/drivers/opengles/glad/src/gl.c.obj
[1065/1705] Building C object esp-idf/lvgl__lvgl/CMakeFiles/__idf_lvgl__lvgl.dir/src/drivers/opengles/glad/src/gles2.c.obj
[1066/1705] Building C object esp-idf/lvgl__lvgl/CMakeFiles/__idf_lvgl__lvgl.dir/src/drivers/opengles/lv_opengles_debug.c.obj
[1067/1705] Building C object esp-idf/lvgl__lvgl/CMakeFiles/__idf_lvgl__lvgl.dir/src/drivers/opengles/opengl_shader/lv_opengl_shader_manager.c.obj
[1068/1705] Building C object esp-idf/lvgl__lvgl/CMakeFiles/__idf_lvgl__lvgl.dir/src/drivers/opengles/lv_opengles_egl.c.obj
[1069/1705] Building C object esp-idf/lvgl__lvgl/CMakeFiles/__idf_lvgl__lvgl.dir/src/drivers/opengles/lv_opengles_driver.c.obj
[1070/1705] Building C object esp-idf/lvgl__lvgl/CMakeFiles/__idf_lvgl__lvgl.dir/src/drivers/opengles/lv_opengles_texture.c.obj
[1071/1705] Building C object esp-idf/lvgl__lvgl/CMakeFiles/__idf_lvgl__lvgl.dir/src/drivers/opengles/opengl_shader/lv_opengl_shader_program.c.obj
[1072/1705] Building C object esp-idf/lvgl__lvgl/CMakeFiles/__idf_lvgl__lvgl.dir/src/drivers/opengles/lv_opengles_glfw.c.obj
[1073/1705] Building C object esp-idf/lvgl__lvgl/CMakeFiles/__idf_lvgl__lvgl.dir/src/drivers/sdl/lv_sdl_egl.c.obj
[1074/1705] Building C object esp-idf/lvgl__lvgl/CMakeFiles/__idf_lvgl__lvgl.dir/src/drivers/sdl/lv_sdl_mouse.c.obj
[1075/1705] Building C object esp-idf/lvgl__lvgl/CMakeFiles/__idf_lvgl__lvgl.dir/src/drivers/sdl/lv_sdl_sw.c.obj
[1076/1705] Building C object esp-idf/lvgl__lvgl/CMakeFiles/__idf_lvgl__lvgl.dir/src/drivers/qnx/lv_qnx.c.obj
[1077/1705] Building C object esp-idf/lvgl__lvgl/CMakeFiles/__idf_lvgl__lvgl.dir/src/drivers/sdl/lv_sdl_window.c.obj
[1078/1705] Building C object esp-idf/lvgl__lvgl/CMakeFiles/__idf_lvgl__lvgl.dir/src/drivers/sdl/lv_sdl_keyboard.c.obj
[1079/1705] Building C object esp-idf/lvgl__lvgl/CMakeFiles/__idf_lvgl__lvgl.dir/src/drivers/sdl/lv_sdl_mousewheel.c.obj
[1080/1705] Building C object esp-idf/lvgl__lvgl/CMakeFiles/__idf_lvgl__lvgl.dir/src/draw/sw/lv_draw_sw_img.c.obj
[1081/1705] Building C object esp-idf/lvgl__lvgl/CMakeFiles/__idf_lvgl__lvgl.dir/src/drivers/sdl/lv_sdl_texture.c.obj
[1082/1705] Building C object esp-idf/lvgl__lvgl/CMakeFiles/__idf_lvgl__lvgl.dir/src/drivers/wayland/lv_wayland.c.obj
[1083/1705] Building C object esp-idf/lvgl__lvgl/CMakeFiles/__idf_lvgl__lvgl.dir/src/drivers/wayland/lv_wl_egl_backend.c.obj
[1084/1705] Building C object esp-idf/lvgl__lvgl/CMakeFiles/__idf_lvgl__lvgl.dir/src/drivers/wayland/lv_wl_g2d_backend.c.obj
[1085/1705] Building C object esp-idf/lvgl__lvgl/CMakeFiles/__idf_lvgl__lvgl.dir/src/drivers/display/nxp_elcdif/lv_nxp_elcdif.c.obj
[1086/1705] Building C object esp-idf/lvgl__lvgl/CMakeFiles/__idf_lvgl__lvgl.dir/src/draw/sw/blend/lv_draw_sw_blend_to_rgb565_swapped.c.obj
[1087/1705] Building C object esp-idf/lvgl__lvgl/CMakeFiles/__idf_lvgl__lvgl.dir/src/drivers/wayland/lv_wl_seat.c.obj
[1088/1705] Building C object esp-idf/lvgl__lvgl/CMakeFiles/__idf_lvgl__lvgl.dir/src/drivers/wayland/lv_wl_xdg_shell.c.obj
[1089/1705] Building C object esp-idf/lvgl__lvgl/CMakeFiles/__idf_lvgl__lvgl.dir/src/drivers/wayland/lv_wl_shm_backend.c.obj
[1090/1705] Building C object esp-idf/lvgl__lvgl/CMakeFiles/__idf_lvgl__lvgl.dir/src/drivers/windows/lv_windows_context.c.obj
[1091/1705] Building C object esp-idf/lvgl__lvgl/CMakeFiles/__idf_lvgl__lvgl.dir/src/drivers/windows/lv_windows_input.c.obj
[1092/1705] Building C object esp-idf/lvgl__lvgl/CMakeFiles/__idf_lvgl__lvgl.dir/src/drivers/x11/lv_x11_display.c.obj
[1093/1705] Building C object esp-idf/lvgl__lvgl/CMakeFiles/__idf_lvgl__lvgl.dir/src/drivers/x11/lv_x11_input.c.obj
[1094/1705] Building C object esp-idf/lvgl__lvgl/CMakeFiles/__idf_lvgl__lvgl.dir/src/drivers/nuttx/lv_nuttx_cache.c.obj
[1095/1705] Building C object esp-idf/lvgl__lvgl/CMakeFiles/__idf_lvgl__lvgl.dir/src/drivers/wayland/lv_wl_keyboard.c.obj
[1096/1705] Building C object esp-idf/lvgl__lvgl/CMakeFiles/__idf_lvgl__lvgl.dir/src/drivers/wayland/lv_wl_touch.c.obj
[1097/1705] Building C object esp-idf/lvgl__lvgl/CMakeFiles/__idf_lvgl__lvgl.dir/src/draw/sw/lv_draw_sw_mask.c.obj
[1098/1705] Building C object esp-idf/lvgl__lvgl/CMakeFiles/__idf_lvgl__lvgl.dir/src/drivers/wayland/lv_wl_window.c.obj
[1099/1705] Building C object esp-idf/lvgl__lvgl/CMakeFiles/__idf_lvgl__lvgl.dir/src/drivers/wayland/lv_wl_pointer.c.obj
[1100/1705] Building C object esp-idf/lvgl__lvgl/CMakeFiles/__idf_lvgl__lvgl.dir/src/drivers/windows/lv_windows_display.c.obj
[1101/1705] Building C object esp-idf/lvgl__lvgl/CMakeFiles/__idf_lvgl__lvgl.dir/src/font/font_manager/lv_font_manager_recycle.c.obj
[1102/1705] Building C object esp-idf/lvgl__lvgl/CMakeFiles/__idf_lvgl__lvgl.dir/src/drivers/nuttx/lv_nuttx_libuv.c.obj
[1103/1705] Building C object esp-idf/lvgl__lvgl/CMakeFiles/__idf_lvgl__lvgl.dir/src/drivers/nuttx/lv_nuttx_image_cache.c.obj
[1104/1705] Building C object esp-idf/lvgl__lvgl/CMakeFiles/__idf_lvgl__lvgl.dir/src/font/font_manager/lv_font_manager.c.obj
[1105/1705] Building C object esp-idf/lvgl__lvgl/CMakeFiles/__idf_lvgl__lvgl.dir/src/drivers/uefi/lv_uefi_context.c.obj
[1106/1705] Building C object esp-idf/lvgl__lvgl/CMakeFiles/__idf_lvgl__lvgl.dir/src/drivers/uefi/lv_uefi_display.c.obj
[1107/1705] Building C object esp-idf/lvgl__lvgl/CMakeFiles/__idf_lvgl__lvgl.dir/src/drivers/uefi/lv_uefi_indev_pointer.c.obj
[1108/1705] Building C object esp-idf/lvgl__lvgl/CMakeFiles/__idf_lvgl__lvgl.dir/src/drivers/uefi/lv_uefi_private.c.obj
[1109/1705] Building C object esp-idf/lvgl__lvgl/CMakeFiles/__idf_lvgl__lvgl.dir/src/drivers/uefi/lv_uefi_indev_touch.c.obj
[1110/1705] Building C object esp-idf/lvgl__lvgl/CMakeFiles/__idf_lvgl__lvgl.dir/src/drivers/uefi/lv_uefi_indev_keyboard.c.obj
[1111/1705] Building C object esp-idf/lvgl__lvgl/CMakeFiles/__idf_lvgl__lvgl.dir/src/font/lv_font.c.obj
[1112/1705] Building C object esp-idf/lvgl__lvgl/CMakeFiles/__idf_lvgl__lvgl.dir/src/font/lv_font_montserrat_10.c.obj
[1113/1705] Building C object esp-idf/lvgl__lvgl/CMakeFiles/__idf_lvgl__lvgl.dir/src/font/lv_font_montserrat_12.c.obj
[1114/1705] Building C object esp-idf/lvgl__lvgl/CMakeFiles/__idf_lvgl__lvgl.dir/src/font/imgfont/lv_imgfont.c.obj
[1115/1705] Building C object esp-idf/lvgl__lvgl/CMakeFiles/__idf_lvgl__lvgl.dir/src/font/lv_font_dejavu_16_persian_hebrew.c.obj
[1116/1705] Building C object esp-idf/lvgl__lvgl/CMakeFiles/__idf_lvgl__lvgl.dir/src/font/lv_font_montserrat_14.c.obj
[1117/1705] Building C object esp-idf/lvgl__lvgl/CMakeFiles/__idf_lvgl__lvgl.dir/src/font/lv_font_montserrat_24.c.obj
[1118/1705] Building C object esp-idf/lvgl__lvgl/CMakeFiles/__idf_lvgl__lvgl.dir/src/font/fmt_txt/lv_font_fmt_txt.c.obj
[1119/1705] Building C object esp-idf/lvgl__lvgl/CMakeFiles/__idf_lvgl__lvgl.dir/src/font/lv_font_montserrat_14_aligned.c.obj
[1120/1705] Building C object esp-idf/lvgl__lvgl/CMakeFiles/__idf_lvgl__lvgl.dir/src/font/lv_font_montserrat_28.c.obj
[1121/1705] Building C object esp-idf/lvgl__lvgl/CMakeFiles/__idf_lvgl__lvgl.dir/src/font/lv_font_montserrat_16.c.obj
[1122/1705] Building C object esp-idf/lvgl__lvgl/CMakeFiles/__idf_lvgl__lvgl.dir/src/font/lv_font_montserrat_20.c.obj
[1123/1705] Building C object esp-idf/lvgl__lvgl/CMakeFiles/__idf_lvgl__lvgl.dir/src/font/lv_font_montserrat_22.c.obj
[1124/1705] Building C object esp-idf/lvgl__lvgl/CMakeFiles/__idf_lvgl__lvgl.dir/src/font/lv_font_montserrat_28_compressed.c.obj
[1125/1705] Building C object esp-idf/lvgl__lvgl/CMakeFiles/__idf_lvgl__lvgl.dir/src/font/lv_font_montserrat_18.c.obj
[1126/1705] Building C object esp-idf/lvgl__lvgl/CMakeFiles/__idf_lvgl__lvgl.dir/src/font/lv_font_montserrat_32.c.obj
[1127/1705] Building C object esp-idf/lvgl__lvgl/CMakeFiles/__idf_lvgl__lvgl.dir/src/font/lv_font_montserrat_34.c.obj
[1128/1705] Building C object esp-idf/lvgl__lvgl/CMakeFiles/__idf_lvgl__lvgl.dir/src/font/binfont_loader/lv_binfont_loader.c.obj
[1129/1705] Building C object esp-idf/lvgl__lvgl/CMakeFiles/__idf_lvgl__lvgl.dir/src/font/lv_font_montserrat_38.c.obj
[1130/1705] Building C object esp-idf/lvgl__lvgl/CMakeFiles/__idf_lvgl__lvgl.dir/src/font/lv_font_montserrat_26.c.obj
[1131/1705] Building C object esp-idf/lvgl__lvgl/CMakeFiles/__idf_lvgl__lvgl.dir/src/font/lv_font_montserrat_30.c.obj
[1132/1705] Building C object esp-idf/lvgl__lvgl/CMakeFiles/__idf_lvgl__lvgl.dir/src/font/lv_font_montserrat_36.c.obj
[1133/1705] Building C object esp-idf/lvgl__lvgl/CMakeFiles/__idf_lvgl__lvgl.dir/src/layouts/grid/lv_grid.c.obj
[1134/1705] Building C object esp-idf/lvgl__lvgl/CMakeFiles/__idf_lvgl__lvgl.dir/src/libs/FT800-FT813/EVE_supplemental.c.obj
[1135/1705] Building C object esp-idf/lvgl__lvgl/CMakeFiles/__idf_lvgl__lvgl.dir/src/indev/lv_gridnav.c.obj
[1136/1705] Building C object esp-idf/lvgl__lvgl/CMakeFiles/__idf_lvgl__lvgl.dir/src/libs/FT800-FT813/EVE_commands.c.obj
[1137/1705] Building C object esp-idf/lvgl__lvgl/CMakeFiles/__idf_lvgl__lvgl.dir/src/indev/lv_indev_gesture.c.obj
[1138/1705] Building C object esp-idf/lvgl__lvgl/CMakeFiles/__idf_lvgl__lvgl.dir/src/font/lv_font_montserrat_42.c.obj
[1139/1705] Building C object esp-idf/lvgl__lvgl/CMakeFiles/__idf_lvgl__lvgl.dir/src/font/lv_font_montserrat_44.c.obj
[1140/1705] Building C object esp-idf/lvgl__lvgl/CMakeFiles/__idf_lvgl__lvgl.dir/src/libs/freetype/lv_freetype.c.obj
[1141/1705] Building C object esp-idf/lvgl__lvgl/CMakeFiles/__idf_lvgl__lvgl.dir/src/layouts/flex/lv_flex.c.obj
[1142/1705] Building C object esp-idf/lvgl__lvgl/CMakeFiles/__idf_lvgl__lvgl.dir/src/libs/ffmpeg/lv_ffmpeg.c.obj
[1143/1705] Building C object esp-idf/lvgl__lvgl/CMakeFiles/__idf_lvgl__lvgl.dir/src/font/lv_font_montserrat_8.c.obj
[1144/1705] Building C object esp-idf/lvgl__lvgl/CMakeFiles/__idf_lvgl__lvgl.dir/src/libs/frogfs/src/frogfs.c.obj
[1145/1705] Building C object esp-idf/lvgl__lvgl/CMakeFiles/__idf_lvgl__lvgl.dir/src/font/lv_font_montserrat_40.c.obj
[1146/1705] Building C object esp-idf/lvgl__lvgl/CMakeFiles/__idf_lvgl__lvgl.dir/src/font/lv_font_source_han_sans_sc_14_cjk.c.obj
[1147/1705] Building C object esp-idf/lvgl__lvgl/CMakeFiles/__idf_lvgl__lvgl.dir/src/font/lv_font_unscii_16.c.obj
[1148/1705] Building C object esp-idf/lvgl__lvgl/CMakeFiles/__idf_lvgl__lvgl.dir/src/libs/fsdrv/lv_fs_cbfs.c.obj
[1149/1705] Building C object esp-idf/lvgl__lvgl/CMakeFiles/__idf_lvgl__lvgl.dir/src/font/lv_font_source_han_sans_sc_16_cjk.c.obj
[1150/1705] Building C object esp-idf/lvgl__lvgl/CMakeFiles/__idf_lvgl__lvgl.dir/src/font/lv_font_montserrat_48.c.obj
[1151/1705] Building C object esp-idf/lvgl__lvgl/CMakeFiles/__idf_lvgl__lvgl.dir/src/libs/frogfs/src/decomp_raw.c.obj
[1152/1705] Building C object esp-idf/lvgl__lvgl/CMakeFiles/__idf_lvgl__lvgl.dir/src/layouts/lv_layout.c.obj
[1153/1705] Building C object esp-idf/lvgl__lvgl/CMakeFiles/__idf_lvgl__lvgl.dir/src/font/lv_font_montserrat_46.c.obj
[1154/1705] Performing configure step for 'bootloader'
-- Found Git: /usr/bin/git (found version "2.39.5") 
-- Component directory /vol1/1000/toolchains/esp-idf-v6.0.2/components/mqtt does not contain a CMakeLists.txt file. No component will be added
-- Minimal build - OFF
-- The C compiler identification is GNU 15.2.0
-- The CXX compiler identification is GNU 15.2.0
-- The ASM compiler identification is GNU
-- Found assembler: /vol1/1000/toolchains/.espressif-v6.0.2/tools/xtensa-esp-elf/esp-15.2.0_20251204/xtensa-esp-elf/bin/xtensa-esp32s3-elf-gcc
-- Detecting C compiler ABI info
-- Detecting C compiler ABI info - done
-- Check for working C compiler: /vol1/1000/toolchains/.espressif-v6.0.2/tools/xtensa-esp-elf/esp-15.2.0_20251204/xtensa-esp-elf/bin/xtensa-esp32s3-elf-gcc - skipped
-- Detecting C compile features
-- Detecting C compile features - done
-- Detecting CXX compiler ABI info
-- Detecting CXX compiler ABI info - done
-- Check for working CXX compiler: /vol1/1000/toolchains/.espressif-v6.0.2/tools/xtensa-esp-elf/esp-15.2.0_20251204/xtensa-esp-elf/bin/xtensa-esp32s3-elf-g++ - skipped
-- Detecting CXX compile features
-- Detecting CXX compile features - done
-- Building ESP-IDF components for target esp32s3
-- ESP-TEE is currently supported only on the esp32c6;esp32h2;esp32c5;esp32c61 SoCs
-- KCONFIG_REPORT_VERBOSITY not set, using default
-- Project sdkconfig file /vol1/1000/project/esp32BmsGps/firmware-builds/esp32s3-n16r8-st7796u-gt1151/sdkconfig
NOTE: Kconfig parser version: 1
NOTE: Kconfig defaults policy: use sdkconfig
NOTE: Status: Finished successfully
-- Compiler supported targets: xtensa-esp-elf
-- Detecting C compiler ABI info
-- Detecting C compiler ABI info - done
-- Detecting CXX compiler ABI info
-- Detecting CXX compiler ABI info - done
-- Detecting C compiler ABI info
-- Detecting C compiler ABI info - done
-- Detecting CXX compiler ABI info
-- Detecting CXX compiler ABI info - done
-- Adding linker script /vol1/1000/toolchains/esp-idf-v6.0.2/components/soc/esp32s3/ld/esp32s3.peripherals.ld
-- Bootloader project name: "bootloader" version: 1
-- Adding linker script /vol1/1000/toolchains/esp-idf-v6.0.2/components/esp_hal_wdt/esp32s3/rom.wdt.ld
-- Adding linker script /vol1/1000/toolchains/esp-idf-v6.0.2/components/esp_rom/esp32s3/ld/esp32s3.rom.ld
-- Adding linker script /vol1/1000/toolchains/esp-idf-v6.0.2/components/esp_rom/esp32s3/ld/esp32s3.rom.api.ld
-- Adding linker script /vol1/1000/toolchains/esp-idf-v6.0.2/components/esp_rom/esp32s3/ld/esp32s3.rom.bt_funcs.ld
-- Adding linker script /vol1/1000/toolchains/esp-idf-v6.0.2/components/esp_rom/esp32s3/ld/esp32s3.rom.libgcc.ld
-- Adding linker script /vol1/1000/toolchains/esp-idf-v6.0.2/components/esp_rom/esp32s3/ld/esp32s3.rom.version.ld
-- Adding linker script /vol1/1000/toolchains/esp-idf-v6.0.2/components/esp_rom/esp32s3/ld/esp32s3.rom.libc.ld
-- Components: bootloader bootloader_support efuse esp_app_format esp_blockdev esp_bootloader_format esp_common esp_hal_ana_conv esp_hal_clock esp_hal_dma esp_hal_gpio esp_hal_gpspi esp_hal_mspi esp_hal_pmu esp_hal_rtc_timer esp_hal_security esp_hal_timg esp_hal_uart esp_hal_usb esp_hal_wdt esp_hw_support esp_libc esp_rom esp_security esp_stdio esp_system esptool_py freertos hal log main micro-ecc partition_table soc spi_flash xtensa
-- Component paths: /vol1/1000/toolchains/esp-idf-v6.0.2/components/bootloader /vol1/1000/toolchains/esp-idf-v6.0.2/components/bootloader_support /vol1/1000/toolchains/esp-idf-v6.0.2/components/efuse /vol1/1000/toolchains/esp-idf-v6.0.2/components/esp_app_format /vol1/1000/toolchains/esp-idf-v6.0.2/components/esp_blockdev /vol1/1000/toolchains/esp-idf-v6.0.2/components/esp_bootloader_format /vol1/1000/toolchains/esp-idf-v6.0.2/components/esp_common /vol1/1000/toolchains/esp-idf-v6.0.2/components/esp_hal_ana_conv /vol1/1000/toolchains/esp-idf-v6.0.2/components/esp_hal_clock /vol1/1000/toolchains/esp-idf-v6.0.2/components/esp_hal_dma /vol1/1000/toolchains/esp-idf-v6.0.2/components/esp_hal_gpio /vol1/1000/toolchains/esp-idf-v6.0.2/components/esp_hal_gpspi /vol1/1000/toolchains/esp-idf-v6.0.2/components/esp_hal_mspi /vol1/1000/toolchains/esp-idf-v6.0.2/components/esp_hal_pmu /vol1/1000/toolchains/esp-idf-v6.0.2/components/esp_hal_rtc_timer /vol1/1000/toolchains/esp-idf-v6.0.2/components/esp_hal_security /vol1/1000/toolchains/esp-idf-v6.0.2/components/esp_hal_timg /vol1/1000/toolchains/esp-idf-v6.0.2/components/esp_hal_uart /vol1/1000/toolchains/esp-idf-v6.0.2/components/esp_hal_usb /vol1/1000/toolchains/esp-idf-v6.0.2/components/esp_hal_wdt /vol1/1000/toolchains/esp-idf-v6.0.2/components/esp_hw_support /vol1/1000/toolchains/esp-idf-v6.0.2/components/esp_libc /vol1/1000/toolchains/esp-idf-v6.0.2/components/esp_rom /vol1/1000/toolchains/esp-idf-v6.0.2/components/esp_security /vol1/1000/toolchains/esp-idf-v6.0.2/components/esp_stdio /vol1/1000/toolchains/esp-idf-v6.0.2/components/esp_system /vol1/1000/toolchains/esp-idf-v6.0.2/components/esptool_py /vol1/1000/toolchains/esp-idf-v6.0.2/components/freertos /vol1/1000/toolchains/esp-idf-v6.0.2/components/hal /vol1/1000/toolchains/esp-idf-v6.0.2/components/log /vol1/1000/toolchains/esp-idf-v6.0.2/components/bootloader/subproject/main /vol1/1000/toolchains/esp-idf-v6.0.2/components/bootloader/subproject/components/micro-ecc /vol1/1000/toolchains/esp-idf-v6.0.2/components/partition_table /vol1/1000/toolchains/esp-idf-v6.0.2/components/soc /vol1/1000/toolchains/esp-idf-v6.0.2/components/spi_flash /vol1/1000/toolchains/esp-idf-v6.0.2/components/xtensa
-- Adding linker script /vol1/1000/toolchains/esp-idf-v6.0.2/components/bootloader/subproject/main/ld/esp32s3/bootloader.memory.ld.in
--   -> Preprocessing .in script: /vol1/1000/toolchains/esp-idf-v6.0.2/components/bootloader/subproject/main/ld/esp32s3/bootloader.memory.ld.in
-- Adding linker script /vol1/1000/toolchains/esp-idf-v6.0.2/components/bootloader/subproject/main/ld/esp32s3/bootloader.sections.ld.in
--   -> Preprocessing .in script: /vol1/1000/toolchains/esp-idf-v6.0.2/components/bootloader/subproject/main/ld/esp32s3/bootloader.sections.ld.in
-- Configuring done
-- Generating done
-- Build files have been written to: /tmp/esp32-bms-gps-idf-builds/1000/esp32s3-n16r8-st7796u-gt1151/idf-build/bootloader
[1155/1705] Building C object esp-idf/lvgl__lvgl/CMakeFiles/__idf_lvgl__lvgl.dir/src/libs/freetype/lv_freetype_outline.c.obj
[1156/1705] Building C object esp-idf/lvgl__lvgl/CMakeFiles/__idf_lvgl__lvgl.dir/src/font/lv_font_unscii_8.c.obj
[1157/1705] Building C object esp-idf/lvgl__lvgl/CMakeFiles/__idf_lvgl__lvgl.dir/src/libs/freetype/lv_freetype_glyph.c.obj
[1158/1705] Building C object esp-idf/lvgl__lvgl/CMakeFiles/__idf_lvgl__lvgl.dir/src/libs/freetype/lv_ftsystem.c.obj
[1159/1705] Building C object esp-idf/lvgl__lvgl/CMakeFiles/__idf_lvgl__lvgl.dir/src/libs/gif/gif.c.obj
[1160/1705] Building C object esp-idf/lvgl__lvgl/CMakeFiles/__idf_lvgl__lvgl.dir/src/libs/barcode/code128.c.obj
[1161/1705] Building C object esp-idf/lvgl__lvgl/CMakeFiles/__idf_lvgl__lvgl.dir/src/libs/freetype/lv_freetype_image.c.obj
[1162/1705] Building C object esp-idf/lvgl__lvgl/CMakeFiles/__idf_lvgl__lvgl.dir/src/libs/fsdrv/lv_fs_frogfs.c.obj
[1163/1705] Building C object esp-idf/lvgl__lvgl/CMakeFiles/__idf_lvgl__lvgl.dir/src/libs/fsdrv/lv_fs_fatfs.c.obj
[1164/1705] Building C object esp-idf/lvgl__lvgl/CMakeFiles/__idf_lvgl__lvgl.dir/src/libs/fsdrv/lv_fs_uefi.c.obj
[1165/1705] Building CXX object esp-idf/lvgl__lvgl/CMakeFiles/__idf_lvgl__lvgl.dir/src/libs/gltf/gltf_data/lv_gltf_data.cpp.obj
[1166/1705] Building C object esp-idf/lvgl__lvgl/CMakeFiles/__idf_lvgl__lvgl.dir/src/libs/fsdrv/lv_fs_littlefs.c.obj
[1167/1705] Building CXX object esp-idf/lvgl__lvgl/CMakeFiles/__idf_lvgl__lvgl.dir/src/libs/gltf/gltf_data/lv_gltf_data_animations.cpp.obj
[1168/1705] Building C object esp-idf/lvgl__lvgl/CMakeFiles/__idf_lvgl__lvgl.dir/src/libs/bmp/lv_bmp.c.obj
[1169/1705] Building CXX object esp-idf/lvgl__lvgl/CMakeFiles/__idf_lvgl__lvgl.dir/src/libs/gltf/gltf_data/lv_gltf_data_injest.cpp.obj
[1170/1705] Building CXX object esp-idf/lvgl__lvgl/CMakeFiles/__idf_lvgl__lvgl.dir/src/libs/gltf/gltf_data/lv_gltf_data_mesh.cpp.obj
[1171/1705] Building CXX object esp-idf/lvgl__lvgl/CMakeFiles/__idf_lvgl__lvgl.dir/src/libs/gltf/gltf_data/lv_gltf_data_shader.cpp.obj
[1172/1705] Building CXX object esp-idf/lvgl__lvgl/CMakeFiles/__idf_lvgl__lvgl.dir/src/libs/gltf/gltf_data/lv_gltf_data_cache.cpp.obj
[1173/1705] Building C object esp-idf/lvgl__lvgl/CMakeFiles/__idf_lvgl__lvgl.dir/src/libs/fsdrv/lv_fs_memfs.c.obj
[1174/1705] Building CXX object esp-idf/lvgl__lvgl/CMakeFiles/__idf_lvgl__lvgl.dir/src/libs/gltf/gltf_data/lv_gltf_data_primitive.cpp.obj
[1175/1705] Building CXX object esp-idf/lvgl__lvgl/CMakeFiles/__idf_lvgl__lvgl.dir/src/libs/gltf/gltf_data/lv_gltf_model_node.cpp.obj
[1176/1705] Building C object esp-idf/lvgl__lvgl/CMakeFiles/__idf_lvgl__lvgl.dir/src/libs/gltf/gltf_environment/lv_gltf_ibl_sampler.c.obj
[1177/1705] Building CXX object esp-idf/lvgl__lvgl/CMakeFiles/__idf_lvgl__lvgl.dir/src/libs/gltf/gltf_data/lv_gltf_data_skin.cpp.obj
[1178/1705] Building CXX object esp-idf/lvgl__lvgl/CMakeFiles/__idf_lvgl__lvgl.dir/src/libs/gltf/gltf_data/lv_gltf_data_texture.cpp.obj
[1179/1705] Building C object esp-idf/lvgl__lvgl/CMakeFiles/__idf_lvgl__lvgl.dir/src/libs/barcode/lv_barcode.c.obj
[1180/1705] Building C object esp-idf/lvgl__lvgl/CMakeFiles/__idf_lvgl__lvgl.dir/src/libs/fsdrv/lv_fs_stdio.c.obj
[1181/1705] Building CXX object esp-idf/lvgl__lvgl/CMakeFiles/__idf_lvgl__lvgl.dir/src/libs/gltf/gltf_data/lv_gltf_uniform_locations.cpp.obj
[1182/1705] Building CXX object esp-idf/lvgl__lvgl/CMakeFiles/__idf_lvgl__lvgl.dir/src/libs/gltf/gltf_view/lv_gltf_view.cpp.obj
[1183/1705] Building CXX object esp-idf/lvgl__lvgl/CMakeFiles/__idf_lvgl__lvgl.dir/src/libs/gltf/gltf_view/lv_gltf_view_shader.cpp.obj
[1184/1705] Building C object esp-idf/lvgl__lvgl/CMakeFiles/__idf_lvgl__lvgl.dir/src/libs/gltf/gltf_view/assets/chromatic.c.obj
[1185/1705] Building C object esp-idf/lvgl__lvgl/CMakeFiles/__idf_lvgl__lvgl.dir/src/libs/fsdrv/lv_fs_win32.c.obj
[1186/1705] Building C object esp-idf/lvgl__lvgl/CMakeFiles/__idf_lvgl__lvgl.dir/src/libs/gltf/gltf_view/assets/lv_gltf_view_shader.c.obj
[1187/1705] Building CXX object esp-idf/lvgl__lvgl/CMakeFiles/__idf_lvgl__lvgl.dir/src/libs/gltf/gltf_view/lv_gltf_view_render.cpp.obj
[1188/1705] Building C object esp-idf/lvgl__lvgl/CMakeFiles/__idf_lvgl__lvgl.dir/src/libs/gltf/math/lv_3dmath.c.obj
[1189/1705] Building CXX object esp-idf/lvgl__lvgl/CMakeFiles/__idf_lvgl__lvgl.dir/src/libs/fsdrv/lv_fs_arduino_sd.cpp.obj
[1190/1705] Building C object esp-idf/lvgl__lvgl/CMakeFiles/__idf_lvgl__lvgl.dir/src/libs/fsdrv/lv_fs_posix.c.obj
[1191/1705] Building C object esp-idf/lvgl__lvgl/CMakeFiles/__idf_lvgl__lvgl.dir/src/libs/bin_decoder/lv_bin_decoder.c.obj
[1192/1705] Building C object esp-idf/lvgl__lvgl/CMakeFiles/__idf_lvgl__lvgl.dir/src/libs/gstreamer/lv_gstreamer.c.obj
[1193/1705] Building CXX object esp-idf/lvgl__lvgl/CMakeFiles/__idf_lvgl__lvgl.dir/src/libs/gltf/math/lv_gltf_math.cpp.obj
[1194/1705] Building CXX object esp-idf/lvgl__lvgl/CMakeFiles/__idf_lvgl__lvgl.dir/src/libs/fsdrv/lv_fs_arduino_esp_littlefs.cpp.obj
[1195/1705] Building C object esp-idf/lvgl__lvgl/CMakeFiles/__idf_lvgl__lvgl.dir/src/libs/lz4/lz4.c.obj
[1196/1705] Building C object esp-idf/lvgl__lvgl/CMakeFiles/__idf_lvgl__lvgl.dir/src/libs/nanovg/nanovg.c.obj
[1197/1705] Building C object esp-idf/lvgl__lvgl/CMakeFiles/__idf_lvgl__lvgl.dir/src/libs/svg/lv_svg.c.obj
[1198/1705] Building C object esp-idf/lvgl__lvgl/CMakeFiles/__idf_lvgl__lvgl.dir/src/libs/rle/lv_rle.c.obj
[1199/1705] Building C object esp-idf/lvgl__lvgl/CMakeFiles/__idf_lvgl__lvgl.dir/src/libs/svg/lv_svg_parser.c.obj
[1200/1705] Building C object esp-idf/lvgl__lvgl/CMakeFiles/__idf_lvgl__lvgl.dir/src/libs/svg/lv_svg_token.c.obj
[1201/1705] Building CXX object esp-idf/lvgl__lvgl/CMakeFiles/__idf_lvgl__lvgl.dir/src/libs/thorvg/tvgAccessor.cpp.obj
[1202/1705] Building CXX object esp-idf/lvgl__lvgl/CMakeFiles/__idf_lvgl__lvgl.dir/src/libs/thorvg/tvgCanvas.cpp.obj
[1203/1705] Building CXX object esp-idf/lvgl__lvgl/CMakeFiles/__idf_lvgl__lvgl.dir/src/libs/thorvg/tvgAnimation.cpp.obj
[1204/1705] Building C object esp-idf/lvgl__lvgl/CMakeFiles/__idf_lvgl__lvgl.dir/src/indev/lv_indev_scroll.c.obj
[1205/1705] Building CXX object esp-idf/lvgl__lvgl/CMakeFiles/__idf_lvgl__lvgl.dir/src/libs/thorvg/tvgFill.cpp.obj
[1206/1705] Building CXX object esp-idf/lvgl__lvgl/CMakeFiles/__idf_lvgl__lvgl.dir/src/libs/thorvg/tvgCapi.cpp.obj
[1207/1705] Building CXX object esp-idf/lvgl__lvgl/CMakeFiles/__idf_lvgl__lvgl.dir/src/libs/thorvg/tvgCompressor.cpp.obj
[1208/1705] Building CXX object esp-idf/lvgl__lvgl/CMakeFiles/__idf_lvgl__lvgl.dir/src/libs/thorvg/tvgGlCanvas.cpp.obj
[1209/1705] Building CXX object esp-idf/lvgl__lvgl/CMakeFiles/__idf_lvgl__lvgl.dir/src/libs/thorvg/tvgInitializer.cpp.obj
[1210/1705] Building CXX object esp-idf/lvgl__lvgl/CMakeFiles/__idf_lvgl__lvgl.dir/src/libs/thorvg/tvgLottieAnimation.cpp.obj
[1211/1705] Building CXX object esp-idf/lvgl__lvgl/CMakeFiles/__idf_lvgl__lvgl.dir/src/libs/thorvg/tvgLoader.cpp.obj
[1212/1705] Building CXX object esp-idf/lvgl__lvgl/CMakeFiles/__idf_lvgl__lvgl.dir/src/libs/thorvg/tvgLottieBuilder.cpp.obj
[1213/1705] Building CXX object esp-idf/lvgl__lvgl/CMakeFiles/__idf_lvgl__lvgl.dir/src/libs/thorvg/tvgLottieExpressions.cpp.obj
[1214/1705] Building CXX object esp-idf/lvgl__lvgl/CMakeFiles/__idf_lvgl__lvgl.dir/src/libs/thorvg/tvgLottieModifier.cpp.obj
[1215/1705] Building CXX object esp-idf/lvgl__lvgl/CMakeFiles/__idf_lvgl__lvgl.dir/src/libs/thorvg/tvgLottieInterpolator.cpp.obj
[1216/1705] Building CXX object esp-idf/lvgl__lvgl/CMakeFiles/__idf_lvgl__lvgl.dir/src/libs/thorvg/tvgLottieLoader.cpp.obj
[1217/1705] Building CXX object esp-idf/lvgl__lvgl/CMakeFiles/__idf_lvgl__lvgl.dir/src/libs/thorvg/tvgLottieModel.cpp.obj
[1218/1705] Building CXX object esp-idf/lvgl__lvgl/CMakeFiles/__idf_lvgl__lvgl.dir/src/libs/thorvg/tvgLottieParser.cpp.obj
[1219/1705] Building CXX object esp-idf/lvgl__lvgl/CMakeFiles/__idf_lvgl__lvgl.dir/src/libs/thorvg/tvgPaint.cpp.obj
[1220/1705] Building CXX object esp-idf/lvgl__lvgl/CMakeFiles/__idf_lvgl__lvgl.dir/src/libs/thorvg/tvgRawLoader.cpp.obj
[1221/1705] Building CXX object esp-idf/lvgl__lvgl/CMakeFiles/__idf_lvgl__lvgl.dir/src/libs/thorvg/tvgLottieParserHandler.cpp.obj
[1222/1705] Building CXX object esp-idf/lvgl__lvgl/CMakeFiles/__idf_lvgl__lvgl.dir/src/libs/thorvg/tvgMath.cpp.obj
[1223/1705] Building CXX object esp-idf/lvgl__lvgl/CMakeFiles/__idf_lvgl__lvgl.dir/src/libs/thorvg/tvgPicture.cpp.obj
[1224/1705] Building CXX object esp-idf/lvgl__lvgl/CMakeFiles/__idf_lvgl__lvgl.dir/src/libs/thorvg/tvgStr.cpp.obj
[1225/1705] Building CXX object esp-idf/lvgl__lvgl/CMakeFiles/__idf_lvgl__lvgl.dir/src/libs/thorvg/tvgRender.cpp.obj
[1226/1705] Building CXX object esp-idf/lvgl__lvgl/CMakeFiles/__idf_lvgl__lvgl.dir/src/libs/thorvg/tvgSaver.cpp.obj
[1227/1705] Building CXX object esp-idf/lvgl__lvgl/CMakeFiles/__idf_lvgl__lvgl.dir/src/libs/thorvg/tvgScene.cpp.obj
[1228/1705] Building CXX object esp-idf/lvgl__lvgl/CMakeFiles/__idf_lvgl__lvgl.dir/src/libs/thorvg/tvgShape.cpp.obj
[1229/1705] Building CXX object esp-idf/lvgl__lvgl/CMakeFiles/__idf_lvgl__lvgl.dir/src/libs/thorvg/tvgSwCanvas.cpp.obj
[1230/1705] Building CXX object esp-idf/lvgl__lvgl/CMakeFiles/__idf_lvgl__lvgl.dir/src/libs/thorvg/tvgSvgLoader.cpp.obj
[1231/1705] Building CXX object esp-idf/lvgl__lvgl/CMakeFiles/__idf_lvgl__lvgl.dir/src/libs/thorvg/tvgSvgSceneBuilder.cpp.obj
[1232/1705] Building CXX object esp-idf/lvgl__lvgl/CMakeFiles/__idf_lvgl__lvgl.dir/src/libs/thorvg/tvgSvgUtil.cpp.obj
[1233/1705] Building CXX object esp-idf/lvgl__lvgl/CMakeFiles/__idf_lvgl__lvgl.dir/src/libs/thorvg/tvgSvgPath.cpp.obj
[1234/1705] Building CXX object esp-idf/lvgl__lvgl/CMakeFiles/__idf_lvgl__lvgl.dir/src/libs/thorvg/tvgSvgCssStyle.cpp.obj
[1235/1705] Building CXX object esp-idf/lvgl__lvgl/CMakeFiles/__idf_lvgl__lvgl.dir/src/libs/thorvg/tvgSwFill.cpp.obj
[1236/1705] Building C object esp-idf/lvgl__lvgl/CMakeFiles/__idf_lvgl__lvgl.dir/src/libs/libjpeg_turbo/lv_libjpeg_turbo.c.obj
[1237/1705] Building CXX object esp-idf/lvgl__lvgl/CMakeFiles/__idf_lvgl__lvgl.dir/src/libs/thorvg/tvgSwImage.cpp.obj
[1238/1705] Building C object esp-idf/lvgl__lvgl/CMakeFiles/__idf_lvgl__lvgl.dir/src/libs/lodepng/lodepng.c.obj
[1239/1705] Building CXX object esp-idf/lvgl__lvgl/CMakeFiles/__idf_lvgl__lvgl.dir/src/libs/thorvg/tvgSwMath.cpp.obj
[1240/1705] Building C object esp-idf/lvgl__lvgl/CMakeFiles/__idf_lvgl__lvgl.dir/src/libs/rlottie/lv_rlottie.c.obj
[1241/1705] Building CXX object esp-idf/lvgl__lvgl/CMakeFiles/__idf_lvgl__lvgl.dir/src/libs/thorvg/tvgSwPostEffect.cpp.obj
[1242/1705] Building CXX object esp-idf/lvgl__lvgl/CMakeFiles/__idf_lvgl__lvgl.dir/src/libs/thorvg/tvgSwRenderer.cpp.obj
[1243/1705] Building CXX object esp-idf/lvgl__lvgl/CMakeFiles/__idf_lvgl__lvgl.dir/src/libs/thorvg/tvgSwMemPool.cpp.obj
[1244/1705] Building CXX object esp-idf/lvgl__lvgl/CMakeFiles/__idf_lvgl__lvgl.dir/src/libs/thorvg/tvgSwRaster.cpp.obj
[1245/1705] Building C object esp-idf/lvgl__lvgl/CMakeFiles/__idf_lvgl__lvgl.dir/src/libs/svg/lv_svg_render.c.obj
[1246/1705] Building CXX object esp-idf/lvgl__lvgl/CMakeFiles/__idf_lvgl__lvgl.dir/src/libs/thorvg/tvgSwRle.cpp.obj
[1247/1705] Building CXX object esp-idf/lvgl__lvgl/CMakeFiles/__idf_lvgl__lvgl.dir/src/libs/thorvg/tvgTaskScheduler.cpp.obj
[1248/1705] Building CXX object esp-idf/lvgl__lvgl/CMakeFiles/__idf_lvgl__lvgl.dir/src/libs/thorvg/tvgSwShape.cpp.obj
[1249/1705] Building C object esp-idf/lvgl__lvgl/CMakeFiles/__idf_lvgl__lvgl.dir/src/libs/libpng/lv_libpng.c.obj
[1250/1705] Building CXX object esp-idf/lvgl__lvgl/CMakeFiles/__idf_lvgl__lvgl.dir/src/libs/thorvg/tvgSwStroke.cpp.obj
[1251/1705] Building C object esp-idf/lvgl__lvgl/CMakeFiles/__idf_lvgl__lvgl.dir/src/libs/libwebp/lv_libwebp.c.obj
[1252/1705] Building CXX object esp-idf/lvgl__lvgl/CMakeFiles/__idf_lvgl__lvgl.dir/src/libs/thorvg/tvgText.cpp.obj
[1253/1705] Building CXX object esp-idf/lvgl__lvgl/CMakeFiles/__idf_lvgl__lvgl.dir/src/libs/thorvg/tvgXmlParser.cpp.obj
[1254/1705] Building C object esp-idf/lvgl__lvgl/CMakeFiles/__idf_lvgl__lvgl.dir/src/libs/vg_lite_driver/VGLite/vg_lite_image.c.obj
[1255/1705] Building C object esp-idf/lvgl__lvgl/CMakeFiles/__idf_lvgl__lvgl.dir/src/libs/svg/lv_svg_decoder.c.obj
[1256/1705] Building CXX object esp-idf/lvgl__lvgl/CMakeFiles/__idf_lvgl__lvgl.dir/src/libs/thorvg/tvgWgCanvas.cpp.obj
[1257/1705] Building C object esp-idf/lvgl__lvgl/CMakeFiles/__idf_lvgl__lvgl.dir/src/libs/vg_lite_driver/VGLite/vg_lite_stroke.c.obj
[1258/1705] Building C object esp-idf/lvgl__lvgl/CMakeFiles/__idf_lvgl__lvgl.dir/src/libs/vg_lite_driver/lv_vg_lite_hal/lv_vg_lite_hal.c.obj
[1259/1705] Building C object esp-idf/lvgl__lvgl/CMakeFiles/__idf_lvgl__lvgl.dir/src/libs/vg_lite_driver/VGLite/vg_lite_path.c.obj
[1260/1705] Building C object esp-idf/lvgl__lvgl/CMakeFiles/__idf_lvgl__lvgl.dir/src/libs/vg_lite_driver/VGLite/vg_lite.c.obj
[1261/1705] Building C object esp-idf/lvgl__lvgl/CMakeFiles/__idf_lvgl__lvgl.dir/src/libs/lodepng/lv_lodepng.c.obj
[1262/1705] Building C object esp-idf/lvgl__lvgl/CMakeFiles/__idf_lvgl__lvgl.dir/src/libs/tjpgd/tjpgd.c.obj
[1263/1705] Building C object esp-idf/lvgl__lvgl/CMakeFiles/__idf_lvgl__lvgl.dir/src/libs/vg_lite_driver/lv_vg_lite_hal/vg_lite_os.c.obj
[1264/1705] Building C object esp-idf/lvgl__lvgl/CMakeFiles/__idf_lvgl__lvgl.dir/src/libs/vg_lite_driver/VGLite/vg_lite_matrix.c.obj
[1265/1705] Building C object esp-idf/lvgl__lvgl/CMakeFiles/__idf_lvgl__lvgl.dir/src/libs/vg_lite_driver/VGLiteKernel/vg_lite_kernel.c.obj
[1266/1705] Building C object esp-idf/lvgl__lvgl/CMakeFiles/__idf_lvgl__lvgl.dir/src/misc/lv_async.c.obj
[1267/1705] Building C object esp-idf/lvgl__lvgl/CMakeFiles/__idf_lvgl__lvgl.dir/src/misc/lv_bidi.c.obj
[1268/1705] Building C object esp-idf/lvgl__lvgl/CMakeFiles/__idf_lvgl__lvgl.dir/src/libs/qrcode/lv_qrcode.c.obj
[1269/1705] Building C object esp-idf/lvgl__lvgl/CMakeFiles/__idf_lvgl__lvgl.dir/src/misc/lv_array.c.obj
[1270/1705] Building C object esp-idf/lvgl__lvgl/CMakeFiles/__idf_lvgl__lvgl.dir/src/misc/cache/lv_cache_entry.c.obj
[1271/1705] Building C object esp-idf/lvgl__lvgl/CMakeFiles/__idf_lvgl__lvgl.dir/src/misc/lv_color_op.c.obj
[1272/1705] Building C object esp-idf/lvgl__lvgl/CMakeFiles/__idf_lvgl__lvgl.dir/src/indev/lv_indev.c.obj
[1273/1705] Building C object esp-idf/lvgl__lvgl/CMakeFiles/__idf_lvgl__lvgl.dir/src/misc/cache/class/lv_cache_lru_ll.c.obj
[1274/1705] Building C object esp-idf/lvgl__lvgl/CMakeFiles/__idf_lvgl__lvgl.dir/src/misc/lv_log.c.obj
[1275/1705] Building C object esp-idf/lvgl__lvgl/CMakeFiles/__idf_lvgl__lvgl.dir/src/misc/cache/class/lv_cache_sc_da.c.obj
[1276/1705] Building C object esp-idf/lvgl__lvgl/CMakeFiles/__idf_lvgl__lvgl.dir/src/misc/cache/class/lv_cache_lru_rb.c.obj
[1277/1705] Building C object esp-idf/lvgl__lvgl/CMakeFiles/__idf_lvgl__lvgl.dir/src/misc/cache/instance/lv_image_cache.c.obj
[1278/1705] Building C object esp-idf/lvgl__lvgl/CMakeFiles/__idf_lvgl__lvgl.dir/src/misc/cache/lv_cache.c.obj
[1279/1705] Building C object esp-idf/lvgl__lvgl/CMakeFiles/__idf_lvgl__lvgl.dir/src/libs/tjpgd/lv_tjpgd.c.obj
[1280/1705] Building C object esp-idf/lvgl__lvgl/CMakeFiles/__idf_lvgl__lvgl.dir/src/libs/tiny_ttf/lv_tiny_ttf.c.obj
[1281/1705] Building C object esp-idf/lvgl__lvgl/CMakeFiles/__idf_lvgl__lvgl.dir/src/misc/lv_profiler_builtin_posix.c.obj
[1282/1705] Building C object esp-idf/lvgl__lvgl/CMakeFiles/__idf_lvgl__lvgl.dir/src/misc/lv_grad.c.obj
[1283/1705] Building C object esp-idf/lvgl__lvgl/CMakeFiles/__idf_lvgl__lvgl.dir/src/misc/cache/instance/lv_image_header_cache.c.obj
[1284/1705] Building C object esp-idf/lvgl__lvgl/CMakeFiles/__idf_lvgl__lvgl.dir/src/misc/lv_matrix.c.obj
[1285/1705] Building C object esp-idf/lvgl__lvgl/CMakeFiles/__idf_lvgl__lvgl.dir/src/misc/lv_palette.c.obj
[1286/1705] Building C object esp-idf/lvgl__lvgl/CMakeFiles/__idf_lvgl__lvgl.dir/src/misc/lv_templ.c.obj
[1287/1705] Building C object esp-idf/lvgl__lvgl/CMakeFiles/__idf_lvgl__lvgl.dir/src/misc/lv_pending.c.obj
[1288/1705] Building C object esp-idf/lvgl__lvgl/CMakeFiles/__idf_lvgl__lvgl.dir/src/misc/lv_iter.c.obj
[1289/1705] Building C object esp-idf/lvgl__lvgl/CMakeFiles/__idf_lvgl__lvgl.dir/src/misc/lv_ll.c.obj
[1290/1705] Building C object esp-idf/lvgl__lvgl/CMakeFiles/__idf_lvgl__lvgl.dir/src/misc/lv_circle_buf.c.obj
[1291/1705] Building C object esp-idf/lvgl__lvgl/CMakeFiles/__idf_lvgl__lvgl.dir/src/lv_init.c.obj
[1292/1705] Building C object esp-idf/lvgl__lvgl/CMakeFiles/__idf_lvgl__lvgl.dir/src/osal/lv_cmsis_rtos2.c.obj
[1293/1705] Building C object esp-idf/lvgl__lvgl/CMakeFiles/__idf_lvgl__lvgl.dir/src/misc/lv_anim_timeline.c.obj
[1294/1705] Building C object esp-idf/lvgl__lvgl/CMakeFiles/__idf_lvgl__lvgl.dir/src/misc/lv_text_ap.c.obj
[1295/1705] Building C object esp-idf/lvgl__lvgl/CMakeFiles/__idf_lvgl__lvgl.dir/src/misc/lv_tree.c.obj
[1296/1705] Building C object esp-idf/lvgl__lvgl/CMakeFiles/__idf_lvgl__lvgl.dir/src/osal/lv_os_none.c.obj
[1297/1705] Building C object esp-idf/lvgl__lvgl/CMakeFiles/__idf_lvgl__lvgl.dir/src/misc/lv_lru.c.obj
[1298/1705] Building C object esp-idf/lvgl__lvgl/CMakeFiles/__idf_lvgl__lvgl.dir/src/misc/lv_color.c.obj
[1299/1705] Building C object esp-idf/lvgl__lvgl/CMakeFiles/__idf_lvgl__lvgl.dir/src/misc/lv_rb.c.obj
[1300/1705] Building C object esp-idf/lvgl__lvgl/CMakeFiles/__idf_lvgl__lvgl.dir/src/misc/lv_utils.c.obj
[1301/1705] Building C object esp-idf/lvgl__lvgl/CMakeFiles/__idf_lvgl__lvgl.dir/src/misc/lv_anim.c.obj
[1302/1705] Building C object esp-idf/lvgl__lvgl/CMakeFiles/__idf_lvgl__lvgl.dir/src/misc/lv_event.c.obj
[1303/1705] Building C object esp-idf/lvgl__lvgl/CMakeFiles/__idf_lvgl__lvgl.dir/src/osal/lv_linux.c.obj
[1304/1705] Building C object esp-idf/lvgl__lvgl/CMakeFiles/__idf_lvgl__lvgl.dir/src/osal/lv_pthread.c.obj
[1305/1705] Building C object esp-idf/lvgl__lvgl/CMakeFiles/__idf_lvgl__lvgl.dir/src/osal/lv_mqx.c.obj
[1306/1705] Building C object esp-idf/lvgl__lvgl/CMakeFiles/__idf_lvgl__lvgl.dir/src/osal/lv_rtthread.c.obj
[1307/1705] Building C object esp-idf/lvgl__lvgl/CMakeFiles/__idf_lvgl__lvgl.dir/src/others/translation/lv_translation.c.obj
[1308/1705] Building C object esp-idf/lvgl__lvgl/CMakeFiles/__idf_lvgl__lvgl.dir/src/misc/lv_profiler_builtin.c.obj
[1309/1705] Building C object esp-idf/lvgl__lvgl/CMakeFiles/__idf_lvgl__lvgl.dir/src/osal/lv_windows.c.obj
[1310/1705] Building C object esp-idf/lvgl__lvgl/CMakeFiles/__idf_lvgl__lvgl.dir/src/others/file_explorer/lv_file_explorer.c.obj
[1311/1705] Building C object esp-idf/lvgl__lvgl/CMakeFiles/__idf_lvgl__lvgl.dir/src/stdlib/builtin/lv_sprintf_builtin.c.obj
[1312/1705] Building C object esp-idf/lvgl__lvgl/CMakeFiles/__idf_lvgl__lvgl.dir/src/misc/lv_math.c.obj
[1313/1705] Building C object esp-idf/lvgl__lvgl/CMakeFiles/__idf_lvgl__lvgl.dir/src/osal/lv_sdl2.c.obj
[1314/1705] Building C object esp-idf/lvgl__lvgl/CMakeFiles/__idf_lvgl__lvgl.dir/src/stdlib/builtin/lv_mem_core_builtin.c.obj
[1315/1705] Building C object esp-idf/lvgl__lvgl/CMakeFiles/__idf_lvgl__lvgl.dir/src/stdlib/clib/lv_sprintf_clib.c.obj
[1316/1705] Building C object esp-idf/lvgl__lvgl/CMakeFiles/__idf_lvgl__lvgl.dir/src/stdlib/clib/lv_mem_core_clib.c.obj
[1317/1705] Building C object esp-idf/lvgl__lvgl/CMakeFiles/__idf_lvgl__lvgl.dir/src/stdlib/builtin/lv_tlsf.c.obj
[1318/1705] Building C object esp-idf/lvgl__lvgl/CMakeFiles/__idf_lvgl__lvgl.dir/src/osal/lv_os.c.obj
[1319/1705] Building C object esp-idf/lvgl__lvgl/CMakeFiles/__idf_lvgl__lvgl.dir/src/stdlib/rtthread/lv_mem_core_rtthread.c.obj
[1320/1705] Building C object esp-idf/lvgl__lvgl/CMakeFiles/__idf_lvgl__lvgl.dir/src/others/fragment/lv_fragment_manager.c.obj
[1321/1705] Building C object esp-idf/lvgl__lvgl/CMakeFiles/__idf_lvgl__lvgl.dir/src/others/fragment/lv_fragment.c.obj
[1322/1705] Building C object esp-idf/lvgl__lvgl/CMakeFiles/__idf_lvgl__lvgl.dir/src/stdlib/builtin/lv_string_builtin.c.obj
[1323/1705] Building C object esp-idf/lvgl__lvgl/CMakeFiles/__idf_lvgl__lvgl.dir/src/stdlib/rtthread/lv_string_rtthread.c.obj
[1324/1705] Building C object esp-idf/lvgl__lvgl/CMakeFiles/__idf_lvgl__lvgl.dir/src/stdlib/rtthread/lv_sprintf_rtthread.c.obj
[1325/1705] Building C object esp-idf/lvgl__lvgl/CMakeFiles/__idf_lvgl__lvgl.dir/src/stdlib/micropython/lv_mem_core_micropython.c.obj
[1326/1705] Building C object esp-idf/lvgl__lvgl/CMakeFiles/__idf_lvgl__lvgl.dir/src/libs/qrcode/qrcodegen.c.obj
[1327/1705] Building C object esp-idf/lvgl__lvgl/CMakeFiles/__idf_lvgl__lvgl.dir/src/widgets/3dtexture/lv_3dtexture.c.obj
[1328/1705] Building C object esp-idf/lvgl__lvgl/CMakeFiles/__idf_lvgl__lvgl.dir/src/misc/lv_timer.c.obj
[1329/1705] Building C object esp-idf/lvgl__lvgl/CMakeFiles/__idf_lvgl__lvgl.dir/src/stdlib/clib/lv_string_clib.c.obj
[1330/1705] Building C object esp-idf/lvgl__lvgl/CMakeFiles/__idf_lvgl__lvgl.dir/src/misc/lv_area.c.obj
[1331/1705] Building C object esp-idf/lvgl__lvgl/CMakeFiles/__idf_lvgl__lvgl.dir/src/misc/lv_style_gen.c.obj
[1332/1705] Building C object esp-idf/lvgl__lvgl/CMakeFiles/__idf_lvgl__lvgl.dir/src/osal/lv_freertos.c.obj
[1333/1705] Building C object esp-idf/lvgl__lvgl/CMakeFiles/__idf_lvgl__lvgl.dir/src/stdlib/uefi/lv_mem_core_uefi.c.obj
[1334/1705] Building C object esp-idf/lvgl__lvgl/CMakeFiles/__idf_lvgl__lvgl.dir/src/widgets/arclabel/lv_arclabel.c.obj
[1335/1705] Building C object esp-idf/lvgl__lvgl/CMakeFiles/__idf_lvgl__lvgl.dir/src/misc/lv_text.c.obj
[1336/1705] Building C object esp-idf/lvgl__lvgl/CMakeFiles/__idf_lvgl__lvgl.dir/src/misc/lv_style.c.obj
[1337/1705] Building C object esp-idf/lvgl__lvgl/CMakeFiles/__idf_lvgl__lvgl.dir/src/widgets/bar/lv_bar.c.obj
[1338/1705] Building C object esp-idf/lvgl__lvgl/CMakeFiles/__idf_lvgl__lvgl.dir/src/widgets/calendar/lv_calendar_chinese.c.obj
[1339/1705] Building C object esp-idf/lvgl__lvgl/CMakeFiles/__idf_lvgl__lvgl.dir/src/widgets/buttonmatrix/lv_buttonmatrix.c.obj
[1340/1705] Building C object esp-idf/lvgl__lvgl/CMakeFiles/__idf_lvgl__lvgl.dir/src/stdlib/lv_mem.c.obj
[1341/1705] Building C object esp-idf/lvgl__lvgl/CMakeFiles/__idf_lvgl__lvgl.dir/src/widgets/animimage/lv_animimage.c.obj
[1342/1705] Building C object esp-idf/lvgl__lvgl/CMakeFiles/__idf_lvgl__lvgl.dir/src/widgets/button/lv_button.c.obj
[1343/1705] Building C object esp-idf/lvgl__lvgl/CMakeFiles/__idf_lvgl__lvgl.dir/src/misc/lv_fs.c.obj
[1344/1705] Building C object esp-idf/lvgl__lvgl/CMakeFiles/__idf_lvgl__lvgl.dir/src/widgets/gif/lv_gif.c.obj
[1345/1705] Building C object esp-idf/lvgl__lvgl/CMakeFiles/__idf_lvgl__lvgl.dir/src/widgets/checkbox/lv_checkbox.c.obj
[1346/1705] Building C object esp-idf/lvgl__lvgl/CMakeFiles/__idf_lvgl__lvgl.dir/src/tick/lv_tick.c.obj
[1347/1705] Building C object esp-idf/lvgl__lvgl/CMakeFiles/__idf_lvgl__lvgl.dir/src/widgets/calendar/lv_calendar_header_arrow.c.obj
[1348/1705] Building C object esp-idf/lvgl__lvgl/CMakeFiles/__idf_lvgl__lvgl.dir/src/widgets/calendar/lv_calendar_header_dropdown.c.obj
[1349/1705] Building C object esp-idf/lvgl__lvgl/CMakeFiles/__idf_lvgl__lvgl.dir/src/widgets/lottie/lv_lottie.c.obj
[1350/1705] Building C object esp-idf/lvgl__lvgl/CMakeFiles/__idf_lvgl__lvgl.dir/src/widgets/chart/lv_chart.c.obj
[1351/1705] Building C object esp-idf/lvgl__lvgl/CMakeFiles/__idf_lvgl__lvgl.dir/src/widgets/objx_templ/lv_objx_templ.c.obj
[1352/1705] Building C object esp-idf/lvgl__lvgl/CMakeFiles/__idf_lvgl__lvgl.dir/src/widgets/led/lv_led.c.obj
[1353/1705] Building C object esp-idf/lvgl__lvgl/CMakeFiles/__idf_lvgl__lvgl.dir/src/widgets/ime/lv_ime_pinyin.c.obj
[1354/1705] Building C object esp-idf/lvgl__lvgl/CMakeFiles/__idf_lvgl__lvgl.dir/src/themes/default/lv_theme_default.c.obj
[1355/1705] Building C object esp-idf/lvgl__lvgl/CMakeFiles/__idf_lvgl__lvgl.dir/src/themes/simple/lv_theme_simple.c.obj
[1356/1705] Building C object esp-idf/lvgl__lvgl/CMakeFiles/__idf_lvgl__lvgl.dir/src/widgets/property/lv_buttonmatrix_properties.c.obj
[1357/1705] Building C object esp-idf/lvgl__lvgl/CMakeFiles/__idf_lvgl__lvgl.dir/src/widgets/property/lv_bar_properties.c.obj
[1358/1705] Building C object esp-idf/lvgl__lvgl/CMakeFiles/__idf_lvgl__lvgl.dir/src/themes/mono/lv_theme_mono.c.obj
[1359/1705] Building C object esp-idf/lvgl__lvgl/CMakeFiles/__idf_lvgl__lvgl.dir/src/widgets/list/lv_list.c.obj
[1360/1705] Building C object esp-idf/lvgl__lvgl/CMakeFiles/__idf_lvgl__lvgl.dir/src/widgets/menu/lv_menu.c.obj
[1361/1705] Building C object esp-idf/lvgl__lvgl/CMakeFiles/__idf_lvgl__lvgl.dir/src/widgets/property/lv_animimage_properties.c.obj
[1362/1705] Building C object esp-idf/lvgl__lvgl/CMakeFiles/__idf_lvgl__lvgl.dir/src/widgets/property/lv_arc_properties.c.obj
[1363/1705] Building C object esp-idf/lvgl__lvgl/CMakeFiles/__idf_lvgl__lvgl.dir/src/widgets/imagebutton/lv_imagebutton.c.obj
[1364/1705] Building C object esp-idf/lvgl__lvgl/CMakeFiles/__idf_lvgl__lvgl.dir/src/widgets/keyboard/lv_keyboard.c.obj
[1365/1705] Building C object esp-idf/lvgl__lvgl/CMakeFiles/__idf_lvgl__lvgl.dir/src/widgets/calendar/lv_calendar.c.obj
[1366/1705] Building C object esp-idf/lvgl__lvgl/CMakeFiles/__idf_lvgl__lvgl.dir/src/widgets/property/lv_scale_properties.c.obj
[1367/1705] Building C object esp-idf/lvgl__lvgl/CMakeFiles/__idf_lvgl__lvgl.dir/src/themes/lv_theme.c.obj
[1368/1705] Building C object esp-idf/lvgl__lvgl/CMakeFiles/__idf_lvgl__lvgl.dir/src/widgets/msgbox/lv_msgbox.c.obj
[1369/1705] Building C object esp-idf/lvgl__lvgl/CMakeFiles/__idf_lvgl__lvgl.dir/src/widgets/property/lv_checkbox_properties.c.obj
[1370/1705] Building C object esp-idf/lvgl__lvgl/CMakeFiles/__idf_lvgl__lvgl.dir/src/widgets/property/lv_keyboard_properties.c.obj
[1371/1705] Building C object esp-idf/lvgl__lvgl/CMakeFiles/__idf_lvgl__lvgl.dir/src/widgets/property/lv_label_properties.c.obj
[1372/1705] Building C object esp-idf/lvgl__lvgl/CMakeFiles/__idf_lvgl__lvgl.dir/src/widgets/property/lv_slider_properties.c.obj
[1373/1705] Building C object esp-idf/lvgl__lvgl/CMakeFiles/__idf_lvgl__lvgl.dir/src/widgets/property/lv_chart_properties.c.obj
[1374/1705] Building C object esp-idf/lvgl__lvgl/CMakeFiles/__idf_lvgl__lvgl.dir/src/widgets/property/lv_dropdown_properties.c.obj
[1375/1705] Building C object esp-idf/lvgl__lvgl/CMakeFiles/__idf_lvgl__lvgl.dir/src/widgets/property/lv_obj_properties.c.obj
[1376/1705] Building C object esp-idf/lvgl__lvgl/CMakeFiles/__idf_lvgl__lvgl.dir/src/widgets/property/lv_switch_properties.c.obj
[1377/1705] Building C object esp-idf/lvgl__lvgl/CMakeFiles/__idf_lvgl__lvgl.dir/src/widgets/line/lv_line.c.obj
[1378/1705] Building C object esp-idf/lvgl__lvgl/CMakeFiles/__idf_lvgl__lvgl.dir/src/widgets/property/lv_led_properties.c.obj
[1379/1705] Building C object esp-idf/lvgl__lvgl/CMakeFiles/__idf_lvgl__lvgl.dir/src/widgets/property/lv_menu_properties.c.obj
[1380/1705] Building C object esp-idf/lvgl__lvgl/CMakeFiles/__idf_lvgl__lvgl.dir/src/widgets/property/lv_line_properties.c.obj
[1381/1705] Building C object esp-idf/lvgl__lvgl/CMakeFiles/__idf_lvgl__lvgl.dir/src/widgets/property/lv_spinner_properties.c.obj
[1382/1705] Building C object esp-idf/lvgl__lvgl/CMakeFiles/__idf_lvgl__lvgl.dir/src/widgets/canvas/lv_canvas.c.obj
[1383/1705] Building C object esp-idf/lvgl__lvgl/CMakeFiles/__idf_lvgl__lvgl.dir/src/widgets/property/lv_image_properties.c.obj
[1384/1705] Building C object esp-idf/lvgl__lvgl/CMakeFiles/__idf_lvgl__lvgl.dir/src/widgets/property/lv_span_properties.c.obj
[1385/1705] Building C object esp-idf/lvgl__lvgl/CMakeFiles/__idf_lvgl__lvgl.dir/src/widgets/property/lv_roller_properties.c.obj
[1386/1705] Building C object esp-idf/lvgl__lvgl/CMakeFiles/__idf_lvgl__lvgl.dir/src/widgets/property/lv_spinbox_properties.c.obj
[1387/1705] Building C object esp-idf/lvgl__lvgl/CMakeFiles/__idf_lvgl__lvgl.dir/src/widgets/spinner/lv_spinner.c.obj
[1388/1705] Building C object esp-idf/lvgl__lvgl/CMakeFiles/__idf_lvgl__lvgl.dir/src/widgets/property/lv_style_properties.c.obj
[1389/1705] Building C object esp-idf/lvgl__lvgl/CMakeFiles/__idf_lvgl__lvgl.dir/src/widgets/property/lv_textarea_properties.c.obj
[1390/1705] Building C object esp-idf/lvgl__lvgl/CMakeFiles/__idf_lvgl__lvgl.dir/src/widgets/slider/lv_slider.c.obj
[1391/1705] Building C object esp-idf/lvgl__lvgl/CMakeFiles/__idf_lvgl__lvgl.dir/src/widgets/switch/lv_switch.c.obj
[1392/1705] Building C object esp-idf/lvgl__lvgl/CMakeFiles/__idf_lvgl__lvgl.dir/src/widgets/scale/lv_scale.c.obj
[1393/1705] Building C object esp-idf/lvgl__lvgl/CMakeFiles/__idf_lvgl__lvgl.dir/src/widgets/property/lv_table_properties.c.obj
[1394/1705] Building C object esp-idf/lvgl__lvgl/CMakeFiles/__idf_lvgl__lvgl.dir/src/widgets/spinbox/lv_spinbox.c.obj
[1395/1705] Building C object esp-idf/lvgl__lvgl/CMakeFiles/__idf_lvgl__lvgl.dir/src/widgets/tileview/lv_tileview.c.obj
[1396/1705] Building C object esp-idf/lvgl__lvgl/CMakeFiles/__idf_lvgl__lvgl.dir/src/widgets/property/lv_tabview_properties.c.obj
[1397/1705] Building C object esp-idf/esp_adc/CMakeFiles/__idf_esp_adc.dir/adc_cali.c.obj
[1398/1705] Building C object esp-idf/lvgl__lvgl/CMakeFiles/__idf_lvgl__lvgl.dir/src/widgets/textarea/lv_textarea.c.obj
[1399/1705] Building C object esp-idf/lvgl__lvgl/CMakeFiles/__idf_lvgl__lvgl.dir/src/widgets/span/lv_span.c.obj
[1400/1705] Building C object esp-idf/espressif__libpng/CMakeFiles/__idf_espressif__libpng.dir/libpng/example.c.obj
[1401/1705] Linking C static library esp-idf/espressif__zlib/libespressif__zlib.a
[1402/1705] Building C object esp-idf/esp_adc/CMakeFiles/__idf_esp_adc.dir/esp32s3/curve_fitting_coefficients.c.obj
[1403/1705] Building C object esp-idf/lvgl__lvgl/CMakeFiles/__idf_lvgl__lvgl.dir/src/widgets/table/lv_table.c.obj
[1404/1705] Building C object esp-idf/esp_adc/CMakeFiles/__idf_esp_adc.dir/adc_common.c.obj
[1405/1705] Building C object esp-idf/lvgl__lvgl/CMakeFiles/__idf_lvgl__lvgl.dir/src/widgets/win/lv_win.c.obj
[1406/1705] Building C object esp-idf/lvgl__lvgl/CMakeFiles/__idf_lvgl__lvgl.dir/src/widgets/image/lv_image.c.obj
[1407/1705] Building C object esp-idf/lvgl__lvgl/CMakeFiles/__idf_lvgl__lvgl.dir/src/widgets/arc/lv_arc.c.obj
[1408/1705] Building C object esp-idf/esp_adc/CMakeFiles/__idf_esp_adc.dir/gdma/adc_dma.c.obj
[1409/1705] Building C object esp-idf/esp_adc/CMakeFiles/__idf_esp_adc.dir/adc_oneshot.c.obj
[1410/1705] Building C object esp-idf/lvgl__lvgl/CMakeFiles/__idf_lvgl__lvgl.dir/src/widgets/tabview/lv_tabview.c.obj
[1411/1705] Building C object esp-idf/espressif__libpng/CMakeFiles/__idf_espressif__libpng.dir/libpng/pngrio.c.obj
[1412/1705] Building C object esp-idf/esp_adc/CMakeFiles/__idf_esp_adc.dir/adc_cali_curve_fitting.c.obj
[1413/1705] Building C object esp-idf/lvgl__lvgl/CMakeFiles/__idf_lvgl__lvgl.dir/src/widgets/dropdown/lv_dropdown.c.obj
[1414/1705] Building C object esp-idf/espressif__libpng/CMakeFiles/__idf_espressif__libpng.dir/libpng/pngmem.c.obj
[1415/1705] Linking C static library esp-idf/driver/libdriver.a
[1416/1705] Building C object esp-idf/espressif__libpng/CMakeFiles/__idf_espressif__libpng.dir/libpng/pngwio.c.obj
[1417/1705] Building C object esp-idf/esp_adc/CMakeFiles/__idf_esp_adc.dir/adc_filter.c.obj
[1418/1705] Building C object esp-idf/esp_adc/CMakeFiles/__idf_esp_adc.dir/adc_monitor.c.obj
[1419/1705] Building C object esp-idf/esp_hal_ledc/CMakeFiles/__idf_esp_hal_ledc.dir/esp32s3/ledc_periph.c.obj
[1420/1705] Linking C static library esp-idf/esp_lcd/libesp_lcd.a
[1421/1705] Building C object esp-idf/esp_hal_ledc/CMakeFiles/__idf_esp_hal_ledc.dir/ledc_hal.c.obj
[1422/1705] Building C object esp-idf/esp_hal_ledc/CMakeFiles/__idf_esp_hal_ledc.dir/ledc_hal_iram.c.obj
[1423/1705] Building C object esp-idf/lvgl__lvgl/CMakeFiles/__idf_lvgl__lvgl.dir/src/widgets/label/lv_label.c.obj
[1424/1705] Building C object esp-idf/espressif__libpng/CMakeFiles/__idf_espressif__libpng.dir/libpng/pngwtran.c.obj
[1425/1705] Building C object esp-idf/lvgl__lvgl/CMakeFiles/__idf_lvgl__lvgl.dir/src/widgets/roller/lv_roller.c.obj
[1426/1705] Building C object esp-idf/esp_adc/CMakeFiles/__idf_esp_adc.dir/adc_continuous.c.obj
[1427/1705] Building C object esp-idf/espressif__button/CMakeFiles/__idf_espressif__button.dir/button_matrix.c.obj
[1428/1705] Building C object esp-idf/espressif__libpng/CMakeFiles/__idf_espressif__libpng.dir/libpng/pngerror.c.obj
[1429/1705] Building C object esp-idf/espressif__libpng/CMakeFiles/__idf_espressif__libpng.dir/libpng/pngtrans.c.obj
[1430/1705] Building C object esp-idf/espressif__libpng/CMakeFiles/__idf_espressif__libpng.dir/libpng/pngpread.c.obj
[1431/1705] Linking C static library esp-idf/esp_adc/libesp_adc.a
[1432/1705] Building C object esp-idf/espressif__button/CMakeFiles/__idf_espressif__button.dir/button_rtc.c.obj
[1433/1705] Building C object esp-idf/espressif__button/CMakeFiles/__idf_espressif__button.dir/button_gpio.c.obj
[1434/1705] Building C object esp-idf/espressif__freetype/output/CMakeFiles/freetype.dir/src/base/ftbdf.c.obj
[1435/1705] Building C object esp-idf/espressif__esp_lcd_touch/CMakeFiles/__idf_espressif__esp_lcd_touch.dir/esp_lcd_touch.c.obj
[1436/1705] Building C object esp-idf/espressif__libpng/CMakeFiles/__idf_espressif__libpng.dir/libpng/pngtest.c.obj
[1437/1705] Building C object esp-idf/espressif__freetype/output/CMakeFiles/freetype.dir/src/base/ftcid.c.obj
[1438/1705] Building C object esp-idf/espressif__esp_mmap_assets/CMakeFiles/__idf_espressif__esp_mmap_assets.dir/esp_mmap_assets.c.obj
[1439/1705] Building C object esp-idf/espressif__libpng/CMakeFiles/__idf_espressif__libpng.dir/libpng/pngget.c.obj
[1440/1705] Linking C static library esp-idf/espressif__esp_mmap_assets/libespressif__esp_mmap_assets.a
[1441/1705] Building C object esp-idf/espressif__freetype/output/CMakeFiles/freetype.dir/src/base/ftfstype.c.obj
[1442/1705] Building C object esp-idf/espressif__freetype/output/CMakeFiles/freetype.dir/src/base/ftbbox.c.obj
[1443/1705] Building C object esp-idf/espressif__freetype/output/CMakeFiles/freetype.dir/src/base/ftgasp.c.obj
[1444/1705] Building C object esp-idf/espressif__freetype/output/CMakeFiles/freetype.dir/src/base/ftgxval.c.obj
[1445/1705] Building C object esp-idf/espressif__button/CMakeFiles/__idf_espressif__button.dir/button_adc.c.obj
[1446/1705] Building C object esp-idf/espressif__freetype/output/CMakeFiles/freetype.dir/src/base/ftinit.c.obj
[1447/1705] Building C object esp-idf/espressif__libpng/CMakeFiles/__idf_espressif__libpng.dir/libpng/pngset.c.obj
[1448/1705] Building C object esp-idf/espressif__freetype/output/CMakeFiles/freetype.dir/src/base/ftotval.c.obj
[1449/1705] Building C object esp-idf/espressif__freetype/output/CMakeFiles/freetype.dir/src/base/ftpatent.c.obj
[1450/1705] Building C object esp-idf/espressif__freetype/output/CMakeFiles/freetype.dir/src/base/ftpfr.c.obj
[1451/1705] Building C object esp-idf/espressif__libpng/CMakeFiles/__idf_espressif__libpng.dir/libpng/pngwrite.c.obj
[1452/1705] Building C object esp-idf/espressif__freetype/output/CMakeFiles/freetype.dir/src/base/ftglyph.c.obj
[1453/1705] Building C object esp-idf/espressif__freetype/output/CMakeFiles/freetype.dir/src/base/fttype1.c.obj
[1454/1705] Building C object esp-idf/espressif__freetype/output/CMakeFiles/freetype.dir/src/base/ftbitmap.c.obj
[1455/1705] Linking C static library esp-idf/lvgl__lvgl/liblvgl__lvgl.a
[1456/1705] Building C object esp-idf/espressif__esp_lv_fs/CMakeFiles/__idf_espressif__esp_lv_fs.dir/esp_lv_fs.c.obj
[1457/1705] Building C object esp-idf/espressif__freetype/output/CMakeFiles/freetype.dir/src/bzip2/ftbzip2.c.obj
[1458/1705] Building C object esp-idf/espressif__button/CMakeFiles/__idf_espressif__button.dir/iot_button.c.obj
[1459/1705] Building C object esp-idf/espressif__freetype/output/CMakeFiles/freetype.dir/src/base/ftwinfnt.c.obj
[1460/1705] Building C object esp-idf/espressif__freetype/output/CMakeFiles/freetype.dir/src/base/ftsynth.c.obj
[1461/1705] Building C object esp-idf/espressif__freetype/output/CMakeFiles/freetype.dir/src/base/ftmm.c.obj
[1462/1705] Building C object esp-idf/espressif__freetype/output/CMakeFiles/freetype.dir/src/lzw/ftlzw.c.obj
[1463/1705] Building C object esp-idf/espressif__libpng/CMakeFiles/__idf_espressif__libpng.dir/libpng/png.c.obj
[1464/1705] Building C object esp-idf/espressif__libpng/CMakeFiles/__idf_espressif__libpng.dir/libpng/pngwutil.c.obj
[1465/1705] Building C object esp-idf/espressif__freetype/output/CMakeFiles/freetype.dir/src/psnames/psnames.c.obj
[1466/1705] Building C object esp-idf/espressif__libpng/CMakeFiles/__idf_espressif__libpng.dir/libpng/pngread.c.obj
[1467/1705] Building C object esp-idf/espressif__libpng/CMakeFiles/__idf_espressif__libpng.dir/libpng/pngrutil.c.obj
[1468/1705] Building C object esp-idf/espressif__freetype/output/CMakeFiles/freetype.dir/src/svg/svg.c.obj
[1469/1705] Building C object esp-idf/espressif__freetype/output/CMakeFiles/freetype.dir/src/pcf/pcf.c.obj
[1470/1705] Building C object esp-idf/espressif__freetype/output/CMakeFiles/freetype.dir/src/bdf/bdf.c.obj
[1471/1705] Building C object esp-idf/espressif__freetype/output/CMakeFiles/freetype.dir/src/base/ftstroke.c.obj
[1472/1705] Building C object esp-idf/espressif__esp_lv_decoder/CMakeFiles/lvgl_docoder_lib.dir/src/lvgl9/esp_lv_decoder.c.obj
[1473/1705] Building C object esp-idf/espressif__freetype/output/CMakeFiles/freetype.dir/src/raster/raster.c.obj
[1474/1705] Building C object esp-idf/espressif__freetype/output/CMakeFiles/freetype.dir/src/base/ftdebug.c.obj
[1475/1705] Building C object esp-idf/espressif__freetype/output/CMakeFiles/freetype.dir/src/base/ftsystem.c.obj
[1476/1705] Linking C static library esp-idf/esp_hal_ledc/libesp_hal_ledc.a
[1477/1705] Building C object esp-idf/espressif__knob/CMakeFiles/__idf_espressif__knob.dir/knob_gpio.c.obj
[1478/1705] Linking C static library esp-idf/espressif__esp_lcd_touch/libespressif__esp_lcd_touch.a
[1479/1705] Linking C static library esp-idf/espressif__button/libespressif__button.a
[1480/1705] Building C object esp-idf/espressif__knob/CMakeFiles/__idf_espressif__knob.dir/knob_rtc.c.obj
[1481/1705] Linking C static library esp-idf/espressif__esp_lv_fs/libespressif__esp_lv_fs.a
[1482/1705] Building C object esp-idf/espressif__freetype/output/CMakeFiles/freetype.dir/src/cid/type1cid.c.obj
[1483/1705] Building C object esp-idf/espressif__freetype/output/CMakeFiles/freetype.dir/src/winfonts/winfnt.c.obj
[1484/1705] Building C object esp-idf/espressif__freetype/output/CMakeFiles/freetype.dir/src/smooth/smooth.c.obj
[1485/1705] Building C object esp-idf/espressif__freetype/output/CMakeFiles/freetype.dir/src/cache/ftcache.c.obj
[1486/1705] Building C object esp-idf/espressif__knob/CMakeFiles/__idf_espressif__knob.dir/iot_knob.c.obj
[1487/1705] Linking C static library esp-idf/espressif__knob/libespressif__knob.a
[1488/1705] Building C object esp-idf/espressif__esp_lcd_st7796/CMakeFiles/__idf_espressif__esp_lcd_st7796.dir/esp_lcd_st7796.c.obj
[1489/1705] Building C object esp-idf/espressif__freetype/output/CMakeFiles/freetype.dir/src/gzip/ftgzip.c.obj
[1490/1705] Building C object esp-idf/espressif__freetype/output/CMakeFiles/freetype.dir/src/pfr/pfr.c.obj
[1491/1705] Building C object esp-idf/espressif__esp_lvgl_adapter/CMakeFiles/__idf_espressif__esp_lvgl_adapter.dir/src/display/bridge/v9/lvgl_ppa_accel_v9.c.obj
[1492/1705] Building C object esp-idf/espressif__freetype/output/CMakeFiles/freetype.dir/src/type42/type42.c.obj
[1493/1705] Building C object esp-idf/espressif__esp_lcd_st7796/CMakeFiles/__idf_espressif__esp_lcd_st7796.dir/esp_lcd_st7796_general.c.obj
[1494/1705] Linking C static library esp-idf/espressif__esp_lcd_st7796/libespressif__esp_lcd_st7796.a
[1495/1705] Building C object esp-idf/espressif__freetype/output/CMakeFiles/freetype.dir/src/sdf/sdf.c.obj
[1496/1705] Building C object esp-idf/espressif__esp_lvgl_adapter/CMakeFiles/__idf_espressif__esp_lvgl_adapter.dir/src/display/display_te_sync.c.obj
[1497/1705] Building C object esp-idf/esp_bms_lvgl_ui/CMakeFiles/__idf_esp_bms_lvgl_ui.dir/bluetoothon.c.obj
[1498/1705] Building C object esp-idf/espressif__libpng/CMakeFiles/__idf_espressif__libpng.dir/libpng/pngrtran.c.obj
[1499/1705] Linking C static library esp-idf/espressif__libpng/libespressif__libpng.a
[1500/1705] Linking CXX static library esp-idf/espressif__esp_lv_decoder/liblvgl_docoder_lib.a
[1501/1705] Building C object esp-idf/espressif__esp_lcd_touch_gt1151/CMakeFiles/__idf_espressif__esp_lcd_touch_gt1151.dir/esp_lcd_touch_gt1151.c.obj
[1502/1705] Building C object esp-idf/espressif__esp_lvgl_adapter/CMakeFiles/__idf_espressif__esp_lvgl_adapter.dir/src/input/esp_lv_adapter_input_touch.c.obj
[1503/1705] Linking C static library esp-idf/espressif__esp_lcd_touch_gt1151/libespressif__esp_lcd_touch_gt1151.a
[1504/1705] Building C object esp-idf/espressif__freetype/output/CMakeFiles/freetype.dir/src/pshinter/pshinter.c.obj
[1505/1705] Building C object esp-idf/esp_bms_lvgl_ui/CMakeFiles/__idf_esp_bms_lvgl_ui.dir/settings_zh_16.c.obj
[1506/1705] Building C object esp-idf/esp_bms_lvgl_ui/CMakeFiles/__idf_esp_bms_lvgl_ui.dir/wlanJZ.c.obj
[1507/1705] Building C object esp-idf/espressif__esp_lvgl_adapter/CMakeFiles/__idf_espressif__esp_lvgl_adapter.dir/src/display/bridge/common/display_bridge_common.c.obj
[1508/1705] Building C object esp-idf/esp_bms_lvgl_ui/CMakeFiles/__idf_esp_bms_lvgl_ui.dir/settings_zh_13.c.obj
[1509/1705] Building C object esp-idf/esp_driver_ledc/CMakeFiles/__idf_esp_driver_ledc.dir/src/ledc.c.obj
[1510/1705] Building C object esp-idf/esp_bms_lvgl_ui/CMakeFiles/__idf_esp_bms_lvgl_ui.dir/settings_zh_10.c.obj
[1511/1705] Linking C static library esp-idf/esp_driver_ledc/libesp_driver_ledc.a
[1512/1705] Building C object esp-idf/espressif__freetype/output/CMakeFiles/freetype.dir/src/cff/cff.c.obj
[1513/1705] Building C object esp-idf/espressif__esp_lvgl_adapter/CMakeFiles/__idf_espressif__esp_lvgl_adapter.dir/src/adapter/esp_lv_adapter.c.obj
[1514/1705] Building C object esp-idf/espressif__freetype/output/CMakeFiles/freetype.dir/src/type1/type1.c.obj
[1515/1705] Building C object esp-idf/espressif__esp_lvgl_adapter/CMakeFiles/__idf_espressif__esp_lvgl_adapter.dir/src/display/display_manager.c.obj
[1516/1705] Building C object esp-idf/esp_bms_lvgl_ui/CMakeFiles/__idf_esp_bms_lvgl_ui.dir/ui_settings_pickers.c.obj
[1517/1705] Building C object esp-idf/esp_bms_lvgl_ui/CMakeFiles/__idf_esp_bms_lvgl_ui.dir/ui_simulator.c.obj
In file included from /vol1/1000/project/esp32BmsGps/components/esp_bms_lvgl_ui/ui_simulator.c:5:
/vol1/1000/project/esp32BmsGps/components/esp_bms_lvgl_ui/esp_bms_lvgl_ui_internal.h:23:20: warning: 'TAG' defined but not used [-Wunused-variable]
   23 | static const char *TAG = "bms_lvgl_ui";
      |                    ^~~
[1518/1705] Building C object esp-idf/esp_bms_lvgl_ui/CMakeFiles/__idf_esp_bms_lvgl_ui.dir/ui_dashboard_pages.c.obj
[1519/1705] Building C object esp-idf/esp_bms_lvgl_ui/CMakeFiles/__idf_esp_bms_lvgl_ui.dir/settings_zh_18.c.obj
[1520/1705] Building C object esp-idf/esp_bms_lvgl_ui/CMakeFiles/__idf_esp_bms_lvgl_ui.dir/controller_digits_72.c.obj
[1521/1705] Building C object esp-idf/esp_bms_lvgl_ui/CMakeFiles/__idf_esp_bms_lvgl_ui.dir/ui_bms_dashboard.c.obj
In file included from /vol1/1000/project/esp32BmsGps/components/esp_bms_lvgl_ui/ui_bms_dashboard.c:5:
/vol1/1000/project/esp32BmsGps/components/esp_bms_lvgl_ui/esp_bms_lvgl_ui_internal.h:23:20: warning: 'TAG' defined but not used [-Wunused-variable]
   23 | static const char *TAG = "bms_lvgl_ui";
      |                    ^~~
[1522/1705] Building C object esp-idf/esp_bms_lvgl_bridge/CMakeFiles/__idf_esp_bms_lvgl_bridge.dir/esp_bms_lvgl_bridge.c.obj
[1523/1705] Building C object esp-idf/esp_bms_lvgl_ui/CMakeFiles/__idf_esp_bms_lvgl_ui.dir/fireblade_digits_64.c.obj
[1524/1705] Building C object esp-idf/esp_bms_lvgl_ui/CMakeFiles/__idf_esp_bms_lvgl_ui.dir/esp_bms_lvgl_ui.c.obj
[1525/1705] Building C object esp-idf/esp_bms_lvgl_ui/CMakeFiles/__idf_esp_bms_lvgl_ui.dir/fireblade_info_digits_12.c.obj
[1526/1705] Building C object esp-idf/espressif__esp_lvgl_adapter/CMakeFiles/__idf_espressif__esp_lvgl_adapter.dir/src/display/bridge/v9/lvgl_bridge_v9.c.obj
[1527/1705] Building C object esp-idf/esp_bms_lvgl_ui/CMakeFiles/__idf_esp_bms_lvgl_ui.dir/fireblade_scale_digits_14.c.obj
[1528/1705] Building C object esp-idf/esp_bms_lvgl_ui/CMakeFiles/__idf_esp_bms_lvgl_ui.dir/ui_dashboard_controller.c.obj
In file included from /vol1/1000/project/esp32BmsGps/components/esp_bms_lvgl_ui/ui_dashboard_controller.c:5:
/vol1/1000/project/esp32BmsGps/components/esp_bms_lvgl_ui/esp_bms_lvgl_ui_internal.h:23:20: warning: 'TAG' defined but not used [-Wunused-variable]
   23 | static const char *TAG = "bms_lvgl_ui";
      |                    ^~~
[1529/1705] Building C object esp-idf/esp_bms_lvgl_ui/CMakeFiles/__idf_esp_bms_lvgl_ui.dir/fireblade_info_units_8.c.obj
[1530/1705] Building C object esp-idf/bt/CMakeFiles/__idf_bt.dir/common/btc/core/btc_alarm.c.obj
[1531/1705] Building C object esp-idf/esp_bms_lvgl_ui/CMakeFiles/__idf_esp_bms_lvgl_ui.dir/ui_settings_system.c.obj
[1532/1705] Building C object esp-idf/esp_fardriver_protocol/CMakeFiles/__idf_esp_fardriver_protocol.dir/esp_fardriver_protocol.c.obj
[1533/1705] Building C object esp-idf/bt/CMakeFiles/__idf_bt.dir/common/hci_log/bt_hci_log.c.obj
[1534/1705] Building C object esp-idf/bt/CMakeFiles/__idf_bt.dir/common/btc/core/btc_manage.c.obj
[1535/1705] Building C object esp-idf/bt/CMakeFiles/__idf_bt.dir/common/api/esp_blufi_api.c.obj
[1536/1705] Building C object esp-idf/bt/CMakeFiles/__idf_bt.dir/common/btc/profile/esp/blufi/blufi_protocol.c.obj
[1537/1705] Building C object esp-idf/bt/CMakeFiles/__idf_bt.dir/common/btc/core/btc_task.c.obj
[1538/1705] Building C object esp-idf/bt/CMakeFiles/__idf_bt.dir/common/osi/allocator.c.obj
[1539/1705] Building C object esp-idf/bt/CMakeFiles/__idf_bt.dir/common/osi/buffer.c.obj
[1540/1705] Building C object esp-idf/bt/CMakeFiles/__idf_bt.dir/common/btc/profile/esp/blufi/blufi_prf.c.obj
[1541/1705] Building C object esp-idf/bt/CMakeFiles/__idf_bt.dir/common/osi/hash_functions.c.obj
[1542/1705] Building C object esp-idf/esp_bms_lvgl_ui/CMakeFiles/__idf_esp_bms_lvgl_ui.dir/ui_screen.c.obj
[1543/1705] Building C object esp-idf/bt/CMakeFiles/__idf_bt.dir/common/osi/fixed_queue.c.obj
[1544/1705] Building C object esp-idf/bt/CMakeFiles/__idf_bt.dir/common/osi/pkt_queue.c.obj
[1545/1705] Building C object esp-idf/bt/CMakeFiles/__idf_bt.dir/common/osi/future.c.obj
[1546/1705] Building C object esp-idf/bt/CMakeFiles/__idf_bt.dir/common/osi/alarm.c.obj
[1547/1705] Building C object esp-idf/esp_bms_lvgl_ui/CMakeFiles/__idf_esp_bms_lvgl_ui.dir/ui_boot_ota.c.obj
[1548/1705] Building C object esp-idf/bt/CMakeFiles/__idf_bt.dir/common/osi/hash_map.c.obj
[1549/1705] Building C object esp-idf/esp_bms_lvgl_ui/CMakeFiles/__idf_esp_bms_lvgl_ui.dir/ui_dashboard_fireblade.c.obj
In file included from /vol1/1000/project/esp32BmsGps/components/esp_bms_lvgl_ui/ui_dashboard_fireblade.c:5:
/vol1/1000/project/esp32BmsGps/components/esp_bms_lvgl_ui/esp_bms_lvgl_ui_internal.h:23:20: warning: 'TAG' defined but not used [-Wunused-variable]
   23 | static const char *TAG = "bms_lvgl_ui";
      |                    ^~~
[1550/1705] Building C object esp-idf/esp_bms_lvgl_ui/CMakeFiles/__idf_esp_bms_lvgl_ui.dir/ui_dashboard_speed.c.obj
In file included from /vol1/1000/project/esp32BmsGps/components/esp_bms_lvgl_ui/ui_dashboard_speed.c:5:
/vol1/1000/project/esp32BmsGps/components/esp_bms_lvgl_ui/esp_bms_lvgl_ui_internal.h:23:20: warning: 'TAG' defined but not used [-Wunused-variable]
   23 | static const char *TAG = "bms_lvgl_ui";
      |                    ^~~
[1551/1705] Building C object esp-idf/bt/CMakeFiles/__idf_bt.dir/common/osi/fixed_pkt_queue.c.obj
[1552/1705] Building C object esp-idf/bt/CMakeFiles/__idf_bt.dir/common/osi/mutex.c.obj
[1553/1705] Building C object esp-idf/bt/CMakeFiles/__idf_bt.dir/common/tinycrypt/src/utils.c.obj
[1554/1705] Building C object esp-idf/bt/CMakeFiles/__idf_bt.dir/common/ble_log/deprecated/ble_log_spi_out.c.obj
[1555/1705] Building C object esp-idf/bt/CMakeFiles/__idf_bt.dir/common/osi/semaphore.c.obj
[1556/1705] Building C object esp-idf/esp_bms_display_service/CMakeFiles/__idf_esp_bms_display_service.dir/esp_bms_display_service.c.obj
[1557/1705] Building C object esp-idf/esp_bms_lvgl_ui/CMakeFiles/__idf_esp_bms_lvgl_ui.dir/ui_quick_panel.c.obj
In file included from /vol1/1000/project/esp32BmsGps/components/esp_bms_lvgl_ui/ui_quick_panel.c:5:
/vol1/1000/project/esp32BmsGps/components/esp_bms_lvgl_ui/esp_bms_lvgl_ui_internal.h:23:20: warning: 'TAG' defined but not used [-Wunused-variable]
   23 | static const char *TAG = "bms_lvgl_ui";
      |                    ^~~
[1558/1705] Building C object esp-idf/bt/CMakeFiles/__idf_bt.dir/common/tinycrypt/src/ctr_mode.c.obj
[1559/1705] Building C object esp-idf/bt/CMakeFiles/__idf_bt.dir/common/osi/config.c.obj
[1560/1705] Building C object esp-idf/bt/CMakeFiles/__idf_bt.dir/common/tinycrypt/src/ctr_prng.c.obj
[1561/1705] Building C object esp-idf/bt/CMakeFiles/__idf_bt.dir/common/osi/osi.c.obj
[1562/1705] Building C object esp-idf/bt/CMakeFiles/__idf_bt.dir/common/tinycrypt/src/aes_encrypt.c.obj
[1563/1705] Building C object esp-idf/bt/CMakeFiles/__idf_bt.dir/common/tinycrypt/src/ecc_platform_specific.c.obj
[1564/1705] Building C object esp-idf/bt/CMakeFiles/__idf_bt.dir/common/tinycrypt/src/sha256.c.obj
[1565/1705] Building C object esp-idf/bt/CMakeFiles/__idf_bt.dir/common/tinycrypt/src/hmac_prng.c.obj
[1566/1705] Building C object esp-idf/bt/CMakeFiles/__idf_bt.dir/common/tinycrypt/port/esp_tinycrypt_port.c.obj
[1567/1705] Building C object esp-idf/bt/CMakeFiles/__idf_bt.dir/common/tinycrypt/src/aes_decrypt.c.obj
[1568/1705] Building C object esp-idf/bt/CMakeFiles/__idf_bt.dir/common/tinycrypt/src/hmac.c.obj
[1569/1705] Building C object esp-idf/bt/CMakeFiles/__idf_bt.dir/common/osi/thread.c.obj
[1570/1705] Building C object esp-idf/bt/CMakeFiles/__idf_bt.dir/common/tinycrypt/src/ecc_dh.c.obj
[1571/1705] Building C object esp-idf/bt/CMakeFiles/__idf_bt.dir/common/tinycrypt/src/ecc_dsa.c.obj
[1572/1705] Building C object esp-idf/bt/CMakeFiles/__idf_bt.dir/common/osi/list.c.obj
[1573/1705] Building C object esp-idf/bt/CMakeFiles/__idf_bt.dir/common/tinycrypt/src/cbc_mode.c.obj
[1574/1705] Building C object esp-idf/bt/CMakeFiles/__idf_bt.dir/common/tinycrypt/src/cmac_mode.c.obj
[1575/1705] Building C object esp-idf/esp_bms_ota/CMakeFiles/__idf_esp_bms_ota.dir/esp_bms_ota.c.obj
[1576/1705] Building C object esp-idf/bt/CMakeFiles/__idf_bt.dir/common/tinycrypt/src/ccm_mode.c.obj
[1577/1705] Building C object esp-idf/espressif__freetype/output/CMakeFiles/freetype.dir/src/autofit/autofit.c.obj
[1578/1705] Building C object esp-idf/esp_bms_lvgl_ui/CMakeFiles/__idf_esp_bms_lvgl_ui.dir/ui_settings.c.obj
[1579/1705] Building C object esp-idf/bt/CMakeFiles/__idf_bt.dir/host/nimble/nimble/nimble/host/services/tps/src/ble_svc_tps.c.obj
[1580/1705] Building C object esp-idf/bt/CMakeFiles/__idf_bt.dir/host/nimble/nimble/nimble/host/services/hr/src/ble_svc_hr.c.obj
[1581/1705] Building C object esp-idf/bt/CMakeFiles/__idf_bt.dir/host/nimble/nimble/nimble/host/services/ipss/src/ble_svc_ipss.c.obj
[1582/1705] Linking C static library esp-idf/esp_bms_lvgl_ui/libesp_bms_lvgl_ui.a
[1583/1705] Building C object esp-idf/bt/CMakeFiles/__idf_bt.dir/host/nimble/nimble/nimble/host/util/src/addr.c.obj
[1584/1705] Building C object esp-idf/bt/CMakeFiles/__idf_bt.dir/host/nimble/nimble/nimble/host/services/ias/src/ble_svc_ias.c.obj
[1585/1705] Building C object esp-idf/bt/CMakeFiles/__idf_bt.dir/host/nimble/nimble/nimble/host/services/dis/src/ble_svc_dis.c.obj
[1586/1705] Building C object esp-idf/bt/CMakeFiles/__idf_bt.dir/host/nimble/nimble/nimble/host/services/prox/src/ble_svc_prox.c.obj
[1587/1705] Building C object esp-idf/bt/CMakeFiles/__idf_bt.dir/host/nimble/nimble/nimble/host/services/hid/src/ble_svc_hid.c.obj
[1588/1705] Building C object esp-idf/bt/CMakeFiles/__idf_bt.dir/host/nimble/nimble/nimble/host/services/bas/src/ble_svc_bas.c.obj
[1589/1705] Building C object esp-idf/bt/CMakeFiles/__idf_bt.dir/host/nimble/nimble/nimble/transport/src/transport.c.obj
[1590/1705] Building C object esp-idf/bt/CMakeFiles/__idf_bt.dir/host/nimble/nimble/nimble/host/services/ans/src/ble_svc_ans.c.obj
[1591/1705] Building C object esp-idf/bt/CMakeFiles/__idf_bt.dir/host/nimble/nimble/nimble/host/src/ble_cs.c.obj
[1592/1705] Building C object esp-idf/bt/CMakeFiles/__idf_bt.dir/host/nimble/nimble/nimble/host/services/lls/src/ble_svc_lls.c.obj
[1593/1705] Building C object esp-idf/bt/CMakeFiles/__idf_bt.dir/host/nimble/nimble/nimble/host/services/gatt/src/ble_svc_gatt.c.obj
[1594/1705] Building C object esp-idf/bt/CMakeFiles/__idf_bt.dir/host/nimble/nimble/nimble/host/src/ble_hs_shutdown.c.obj
[1595/1705] Building C object esp-idf/bt/CMakeFiles/__idf_bt.dir/host/nimble/nimble/nimble/host/services/htp/src/ble_svc_htp.c.obj
[1596/1705] Building C object esp-idf/bt/CMakeFiles/__idf_bt.dir/host/nimble/nimble/nimble/host/services/sps/src/ble_svc_sps.c.obj
[1597/1705] Building C object esp-idf/bt/CMakeFiles/__idf_bt.dir/host/nimble/nimble/nimble/host/services/cts/src/ble_svc_cts.c.obj
[1598/1705] Building C object esp-idf/bt/CMakeFiles/__idf_bt.dir/host/nimble/nimble/nimble/host/services/cte/src/ble_svc_cte.c.obj
[1599/1705] Building C object esp-idf/bt/CMakeFiles/__idf_bt.dir/host/nimble/nimble/nimble/host/services/gap/src/ble_svc_gap.c.obj
[1600/1705] Building C object esp-idf/bt/CMakeFiles/__idf_bt.dir/host/nimble/nimble/nimble/host/src/ble_ibeacon.c.obj
[1601/1705] Building C object esp-idf/bt/CMakeFiles/__idf_bt.dir/common/tinycrypt/src/ecc.c.obj
[1602/1705] Building C object esp-idf/espressif__freetype/output/CMakeFiles/freetype.dir/src/base/ftbase.c.obj
[1603/1705] Building C object esp-idf/bt/CMakeFiles/__idf_bt.dir/host/nimble/nimble/nimble/host/src/ble_hs_hci_cmd.c.obj
[1604/1705] Building C object esp-idf/bt/CMakeFiles/__idf_bt.dir/host/nimble/nimble/nimble/host/src/ble_hs_atomic.c.obj
[1605/1705] Building C object esp-idf/bt/CMakeFiles/__idf_bt.dir/host/nimble/nimble/nimble/host/src/ble_store_util.c.obj
[1606/1705] Building C object esp-idf/bt/CMakeFiles/__idf_bt.dir/host/nimble/nimble/nimble/host/src/ble_gatts_lcl.c.obj
[1607/1705] Building C object esp-idf/bt/CMakeFiles/__idf_bt.dir/host/nimble/nimble/nimble/host/src/ble_l2cap_sig_cmd.c.obj
[1608/1705] Building C object esp-idf/bt/CMakeFiles/__idf_bt.dir/host/nimble/nimble/nimble/host/src/ble_hs_mqueue.c.obj
[1609/1705] Building C object esp-idf/bt/CMakeFiles/__idf_bt.dir/host/nimble/nimble/nimble/host/src/ble_sm_alg.c.obj
[1610/1705] Building C object esp-idf/bt/CMakeFiles/__idf_bt.dir/host/nimble/nimble/nimble/host/src/ble_ead.c.obj
[1611/1705] Building C object esp-idf/bt/CMakeFiles/__idf_bt.dir/host/nimble/nimble/nimble/host/services/ras/src/ble_svc_ras.c.obj
[1612/1705] Building C object esp-idf/bt/CMakeFiles/__idf_bt.dir/host/nimble/nimble/nimble/host/src/ble_hs_conn.c.obj
[1613/1705] Building C object esp-idf/bt/CMakeFiles/__idf_bt.dir/host/nimble/nimble/nimble/host/src/ble_hs_id.c.obj
[1614/1705] Building C object esp-idf/bt/CMakeFiles/__idf_bt.dir/host/nimble/nimble/nimble/host/src/ble_hs_periodic_sync.c.obj
[1615/1705] Building C object esp-idf/bt/CMakeFiles/__idf_bt.dir/host/nimble/nimble/nimble/host/src/ble_aes_ccm.c.obj
[1616/1705] Building C object esp-idf/bt/CMakeFiles/__idf_bt.dir/host/nimble/nimble/nimble/host/src/ble_hs_stop.c.obj
[1617/1705] Building C object esp-idf/bt/CMakeFiles/__idf_bt.dir/controller/esp32c3/bt.c.obj
[1618/1705] Building C object esp-idf/bt/CMakeFiles/__idf_bt.dir/host/nimble/nimble/nimble/host/src/ble_sm_lgcy.c.obj
[1619/1705] Building C object esp-idf/bt/CMakeFiles/__idf_bt.dir/host/nimble/nimble/nimble/host/src/ble_hs_cfg.c.obj
[1620/1705] Building C object esp-idf/bt/CMakeFiles/__idf_bt.dir/host/nimble/nimble/nimble/host/src/ble_store.c.obj
[1621/1705] Building C object esp-idf/bt/CMakeFiles/__idf_bt.dir/host/nimble/nimble/nimble/host/src/ble_hs_log.c.obj
[1622/1705] Building C object esp-idf/bt/CMakeFiles/__idf_bt.dir/host/nimble/nimble/nimble/host/src/ble_hs.c.obj
[1623/1705] Building C object esp-idf/bt/CMakeFiles/__idf_bt.dir/host/nimble/nimble/nimble/host/src/ble_hs_hci_evt.c.obj
[1624/1705] Building C object esp-idf/bt/CMakeFiles/__idf_bt.dir/host/nimble/nimble/nimble/host/src/ble_hs_mbuf.c.obj
[1625/1705] Building C object esp-idf/bt/CMakeFiles/__idf_bt.dir/host/nimble/nimble/nimble/host/src/ble_sm_cmd.c.obj
[1626/1705] Building C object esp-idf/bt/CMakeFiles/__idf_bt.dir/host/nimble/nimble/nimble/host/src/ble_l2cap_coc.c.obj
[1627/1705] Building C object esp-idf/bt/CMakeFiles/__idf_bt.dir/host/nimble/nimble/nimble/host/src/ble_hs_flow.c.obj
[1628/1705] Building C object esp-idf/bt/CMakeFiles/__idf_bt.dir/host/nimble/nimble/nimble/host/src/ble_att.c.obj
[1629/1705] Building C object esp-idf/bt/CMakeFiles/__idf_bt.dir/host/nimble/nimble/nimble/host/src/ble_eddystone.c.obj
[1630/1705] Building C object esp-idf/bt/CMakeFiles/__idf_bt.dir/host/nimble/nimble/nimble/host/src/ble_att_clt.c.obj
[1631/1705] Building C object esp-idf/bt/CMakeFiles/__idf_bt.dir/host/nimble/nimble/nimble/host/src/ble_hs_pvcy.c.obj
[1632/1705] Building C object esp-idf/bt/CMakeFiles/__idf_bt.dir/host/nimble/nimble/nimble/host/src/ble_hs_misc.c.obj
[1633/1705] Building C object esp-idf/bt/CMakeFiles/__idf_bt.dir/host/nimble/nimble/nimble/host/src/ble_uuid.c.obj
[1634/1705] Building C object esp-idf/bt/CMakeFiles/__idf_bt.dir/host/nimble/nimble/nimble/host/src/ble_hs_startup.c.obj
[1635/1705] Building C object esp-idf/bt/CMakeFiles/__idf_bt.dir/host/nimble/nimble/nimble/host/src/ble_hs_resolv.c.obj
[1636/1705] Building C object esp-idf/bt/CMakeFiles/__idf_bt.dir/host/nimble/nimble/nimble/host/src/ble_eatt.c.obj
[1637/1705] Building C object esp-idf/bt/CMakeFiles/__idf_bt.dir/host/nimble/nimble/nimble/host/src/ble_l2cap.c.obj
[1638/1705] Building C object esp-idf/bt/CMakeFiles/__idf_bt.dir/host/nimble/nimble/nimble/host/src/ble_l2cap_sig.c.obj
[1639/1705] Building C object esp-idf/bt/CMakeFiles/__idf_bt.dir/host/nimble/nimble/nimble/host/store/ram/src/ble_store_ram.c.obj
[1640/1705] Building C object esp-idf/bt/CMakeFiles/__idf_bt.dir/host/nimble/nimble/nimble/host/src/ble_att_cmd.c.obj
[1641/1705] Building C object esp-idf/bt/CMakeFiles/__idf_bt.dir/host/nimble/nimble/nimble/host/src/ble_gattc_cache.c.obj
[1642/1705] Building C object esp-idf/bt/CMakeFiles/__idf_bt.dir/host/nimble/port/src/nvs_port.c.obj
[1643/1705] Building C object esp-idf/bt/CMakeFiles/__idf_bt.dir/host/nimble/port/src/esp_nimble_mem.c.obj
[1644/1705] Building C object esp-idf/bt/CMakeFiles/__idf_bt.dir/host/nimble/nimble/nimble/host/src/ble_gattc_cache_conn.c.obj
[1645/1705] Building C object esp-idf/bt/CMakeFiles/__idf_bt.dir/host/nimble/nimble/nimble/host/src/ble_sm_sc.c.obj
[1646/1705] Building C object esp-idf/bt/CMakeFiles/__idf_bt.dir/host/nimble/nimble/nimble/host/src/ble_hs_hci_util.c.obj
[1647/1705] Building C object esp-idf/bt/CMakeFiles/__idf_bt.dir/host/nimble/nimble/nimble/host/src/ble_att_svr.c.obj
[1648/1705] Building C object esp-idf/bt/CMakeFiles/__idf_bt.dir/host/nimble/nimble/nimble/host/src/ble_sm.c.obj
[1649/1705] Linking C static library esp-idf/esp_fardriver_protocol/libesp_fardriver_protocol.a
[1650/1705] Building C object esp-idf/bt/CMakeFiles/__idf_bt.dir/host/nimble/nimble/porting/nimble/src/endian.c.obj
[1651/1705] Building C object esp-idf/bt/CMakeFiles/__idf_bt.dir/host/nimble/nimble/porting/npl/freertos/src/nimble_port_freertos.c.obj
[1652/1705] Building C object esp-idf/bt/CMakeFiles/__idf_bt.dir/host/nimble/nimble/nimble/transport/esp_ipc_legacy/src/hci_esp_ipc_legacy.c.obj
[1653/1705] Building C object esp-idf/bt/CMakeFiles/__idf_bt.dir/host/nimble/nimble/porting/nimble/src/os_msys_init.c.obj
[1654/1705] Building C object esp-idf/bt/CMakeFiles/__idf_bt.dir/host/nimble/nimble/nimble/host/src/ble_hs_hci.c.obj
[1655/1705] Building C object esp-idf/bt/CMakeFiles/__idf_bt.dir/host/nimble/nimble/porting/nimble/src/mem.c.obj
[1656/1705] Building C object esp-idf/esp_bms_idf_runtime/CMakeFiles/__idf_esp_bms_idf_runtime.dir/esp_bms_ride_records.c.obj
[1657/1705] Building C object esp-idf/bt/CMakeFiles/__idf_bt.dir/common/btc/profile/esp/blufi/nimble_host/esp_blufi.c.obj
[1658/1705] Building C object esp-idf/bt/CMakeFiles/__idf_bt.dir/host/nimble/esp-hci/src/esp_nimble_hci.c.obj
[1659/1705] Building C object esp-idf/bt/CMakeFiles/__idf_bt.dir/host/nimble/nimble/nimble/host/store/config/src/ble_store_config.c.obj
[1660/1705] Building C object esp-idf/bt/CMakeFiles/__idf_bt.dir/host/nimble/nimble/porting/nimble/src/nimble_port.c.obj
[1661/1705] Building C object esp-idf/esp_bms_idf_runtime/CMakeFiles/__idf_esp_bms_idf_runtime.dir/esp_bms_capacity_estimate.c.obj
[1662/1705] Building C object esp-idf/espressif__freetype/output/CMakeFiles/freetype.dir/src/psaux/psaux.c.obj
[1663/1705] Building C object esp-idf/esp_bms_idf_runtime/CMakeFiles/__idf_esp_bms_idf_runtime.dir/esp_bms_speed_dashboard.c.obj
[1664/1705] Building C object esp-idf/esp_bms_bms_ble/CMakeFiles/__idf_esp_bms_bms_ble.dir/protocols/jbd/esp_bms_jbd_protocol.c.obj
[1665/1705] Building C object esp-idf/bt/CMakeFiles/__idf_bt.dir/host/nimble/nimble/nimble/host/src/ble_hs_adv.c.obj
[1666/1705] Building C object esp-idf/bt/CMakeFiles/__idf_bt.dir/porting/mem/os_mempool.c.obj
[1667/1705] Building C object esp-idf/esp_bms_bms_ble/CMakeFiles/__idf_esp_bms_bms_ble.dir/protocols/yanyang/esp_bms_yanyang_protocol.c.obj
[1668/1705] Building C object esp-idf/bt/CMakeFiles/__idf_bt.dir/host/nimble/nimble/nimble/host/store/config/src/ble_store_nvs.c.obj
[1669/1705] Building C object esp-idf/espressif__freetype/output/CMakeFiles/freetype.dir/src/truetype/truetype.c.obj
[1670/1705] Building C object esp-idf/bt/CMakeFiles/__idf_bt.dir/host/nimble/nimble/nimble/host/src/ble_gatts.c.obj
[1671/1705] Building C object esp-idf/bt/CMakeFiles/__idf_bt.dir/host/nimble/nimble/porting/npl/freertos/src/npl_os_freertos.c.obj
[1672/1705] Building C object esp-idf/esp_bms_bms_ble/CMakeFiles/__idf_esp_bms_bms_ble.dir/protocols/ant/esp_bms_ant_protocol.c.obj
[1673/1705] Building C object esp-idf/esp_bms_bms_ble/CMakeFiles/__idf_esp_bms_bms_ble.dir/protocols/daly/esp_bms_daly_protocol.c.obj
[1674/1705] Building C object esp-idf/esp_bms_bms_ble/CMakeFiles/__idf_esp_bms_bms_ble.dir/protocols/jk/esp_bms_jk_protocol.c.obj
[1675/1705] Building C object esp-idf/bt/CMakeFiles/__idf_bt.dir/host/nimble/nimble/porting/nimble/src/os_mbuf.c.obj
[1676/1705] Building C object esp-idf/bt/CMakeFiles/__idf_bt.dir/host/nimble/nimble/nimble/host/src/ble_gap.c.obj
[1677/1705] Building C object esp-idf/esp_bms_controller_ble/CMakeFiles/__idf_esp_bms_controller_ble.dir/esp_bms_controller_ble.c.obj
[1678/1705] Building C object esp-idf/bt/CMakeFiles/__idf_bt.dir/host/nimble/nimble/nimble/host/src/ble_gattc.c.obj
[1679/1705] Building C object esp-idf/espressif__freetype/output/CMakeFiles/freetype.dir/src/sfnt/sfnt.c.obj
[1680/1705] Linking C static library esp-idf/bt/libbt.a
[1681/1705] Linking CXX static library esp-idf/espressif__freetype/output/libfreetype.a
[1682/1705] Linking C static library esp-idf/espressif__esp_lvgl_adapter/libespressif__esp_lvgl_adapter.a
[1683/1705] Linking C static library esp-idf/esp_bms_lvgl_bridge/libesp_bms_lvgl_bridge.a
[1684/1705] Linking C static library esp-idf/esp_bms_display_service/libesp_bms_display_service.a
[1685/1705] Linking C static library esp-idf/esp_bms_ota/libesp_bms_ota.a
[1686/1705] Building C object esp-idf/esp_bms_bms_ble/CMakeFiles/__idf_esp_bms_bms_ble.dir/esp_bms_bms_ble.c.obj
[1687/1705] Building C object esp-idf/esp_bms_idf_runtime/CMakeFiles/__idf_esp_bms_idf_runtime.dir/esp_bms_idf_runtime.c.obj
[1688/1705] Performing build step for 'bootloader'
[1/153] Building C object esp-idf/log/CMakeFiles/__idf_log.dir/src/noos/log_lock.c.obj
[2/153] Building C object esp-idf/esp_rom/CMakeFiles/__idf_esp_rom.dir/patches/esp_rom_crc.c.obj
[3/153] Building ASM object esp-idf/esp_rom/CMakeFiles/__idf_esp_rom.dir/patches/esp_rom_cache_writeback_esp32s3.S.obj
[4/153] Building C object esp-idf/log/CMakeFiles/__idf_log.dir/src/noos/util.c.obj
[5/153] Building C object esp-idf/log/CMakeFiles/__idf_log.dir/src/log_timestamp_common.c.obj
[6/153] Building ASM object esp-idf/esp_rom/CMakeFiles/__idf_esp_rom.dir/patches/esp_rom_longjmp.S.obj
[7/153] Building C object esp-idf/esp_rom/CMakeFiles/__idf_esp_rom.dir/patches/esp_rom_efuse.c.obj
[8/153] Building C object esp-idf/esp_rom/CMakeFiles/__idf_esp_rom.dir/patches/esp_rom_gpio.c.obj
[9/153] Building C object esp-idf/esp_rom/CMakeFiles/__idf_esp_rom.dir/patches/esp_rom_systimer.c.obj
[10/153] Building C object esp-idf/log/CMakeFiles/__idf_log.dir/src/noos/log_timestamp.c.obj
[11/153] Building C object esp-idf/log/CMakeFiles/__idf_log.dir/src/util.c.obj
[12/153] Building C object esp-idf/esp_hw_support/CMakeFiles/__idf_esp_hw_support.dir/port/esp32s3/esp_cpu_intr.c.obj
[13/153] Building C object esp-idf/log/CMakeFiles/__idf_log.dir/src/log.c.obj
[14/153] Building C object esp-idf/log/CMakeFiles/__idf_log.dir/src/log_print.c.obj
[15/153] Building C object esp-idf/esp_rom/CMakeFiles/__idf_esp_rom.dir/patches/esp_rom_serial_output.c.obj
[16/153] Building C object esp-idf/log/CMakeFiles/__idf_log.dir/src/log_format_text.c.obj
[17/153] Building C object esp-idf/esp_rom/CMakeFiles/__idf_esp_rom.dir/patches/esp_rom_sys.c.obj
[18/153] Building C object esp-idf/esp_hw_support/CMakeFiles/__idf_esp_hw_support.dir/port/esp32s3/cpu_region_protect.c.obj
[19/153] Building C object esp-idf/esp_rom/CMakeFiles/__idf_esp_rom.dir/patches/esp_rom_cache_esp32s2_esp32s3.c.obj
[20/153] Building C object esp-idf/esp_common/CMakeFiles/__idf_esp_common.dir/src/esp_err_to_name.c.obj
[21/153] Building C object esp-idf/esp_rom/CMakeFiles/__idf_esp_rom.dir/patches/esp_rom_spiflash.c.obj
[22/153] Building C object esp-idf/esp_hw_support/CMakeFiles/__idf_esp_hw_support.dir/port/esp32s3/rtc_clk_init.c.obj
[23/153] Building C object esp-idf/esp_hw_support/CMakeFiles/__idf_esp_hw_support.dir/esp_memory_utils.c.obj
[24/153] Building C object esp-idf/efuse/CMakeFiles/__idf_efuse.dir/esp32s3/esp_efuse_fields.c.obj
[25/153] Building C object esp-idf/log/CMakeFiles/__idf_log.dir/src/buffer/log_buffers.c.obj
[26/153] Building C object esp-idf/esp_hw_support/CMakeFiles/__idf_esp_hw_support.dir/port/esp32s3/chip_info.c.obj
[27/153] Building C object esp-idf/esp_system/CMakeFiles/__idf_esp_system.dir/esp_err.c.obj
[28/153] Building C object esp-idf/efuse/CMakeFiles/__idf_efuse.dir/esp32s3/esp_efuse_table.c.obj
[29/153] Building C object esp-idf/esp_hw_support/CMakeFiles/__idf_esp_hw_support.dir/cpu.c.obj
[30/153] Linking C static library esp-idf/log/liblog.a
[31/153] Building C object esp-idf/efuse/CMakeFiles/__idf_efuse.dir/esp32s3/esp_efuse_rtc_calib.c.obj
[32/153] Building C object esp-idf/bootloader_support/CMakeFiles/__idf_bootloader_support.dir/src/bootloader_mem.c.obj
[33/153] Building C object esp-idf/bootloader_support/CMakeFiles/__idf_bootloader_support.dir/src/bootloader_random.c.obj
[34/153] Building C object esp-idf/bootloader_support/CMakeFiles/__idf_bootloader_support.dir/src/bootloader_clock_init.c.obj
[35/153] Building C object esp-idf/bootloader_support/CMakeFiles/__idf_bootloader_support.dir/src/bootloader_efuse.c.obj
[36/153] Building C object esp-idf/efuse/CMakeFiles/__idf_efuse.dir/src/esp_efuse_fields.c.obj
[37/153] Building C object esp-idf/bootloader_support/CMakeFiles/__idf_bootloader_support.dir/src/secure_boot.c.obj
[38/153] Building C object esp-idf/bootloader_support/CMakeFiles/__idf_bootloader_support.dir/src/bootloader_clock_loader.c.obj
[39/153] Building C object esp-idf/efuse/CMakeFiles/__idf_efuse.dir/esp32s3/esp_efuse_utility.c.obj
[40/153] Building C object esp-idf/esp_hw_support/CMakeFiles/__idf_esp_hw_support.dir/port/esp32s3/rtc_sleep.c.obj
[41/153] Building C object esp-idf/esp_hw_support/CMakeFiles/__idf_esp_hw_support.dir/port/esp32s3/rtc_clk.c.obj
[42/153] Building C object esp-idf/esp_hw_support/CMakeFiles/__idf_esp_hw_support.dir/port/esp32s3/rtc_init.c.obj
[43/153] Building C object esp-idf/efuse/CMakeFiles/__idf_efuse.dir/src/esp_efuse_utility.c.obj
[44/153] Building C object esp-idf/bootloader_support/CMakeFiles/__idf_bootloader_support.dir/src/bootloader_common_loader.c.obj
[45/153] Building C object esp-idf/efuse/CMakeFiles/__idf_efuse.dir/src/esp_efuse_api.c.obj
[46/153] Building C object esp-idf/bootloader_support/CMakeFiles/__idf_bootloader_support.dir/src/bootloader_console_loader.c.obj
[47/153] Building C object esp-idf/bootloader_support/CMakeFiles/__idf_bootloader_support.dir/src/bootloader_sha.c.obj
[48/153] Building C object esp-idf/bootloader_support/CMakeFiles/__idf_bootloader_support.dir/src/flash_encrypt.c.obj
[49/153] Building C object esp-idf/esp_security/CMakeFiles/__idf_esp_security.dir/src/esp_crypto_lock.c.obj
[50/153] Building C object esp-idf/bootloader_support/CMakeFiles/__idf_bootloader_support.dir/src/flash_partitions.c.obj
[51/153] Building C object esp-idf/esp_hal_ana_conv/CMakeFiles/__idf_esp_hal_ana_conv.dir/esp32s3/adc_periph.c.obj
[52/153] Building C object esp-idf/bootloader_support/CMakeFiles/__idf_bootloader_support.dir/src/esp32s3/bootloader_soc.c.obj
[53/153] Building C object esp-idf/efuse/CMakeFiles/__idf_efuse.dir/src/efuse_controller/keys/with_key_purposes/esp_efuse_api_key.c.obj
[54/153] Building C object esp-idf/bootloader_support/CMakeFiles/__idf_bootloader_support.dir/src/bootloader_common.c.obj
[55/153] Building C object esp-idf/bootloader_support/CMakeFiles/__idf_bootloader_support.dir/src/bootloader_panic.c.obj
[56/153] Building C object esp-idf/esp_hw_support/CMakeFiles/__idf_esp_hw_support.dir/port/esp32s3/rtc_time.c.obj
[57/153] Building C object esp-idf/esp_rom/CMakeFiles/__idf_esp_rom.dir/patches/esp_rom_print.c.obj
[58/153] Building C object esp-idf/esp_hal_security/CMakeFiles/__idf_esp_hal_security.dir/mpu_hal.c.obj
[59/153] Building C object esp-idf/bootloader_support/CMakeFiles/__idf_bootloader_support.dir/src/bootloader_random_esp32s3.c.obj
[60/153] Building C object esp-idf/bootloader_support/CMakeFiles/__idf_bootloader_support.dir/src/bootloader_console.c.obj
[61/153] Building C object esp-idf/esp_hal_ana_conv/CMakeFiles/__idf_esp_hal_ana_conv.dir/esp32s3/temperature_sensor_periph.c.obj
[62/153] Building C object esp-idf/esp_security/CMakeFiles/__idf_esp_security.dir/src/esp_crypto_periph_clk.c.obj
[63/153] Building C object esp-idf/esp_hal_uart/CMakeFiles/__idf_esp_hal_uart.dir/esp32s3/uart_periph.c.obj
[64/153] Building C object esp-idf/esp_hal_wdt/CMakeFiles/__idf_esp_hal_wdt.dir/esp32s3/mwdt_periph.c.obj
[65/153] Building C object esp-idf/bootloader_support/CMakeFiles/__idf_bootloader_support.dir/src/bootloader_init.c.obj
[66/153] Linking C static library esp-idf/esp_rom/libesp_rom.a
[67/153] Building C object esp-idf/bootloader_support/CMakeFiles/__idf_bootloader_support.dir/bootloader_flash/src/bootloader_flash_config_esp32s3.c.obj
[68/153] Building C object esp-idf/esp_hal_uart/CMakeFiles/__idf_esp_hal_uart.dir/uhci_hal.c.obj
[69/153] Building C object esp-idf/esp_bootloader_format/CMakeFiles/__idf_esp_bootloader_format.dir/esp_bootloader_desc.c.obj
[70/153] Building C object esp-idf/esp_hal_ana_conv/CMakeFiles/__idf_esp_hal_ana_conv.dir/temperature_sensor_hal.c.obj
[71/153] Building C object esp-idf/bootloader_support/CMakeFiles/__idf_bootloader_support.dir/bootloader_flash/src/flash_qio_mode.c.obj
[72/153] Building C object esp-idf/bootloader_support/CMakeFiles/__idf_bootloader_support.dir/src/esp32s3/bootloader_esp32s3.c.obj
[73/153] Linking C static library esp-idf/esp_common/libesp_common.a
[74/153] Building C object esp-idf/esp_hal_ana_conv/CMakeFiles/__idf_esp_hal_ana_conv.dir/adc_oneshot_hal.c.obj
[75/153] Building C object esp-idf/esp_hal_timg/CMakeFiles/__idf_esp_hal_timg.dir/esp32s3/timer_periph.c.obj
[76/153] Building C object esp-idf/esp_hal_wdt/CMakeFiles/__idf_esp_hal_wdt.dir/rom_patch.c.obj
[77/153] Building C object esp-idf/bootloader_support/CMakeFiles/__idf_bootloader_support.dir/bootloader_flash/src/bootloader_flash.c.obj
[78/153] Building C object esp-idf/esp_hal_timg/CMakeFiles/__idf_esp_hal_timg.dir/timer_hal.c.obj
[79/153] Building C object esp-idf/esp_hal_gpspi/CMakeFiles/__idf_esp_hal_gpspi.dir/esp32s3/spi_periph.c.obj
[80/153] Building C object esp-idf/esp_hal_wdt/CMakeFiles/__idf_esp_hal_wdt.dir/xt_wdt_hal.c.obj
[81/153] Building C object esp-idf/esp_hal_ana_conv/CMakeFiles/__idf_esp_hal_ana_conv.dir/adc_hal_common.c.obj
[82/153] Linking C static library esp-idf/esp_hw_support/libesp_hw_support.a
[83/153] Building C object esp-idf/esp_hal_uart/CMakeFiles/__idf_esp_hal_uart.dir/uart_hal_iram.c.obj
[84/153] Building C object esp-idf/esp_hal_gpspi/CMakeFiles/__idf_esp_hal_gpspi.dir/spi_slave_hal.c.obj
[85/153] Building C object esp-idf/esp_hal_ana_conv/CMakeFiles/__idf_esp_hal_ana_conv.dir/adc_hal.c.obj
[86/153] Building C object esp-idf/spi_flash/CMakeFiles/__idf_spi_flash.dir/spi_flash_wrap.c.obj
[87/153] Building C object esp-idf/esp_hal_dma/CMakeFiles/__idf_esp_hal_dma.dir/gdma_hal_top.c.obj
[88/153] Building C object esp-idf/esp_hal_usb/CMakeFiles/__idf_esp_hal_usb.dir/esp32s3/usb_dwc_periph.c.obj
[89/153] Linking C static library esp-idf/esp_system/libesp_system.a
[90/153] Building C object esp-idf/esp_hal_gpio/CMakeFiles/__idf_esp_hal_gpio.dir/esp32s3/dedic_gpio_periph.c.obj
[91/153] Building C object esp-idf/esp_hal_pmu/CMakeFiles/__idf_esp_hal_pmu.dir/brownout_hal.c.obj
[92/153] Building C object esp-idf/esp_hal_dma/CMakeFiles/__idf_esp_hal_dma.dir/esp32s3/gdma_periph.c.obj
[93/153] Building C object esp-idf/bootloader_support/CMakeFiles/__idf_bootloader_support.dir/src/bootloader_utility.c.obj
[94/153] Building C object esp-idf/esp_hal_gpio/CMakeFiles/__idf_esp_hal_gpio.dir/sdm_hal.c.obj
[95/153] Building C object esp-idf/esp_hal_gpio/CMakeFiles/__idf_esp_hal_gpio.dir/esp32s3/rtc_io_periph.c.obj
[96/153] Building C object esp-idf/esp_hal_gpspi/CMakeFiles/__idf_esp_hal_gpspi.dir/spi_hal.c.obj
[97/153] Building C object esp-idf/esp_hal_usb/CMakeFiles/__idf_esp_hal_usb.dir/usb_wrap_hal.c.obj
[98/153] Building C object esp-idf/esp_hal_gpspi/CMakeFiles/__idf_esp_hal_gpspi.dir/spi_slave_hal_iram.c.obj
[99/153] Building C object esp-idf/esp_hal_gpio/CMakeFiles/__idf_esp_hal_gpio.dir/esp32s3/sdm_periph.c.obj
[100/153] Building C object esp-idf/esp_hal_uart/CMakeFiles/__idf_esp_hal_uart.dir/uart_hal.c.obj
[101/153] Linking C static library esp-idf/efuse/libefuse.a
[102/153] Building C object esp-idf/esp_hal_usb/CMakeFiles/__idf_esp_hal_usb.dir/usb_serial_jtag_hal.c.obj
[103/153] Building C object esp-idf/esp_hal_clock/CMakeFiles/__idf_esp_hal_clock.dir/esp32s3/clk_tree_hal.c.obj
[104/153] Building C object esp-idf/esp_hal_pmu/CMakeFiles/__idf_esp_hal_pmu.dir/esp32s3/rtc_cntl_hal.c.obj
[105/153] Building C object esp-idf/bootloader_support/CMakeFiles/__idf_bootloader_support.dir/src/esp_image_format.c.obj
[106/153] Building C object esp-idf/esp_hal_gpio/CMakeFiles/__idf_esp_hal_gpio.dir/gpio_hal.c.obj
[107/153] Building C object esp-idf/soc/CMakeFiles/__idf_soc.dir/esp32s3/gpio_periph.c.obj
[108/153] Building C object esp-idf/soc/CMakeFiles/__idf_soc.dir/esp32s3/mpi_periph.c.obj
[109/153] Building C object esp-idf/soc/CMakeFiles/__idf_soc.dir/esp32s3/interrupts.c.obj
[110/153] Building C object esp-idf/xtensa/CMakeFiles/__idf_xtensa.dir/eri.c.obj
[111/153] Preprocessing linker script /vol1/1000/toolchains/esp-idf-v6.0.2/components/bootloader/subproject/main/ld/esp32s3/bootloader.memory.ld.in -> /tmp/esp32-bms-gps-idf-builds/1000/esp32s3-n16r8-st7796u-gt1151/idf-build/bootloader/ld/bootloader.memory.ld
[112/153] Building C object esp-idf/esp_hal_gpio/CMakeFiles/__idf_esp_hal_gpio.dir/rtc_io_hal.c.obj
[113/153] Building C object esp-idf/soc/CMakeFiles/__idf_soc.dir/dport_access_common.c.obj
[114/153] Building C object esp-idf/soc/CMakeFiles/__idf_soc.dir/esp32s3/power_supply_periph.c.obj
[115/153] Generating project_elf_src_esp32s3.c
[116/153] Preprocessing linker script /vol1/1000/toolchains/esp-idf-v6.0.2/components/bootloader/subproject/main/ld/esp32s3/bootloader.sections.ld.in -> /tmp/esp32-bms-gps-idf-builds/1000/esp32s3-n16r8-st7796u-gt1151/idf-build/bootloader/ld/bootloader.sections.ld
[117/153] Building C object esp-idf/esp_hal_dma/CMakeFiles/__idf_esp_hal_dma.dir/gdma_hal_ahb_v1.c.obj
[118/153] Building C object esp-idf/soc/CMakeFiles/__idf_soc.dir/lldesc.c.obj
[119/153] Building C object esp-idf/hal/CMakeFiles/__idf_hal.dir/efuse_hal.c.obj
[120/153] Building C object CMakeFiles/bootloader.elf.dir/project_elf_src_esp32s3.c.obj
[121/153] Linking C static library esp-idf/bootloader_support/libbootloader_support.a
[122/153] Building C object esp-idf/hal/CMakeFiles/__idf_hal.dir/hal_utils.c.obj
[123/153] Building C object esp-idf/xtensa/CMakeFiles/__idf_xtensa.dir/xt_trax.c.obj
[124/153] Building C object esp-idf/hal/CMakeFiles/__idf_hal.dir/esp32s3/efuse_hal.c.obj
[125/153] Linking C static library esp-idf/esp_security/libesp_security.a
[126/153] Building C object esp-idf/hal/CMakeFiles/__idf_hal.dir/mmu_hal.c.obj
[127/153] Building C object esp-idf/main/CMakeFiles/__idf_main.dir/bootloader_start.c.obj
[128/153] Linking C static library esp-idf/esp_hal_security/libesp_hal_security.a
[129/153] Building C object esp-idf/hal/CMakeFiles/__idf_hal.dir/cache_hal.c.obj
[130/153] Linking C static library esp-idf/esp_hal_ana_conv/libesp_hal_ana_conv.a
[131/153] Building C object esp-idf/esp_hal_usb/CMakeFiles/__idf_esp_hal_usb.dir/usb_dwc_hal.c.obj
[132/153] Linking C static library esp-idf/esp_hal_uart/libesp_hal_uart.a
[133/153] Linking C static library esp-idf/esp_hal_wdt/libesp_hal_wdt.a
[134/153] Linking C static library esp-idf/esp_hal_timg/libesp_hal_timg.a
[135/153] Building C object esp-idf/esp_hal_gpspi/CMakeFiles/__idf_esp_hal_gpspi.dir/spi_hal_iram.c.obj
[136/153] Building C object esp-idf/esp_hal_gpspi/CMakeFiles/__idf_esp_hal_gpspi.dir/spi_slave_hd_hal.c.obj
[137/153] Building C object esp-idf/micro-ecc/CMakeFiles/__idf_micro-ecc.dir/uECC_verify_antifault.c.obj
[138/153] Linking C static library esp-idf/micro-ecc/libmicro-ecc.a
[139/153] Linking C static library esp-idf/esp_bootloader_format/libesp_bootloader_format.a
[140/153] Linking C static library esp-idf/spi_flash/libspi_flash.a
[141/153] Linking C static library esp-idf/esp_hal_clock/libesp_hal_clock.a
[142/153] Linking C static library esp-idf/esp_hal_gpspi/libesp_hal_gpspi.a
[143/153] Linking C static library esp-idf/esp_hal_dma/libesp_hal_dma.a
[144/153] Linking C static library esp-idf/esp_hal_pmu/libesp_hal_pmu.a
[145/153] Linking C static library esp-idf/esp_hal_usb/libesp_hal_usb.a
[146/153] Linking C static library esp-idf/esp_hal_gpio/libesp_hal_gpio.a
[147/153] Linking C static library esp-idf/hal/libhal.a
[148/153] Linking C static library esp-idf/soc/libsoc.a
[149/153] Linking C static library esp-idf/xtensa/libxtensa.a
[150/153] Linking C static library esp-idf/main/libmain.a
[151/153] Linking C executable bootloader.elf
[152/153] Generating binary image from built executable
esptool v5.3.1
Creating ESP32-S3 image...
Merged 2 ELF sections.
Successfully created ESP32-S3 image.
Generated /tmp/esp32-bms-gps-idf-builds/1000/esp32s3-n16r8-st7796u-gt1151/idf-build/bootloader/bootloader.bin
[153/153] cd /tmp/esp32-bms-gps-idf-builds/1000/esp32s3-n16r8-st7796u-gt1151/idf-build/bootloader && /vol1/1000/toolchains/.espressif-v6.0.2/python_env/idf6.0_py3.11_env/bin/python /vol1/1000/toolchains/esp-idf-v6.0.2/components/partition_table/check_sizes.py --offset 0x8000 bootloader 0x0 /tmp/esp32-bms-gps-idf-builds/1000/esp32s3-n16r8-st7796u-gt1151/idf-build/bootloader/bootloader.bin
Bootloader binary size 0x4de0 bytes. 0x3220 bytes (39%) free.
[1689/1705] No install step for 'bootloader'
[1690/1705] Linking C static library esp-idf/esp_bms_idf_runtime/libesp_bms_idf_runtime.a
[1691/1705] Linking C static library esp-idf/esp_bms_controller_ble/libesp_bms_controller_ble.a
[1692/1705] Linking C static library esp-idf/esp_bms_bms_ble/libesp_bms_bms_ble.a
[1693/1705] Completed 'bootloader'
[1694/1705] Generating ../../index.html.S
[1695/1705] Building ASM object esp-idf/esp_bms_network/CMakeFiles/__idf_esp_bms_network.dir/__/__/index.html.S.obj
[1696/1705] Building C object esp-idf/main/CMakeFiles/__idf_main.dir/esp_bms_module_registry.c.obj
[1697/1705] Building C object esp-idf/esp_bms_network/CMakeFiles/__idf_esp_bms_network.dir/esp_bms_network.c.obj
[1698/1705] Linking C static library esp-idf/esp_bms_network/libesp_bms_network.a
[1699/1705] Building C object esp-idf/main/CMakeFiles/__idf_main.dir/idf_main.c.obj
[1700/1705] Linking C static library esp-idf/main/libmain.a
[1701/1705] Generating esp-idf/esp_system/ld/sections.ld
NOTE: 
/vol1/1000/toolchains/esp-idf-v6.0.2/components/bt/host/nimble/Kconfig.in:1421: 
BT_NIMBLE_MESH_PROVISIONER: 'default 0' is not a valid bool value (only 'y' and 
'n' are allowed). Value is treated as 'n'.
[1702/1705] Building C object CMakeFiles/esp32_bms_gps_idf.elf.dir/project_elf_src_esp32s3.c.obj
[1703/1705] Linking CXX executable esp32_bms_gps_idf.elf
[1704/1705] Generating binary image from built executable
esptool v5.3.1
Creating ESP32-S3 image...
Merged 3 ELF sections.
Successfully created ESP32-S3 image.
Generated /tmp/esp32-bms-gps-idf-builds/1000/esp32s3-n16r8-st7796u-gt1151/idf-build/esp32_bms_gps_idf.bin
[1705/1705] cd /tmp/esp32-bms-gps-idf-builds/1000/esp32s3-n16r8-st7796u-gt1151/idf-build && /vol1/1000/toolchains/.espressif-v6.0.2/python_env/idf6.0_py3.11_env/bin/python /vol1/1000/toolchains/esp-idf-v6.0.2/components/partition_table/check_sizes.py --offset 0x8000 partition --type app /tmp/esp32-bms-gps-idf-builds/1000/esp32s3-n16r8-st7796u-gt1151/idf-build/partition_table/partition-table.bin /tmp/esp32-bms-gps-idf-builds/1000/esp32s3-n16r8-st7796u-gt1151/idf-build/esp32_bms_gps_idf.bin
esp32_bms_gps_idf.bin binary size 0x18f4a0 bytes. Smallest app partition is 0x600000 bytes. 0x470b60 bytes (74%) free.

Project build complete. To flash, run:
 idf.py flash
or
 idf.py -p PORT flash
or
 python -m esptool --chip esp32s3 -b 460800 --before default-reset --after hard-reset write-flash --flash-mode dio --flash-size 16MB --flash-freq 80m 0x0 ../idf-build/bootloader/bootloader.bin 0x8000 ../idf-build/partition_table/partition-table.bin 0xd000 ../idf-build/ota_data_initial.bin 0x10000 ../idf-build/esp32_bms_gps_idf.bin
or from the "/tmp/esp32-bms-gps-idf-builds/1000/esp32s3-n16r8-st7796u-gt1151/idf-build" directory
 python -m esptool --chip esp32s3 -b 460800 --before default-reset --after hard-reset write-flash "@flash_args"
